element_type,osmid,amenity,name,name:de,religion,website,geometry,created_by,denomination,wheelchair,addr:city,addr:housenumber,addr:postcode,addr:street,name:zh,nodes,building,wikipedia,heritage,start_date,addr:country,wikidata,opening_hours,operator,wheelchair:description,note,addr:suburb,service_times
node,276493370,place_of_worship,Kirche mittendrin,Kirche mittendrin,christian,http://k-mittendrin.de,POINT (7.7755472 49.4408695),,,,,,,,,,,,,,,,,,,,,
node,358482723,place_of_worship,St. Konrad,,christian,,POINT (7.740448 49.4419239),Potlatch 0.10f,roman_catholic,,,,,,,,,,,,,,,,,,,
node,1442512871,place_of_worship,Katholische Kirche,,christian,,POINT (7.6886002 49.4652074),,roman_catholic,limited,,,,,,,,,,,,,,,,,,
node,2058612085,place_of_worship,Hoffnungskirche,,christian,,POINT (7.7081549 49.4218965),,evangelical,,,,,,,,,,,,,,,,,,,
node,2320676437,place_of_worship,City Mission,,christian,,POINT (7.7420416 49.4412365),,,,,,,,,,,,,,,,,,,,,
node,2344738284,place_of_worship,Evangelische Freikirche,,christian,,POINT (7.7626106 49.4406191),,evangelical,no,,,,,,,,,,,,,,,,,,
node,2345182961,place_of_worship,Stadtmission Kaiserslautern,,christian,,POINT (7.7647966 49.4455127),,,limited,Kaiserslautern,1,67659,Brüderstraße,,,,,,,,,,,,,,
node,2722457685,place_of_worship,Ditib Fatih Moschee e.V.,,muslim,http://www.ditib-kaiserslautern.de/,POINT (7.7666108 49.4406024),,,,,,,,,,,,,,,,,,,,,
node,2722457697,place_of_worship,Islamisches Zentrum Kaiserslautern e.V.,,muslim,http://izkl.de/,POINT (7.7601589 49.4437536),,,no,,,,,,,,,,,,,,,,,,
node,3373776193,place_of_worship,Christian Science,,christian,http://cs-kaiserslautern.blogspot.de/,POINT (7.7582788 49.4435229),,christ_scientist,no,,,,,,,,,,,,,,,,,,
node,3522346146,place_of_worship,CVJM Kaiserslautern,,christian,,POINT (7.7646866 49.4420998),,,no,,,,,,,,,,,,,,,,,,
node,3708729814,place_of_worship,Chinesisch Christliche Gemeinde,,christian,,POINT (7.7752168 49.440879),,,,,,,,凯泽斯劳滕华人基督教会,,,,,,,,,,,,,
node,10282379996,place_of_worship,Prot. Kirche,,christian,,POINT (7.758208 49.4693624),,,,,,,,,,,,,,,,,,,,,
way,30650712,place_of_worship,St. Martin,,christian,,"POLYGON ((7.7721272 49.4458471, 7.7722099 49.4457207, 7.7725274 49.4458239, 7.7725624 49.4457799, 7.7726535 49.4458052, 7.7727605 49.44582, 7.7727509 49.445859, 7.7728651 49.4458726, 7.7728865 49.4459047, 7.7728824 49.4459422, 7.7728302 49.4459607, 7.7725673 49.4459194, 7.7725174 49.4459702, 7.7723728 49.4459246, 7.7721272 49.4458471))",,roman_catholic,limited,Kaiserslautern,5,67657,St.-Martins-Platz,,"[338971056, 338971058, 338971545, 1110285148, 1110285597, 1110285263, 1110285716, 1091099125, 1110285198, 1091098968, 1091099112, 338971546, 1091099057, 1355761206, 338971056]",church,de:Martinskirche (Kaiserslautern),,,,,,,,,,
way,30694384,place_of_worship,Prot. Kirche Morlautern,,christian,,"POLYGON ((7.7615284 49.4691668, 7.7614608 49.4690008, 7.7616069 49.4689756, 7.7616338 49.4690418, 7.761667 49.4691232, 7.7617372 49.4691111, 7.7617619 49.4691718, 7.7615727 49.4692043, 7.7615555 49.4691622, 7.7615284 49.4691668))",,,,,,,,,"[339424470, 339424474, 339424479, 1771323932, 339424482, 339424484, 339424485, 1771323966, 1771323956, 339424470]",yes,,yes,1929,,,,,,,,
way,30709100,place_of_worship,St. Bartholomäus,,christian,,"POLYGON ((7.7662637 49.4675899, 7.7662859 49.4674437, 7.7662641 49.4674423, 7.7662838 49.4673126, 7.7663529 49.467317, 7.766354 49.4673099, 7.7664991 49.4673192, 7.766498 49.4673265, 7.766529 49.4673284, 7.766526 49.4673487, 7.7665458 49.46735, 7.7665382 49.4674003, 7.7665192 49.4673991, 7.766488 49.4676043, 7.7664108 49.4675993, 7.7664082 49.4676161, 7.7663762 49.4676141, 7.7663407 49.4676118, 7.7663433 49.467595, 7.7662637 49.4675899))",,catholic,,Kaiserslautern,4,67659,Am Höfchen,,"[339623023, 1054095820, 1054095222, 339623030, 1771323805, 1771323803, 1771323806, 1771323808, 339623033, 1054096394, 1054095692, 1054094905, 1054095040, 339623026, 1054095489, 1054096334, 1096217010, 1054095660, 1054094846, 339623023]",yes,,yes,1927,,,,,,,,
way,30753651,place_of_worship,Marienkirche,,christian,https://www.kirchen-in-kl.de/e8/e163/e13576/e13577/e13931/,"POLYGON ((7.7612746 49.4417068, 7.7612863 49.4417024, 7.7613077 49.4417137, 7.7612978 49.4417199, 7.7613119 49.4417283, 7.7613199 49.441721, 7.7613746 49.4417536, 7.7613623 49.4417628, 7.761343 49.4417531, 7.7613303 49.4417623, 7.7613473 49.4417734, 7.7613324 49.4417841, 7.7613444 49.4417922, 7.7613614 49.4417798, 7.7614447 49.4418275, 7.7614275 49.4418399, 7.7614395 49.4418463, 7.7614541 49.441834, 7.7614731 49.4418452, 7.7614855 49.4418358, 7.7614664 49.4418247, 7.7614786 49.4418153, 7.7615381 49.4418504, 7.7615231 49.4418628, 7.7615353 49.4418692, 7.7615498 49.4418567, 7.7615999 49.4418854, 7.7615826 49.4418962, 7.761597 49.4419043, 7.7616117 49.4418933, 7.7616617 49.441922, 7.7616469 49.4419329, 7.7616587 49.4419408, 7.7616758 49.4419298, 7.7617257 49.4419586, 7.7617109 49.4419695, 7.7617229 49.4419774, 7.7617375 49.4419665, 7.7617875 49.4419937, 7.7617727 49.4420045, 7.7618108 49.4420252, 7.7618426 49.4420021, 7.761826 49.4419925, 7.7618578 49.4419694, 7.7618745 49.4419789, 7.7618867 49.441968, 7.7619463 49.4420017, 7.7619313 49.4420122, 7.7619526 49.4420252, 7.7619675 49.4420142, 7.7619819 49.4420239, 7.7620017 49.4420098, 7.7619847 49.4420006, 7.7620383 49.4419619, 7.7620531 49.4419713, 7.7620696 49.4419572, 7.7620555 49.4419478, 7.7620679 49.4419383, 7.762049 49.4419258, 7.7620344 49.4419366, 7.7619773 49.4419032, 7.7619921 49.4418938, 7.7619754 49.4418844, 7.7620073 49.4418612, 7.762024 49.4418707, 7.7620557 49.4418459, 7.7620176 49.4418237, 7.7620028 49.4418346, 7.7619555 49.4418074, 7.7619702 49.441795, 7.7619583 49.4417871, 7.7619412 49.4417996, 7.7618912 49.4417709, 7.7619083 49.4417586, 7.7618942 49.4417504, 7.761877 49.4417629, 7.7618298 49.4417342, 7.7618441 49.4417235, 7.7618301 49.4417138, 7.7618152 49.4417249, 7.7617654 49.4416961, 7.7617801 49.4416851, 7.7617684 49.4416772, 7.7617536 49.4416883, 7.7616989 49.4416579, 7.7617111 49.4416502, 7.7617279 49.4416597, 7.7617401 49.4416503, 7.7617233 49.441641, 7.7617405 49.4416284, 7.761726 49.4416221, 7.7617116 49.441633, 7.7616286 49.4415852, 7.7616431 49.4415743, 7.7616313 49.4415664, 7.7616167 49.4415788, 7.7615977 49.4415678, 7.7615854 49.4415769, 7.7616023 49.4415864, 7.7615873 49.4415973, 7.7615326 49.4415654, 7.7615425 49.4415593, 7.7615279 49.4415514, 7.7615183 49.4415575, 7.7614991 49.4415464, 7.7615045 49.4415354, 7.7614924 49.4415322, 7.7614848 49.4415433, 7.7614583 49.441543, 7.7614512 49.4415352, 7.7614368 49.4415397, 7.7614439 49.4415475, 7.7614293 49.4415613, 7.7614125 49.4415582, 7.7614078 49.441568, 7.7614252 49.441572, 7.7614172 49.4415817, 7.7613747 49.441582, 7.7613681 49.4415691, 7.7613494 49.4415744, 7.7613619 49.4415867, 7.7613324 49.4416067, 7.7613121 49.4416015, 7.761308 49.4416131, 7.7613264 49.4416185, 7.7613301 49.4416452, 7.7613133 49.441649, 7.7613074 49.4416409, 7.7612961 49.4416455, 7.7613013 49.4416537, 7.7612832 49.441666, 7.7612717 49.4416627, 7.7612646 49.4416711, 7.7612779 49.4416763, 7.7612791 49.4416926, 7.761267 49.4416974, 7.7612746 49.4417068))",,roman_catholic,no,Kaiserslautern,,67655,St.-Marien-Platz,,"[340119562, 1086797227, 1086796896, 1086797037, 1086797380, 1086796671, 1086797146, 1086797307, 1086796600, 1086797092, 1086796437, 1086796839, 1086796534, 1086796824, 1086796662, 1086797374, 1086796977, 1086796588, 1086797029, 1086796745, 1086796880, 1086796482, 1086796730, 1086797432, 1086797082, 1086797018, 1086797245, 1086797359, 1086797295, 1086796936, 1086796645, 1086796850, 1086796549, 1086796960, 1086796492, 1086796708, 1086797416, 1086797163, 340119564, 1086796716, 1086797015, 1086796852, 1086797170, 1086796496, 1086796798, 1086796648, 1086796942, 1086797423, 1086796910, 1086797322, 1086796611, 1086796487, 1086797239, 1086797077, 1086796846, 1086796542, 1086796676, 1086797385, 1086797071, 1086796789, 1086797155, 1086796901, 1086796604, 1086797312, 1086796986, 340119565, 1086797377, 1086797033, 1086797231, 1086796773, 1086796596, 1086796440, 1086796535, 1086796831, 1086797299, 1086796970, 1086796807, 1086796529, 1086797223, 1086796669, 1086797139, 1086797086, 1086797289, 1086796952, 1086797437, 1086796658, 1086797369, 1086796500, 1086797177, 1086797024, 1086796855, 1086796583, 1086796892, 1086796502, 1086797218, 1086796889, 1086796591, 1086796735, 1086797435, 1086796741, 1086797083, 1086796803, 1086796948, 1086796650, 1086797363, 1086797021, 1086797175, 1086796853, 1086796553, 1086797427, 1086797250, 1086797080, 1086796801, 340119563, 1086797243, 1086796546, 1086796849, 1086797016, 1086796723, 1086797327, 1086796615, 1086796498, 1086796796, 1086796489, 1086797159, 1086797317, 1086797013, 1086797074, 1086796914, 1086796540, 1086797390, 1086796704, 1086797236, 1086796905, 1086796608, 1086796778, 340119562]",church,de:Marienkirche (Kaiserslautern),,,DE,Q1246236,,,,,,
way,93785939,place_of_worship,Stiftskirche,,christian,,"POLYGON ((7.7711796 49.4445299, 7.7712199 49.4445442, 7.7713856 49.4446027, 7.7714217 49.444603, 7.7714252 49.4446129, 7.7714367 49.4446109, 7.771433 49.4446008, 7.7714518 49.4445914, 7.7714662 49.4445995, 7.7714737 49.444592, 7.7714631 49.4445871, 7.7714748 49.444573, 7.7714904 49.4445755, 7.7714928 49.4445662, 7.7714781 49.4445657, 7.7714791 49.444547, 7.7714901 49.444547, 7.7714868 49.4445369, 7.771476 49.4445391, 7.7714613 49.4445279, 7.7714728 49.4445206, 7.771462 49.4445157, 7.7714531 49.4445208, 7.7714016 49.4445039, 7.7711656 49.444425, 7.7711887 49.4443969, 7.77117 49.4443891, 7.7711836 49.444374, 7.7711681 49.444368, 7.7711605 49.4443772, 7.770836 49.4442551, 7.7708169 49.4442738, 7.7708316 49.4442798, 7.7707209 49.4444118, 7.7707155 49.4444198, 7.7710223 49.4445365, 7.7710029 49.4445656, 7.7711171 49.4446058, 7.7711796 49.4445299))",,protestant,yes,,,,,,"[1089217202, 1089217246, 1089217241, 1089217514, 1089217400, 1089217528, 1089217375, 1089217268, 1089217226, 1089217331, 1089217274, 1089217362, 1089217378, 1089217456, 1089217534, 1089217372, 1089217531, 1089217494, 1089217411, 1089217272, 1089217407, 1089217296, 1089217498, 1089217550, 1089217370, 1089217558, 1089217295, 1089217496, 1089217297, 1089217335, 1089217445, 1089217234, 1089217232, 1089247081, 1089217404, 1089217460, 1089217449, 1089217306, 1089217202]",church,de:Stiftskirche (Kaiserslautern),,,,Q2348764,,,,,,
way,93866165,place_of_worship,Unionskirche,,christian,,"POLYGON ((7.7710002 49.4466846, 7.7709568 49.4468217, 7.7713052 49.446862, 7.7713414 49.4467249, 7.7710002 49.4466846))",,protestant,yes,Kaiserslautern,2a,67657,Unionstraße,,"[1091099110, 1091099119, 1091099093, 1091099142, 1091099110]",church,,,,DE,Q26778371,,,,,,
way,95796140,place_of_worship,Kirche Jesu Christi der Heiligen der Letzten Tage,,christian,,"POLYGON ((7.7658026 49.4471417, 7.7657958 49.4470745, 7.7656764 49.4470796, 7.7656667 49.4469844, 7.7656805 49.4469839, 7.7656702 49.4468818, 7.765787 49.4468767, 7.7657791 49.4467989, 7.7651164 49.4468273, 7.7651212 49.4468741, 7.7651739 49.4468718, 7.7651786 49.4469191, 7.7649666 49.4469385, 7.7649764 49.4470673, 7.7652118 49.447068, 7.7652157 49.4471081, 7.7651981 49.4471088, 7.7651988 49.4471158, 7.7651429 49.4471182, 7.7651481 49.4471698, 7.7658026 49.4471417))",,mormon,,Kaiserslautern,1,67657,Lauterstraße,,"[1110285472, 1110285396, 5559110209, 5559110201, 5559110200, 5559110199, 5559110198, 5559110197, 5559110196, 5559110195, 5559110194, 5559110193, 5559110202, 5559110203, 5559110204, 5559110205, 5559110206, 5559110207, 5559110208, 1110285626, 1110285472]",church,,,,DE,,,,,,,
way,97087185,place_of_worship,Gemeindehaus Kaiserslautern,,jewish,,"POLYGON ((7.7717788 49.4421184, 7.7719245 49.4421416, 7.7718801 49.4422327, 7.7718346 49.44233, 7.7718162 49.4423714, 7.7716259 49.4423353, 7.7716691 49.4422723, 7.7717788 49.4421184))",,,,Kaiserslautern,4,67655,Basteigasse,,"[1124804757, 1124805692, 1124805546, 1124805345, 1124805502, 1124805303, 1124804915, 1124804757]",synagogue,,,,,,"Tu-We 09:00-13:00, 15:00-17:00; Th-Fr 09:00-13:00",Jüdische Kultusgemeinde der Rheinfpalz,,,,
way,98776990,place_of_worship,Evangeliums Christen Gemeinde e.V.,,christian,,"POLYGON ((7.7827642 49.4529435, 7.7829034 49.4530598, 7.7829427 49.4530626, 7.7829743 49.453092, 7.7829977 49.4530932, 7.7830416 49.4530696, 7.7830767 49.4530723, 7.7832453 49.452987, 7.7832042 49.4529528, 7.7832171 49.4529463, 7.7831313 49.4528744, 7.7831421 49.452869, 7.7831191 49.4528482, 7.7830839 49.452828, 7.7830384 49.452817, 7.7829933 49.4528157, 7.7829487 49.4528272, 7.7829092 49.4528481, 7.7829162 49.452854, 7.7828065 49.4529095, 7.7828159 49.4529173, 7.7827642 49.4529435))",,,,Kaiserslautern,11,67657,Adam-Hoffmann-Straße,,"[1142769736, 1142768192, 1142769539, 1142769843, 1142768452, 1142768775, 1142769354, 1142769561, 1142769058, 1142768942, 1142768227, 1142768377, 1142768867, 1142768107, 1142767906, 1142768300, 1142769004, 1142769694, 1142769659, 1142768342, 1142768485, 1142769736]",yes,,,,DE,,,,,,,
way,100131090,place_of_worship,Neuapostolische Kirche,,christian,,"POLYGON ((7.7564148 49.4352032, 7.7563898 49.4351896, 7.7564129 49.4351716, 7.7563125 49.4351171, 7.7562886 49.4351357, 7.7562534 49.4351167, 7.7561088 49.4352295, 7.756064 49.4352051, 7.7562286 49.4350767, 7.7562823 49.4351058, 7.7563228 49.4350742, 7.7561561 49.4349838, 7.7560752 49.4350469, 7.7561007 49.4350607, 7.7559736 49.4351599, 7.7559412 49.4351423, 7.7558547 49.4352098, 7.7560109 49.4352944, 7.7559824 49.4353167, 7.7560332 49.4353442, 7.756018 49.4353574, 7.756042 49.435388, 7.7560916 49.4353984, 7.7561095 49.4353855, 7.7561517 49.4354084, 7.7564148 49.4352032))",,,,Kaiserslautern,75,67655,Pirmasenser Straße,,"[1157475683, 1157476520, 1157476456, 1157476305, 1157476172, 1157476045, 1157475565, 1157475740, 1157475915, 1157476336, 1157476487, 1157476002, 1157476378, 1157476197, 1157476072, 1157475936, 1157476528, 1157476390, 1157476241, 1157476393, 1157475986, 1157476119, 1157475832, 1157476250, 1157475855, 1157475683]",church,,,,DE,,,,,,,
way,100662521,place_of_worship,Apostel-Kirche,,christian,,"POLYGON ((7.7616801 49.4442315, 7.7616784 49.4442384, 7.7617089 49.4442419, 7.7617113 49.4442352, 7.7617427 49.4442218, 7.7617774 49.4442267, 7.7617948 49.4442421, 7.7617798 49.4442938, 7.7617865 49.4442948, 7.7617719 49.4443383, 7.7617771 49.4443391, 7.7617834 49.4443341, 7.761799 49.4443432, 7.7617939 49.4443473, 7.7618345 49.4443833, 7.7618418 49.4443822, 7.7618455 49.4443954, 7.7618388 49.4443966, 7.7618267 49.4444404, 7.761837 49.4444452, 7.7618265 49.444455, 7.7618167 49.4444504, 7.7617659 49.4444741, 7.7617825 49.4444885, 7.7617766 49.4445099, 7.7617474 49.4445219, 7.7617215 49.4445191, 7.7617137 49.4445455, 7.761648 49.4445374, 7.7616408 49.4445664, 7.7616515 49.4445754, 7.761633 49.444583, 7.7616252 49.4445753, 7.7615992 49.4445722, 7.7615886 49.4446101, 7.7614615 49.4445948, 7.7614705 49.4445577, 7.7614467 49.4445551, 7.7614339 49.4445612, 7.7614214 49.4445493, 7.7614334 49.4445441, 7.7614392 49.4445156, 7.761377 49.444509, 7.7613825 49.44448, 7.7613556 49.4444768, 7.7613342 49.4444587, 7.7613408 49.4444361, 7.7613631 49.4444271, 7.7613287 49.444395, 7.7613209 49.4443966, 7.7613151 49.4443856, 7.7613237 49.4443834, 7.7613337 49.4443385, 7.7613265 49.4443343, 7.761341 49.4443234, 7.7613473 49.4443268, 7.7614049 49.4443018, 7.7614015 49.444297, 7.7614171 49.4442923, 7.7614198 49.4442961, 7.7614266 49.4442965, 7.7614339 49.4442555, 7.7614406 49.4442564, 7.7614517 49.4442042, 7.7614815 49.4441912, 7.7615184 49.4441965, 7.7615365 49.4442157, 7.7615357 49.4442229, 7.761568 49.444226, 7.7615703 49.4442178, 7.7616801 49.4442315))",,protestant,limited,Kaiserslautern,22,67655,Pariser Straße,,"[1163728954, 1163729187, 1163729063, 1163728885, 1163729012, 1163728700, 1163729072, 1163728964, 1163728780, 1163728670, 1163729015, 1163728891, 1163728726, 1163729171, 1163728969, 1163728843, 1163728676, 1163729107, 1163728903, 1163728786, 1163729179, 1163729051, 1163728847, 1163729115, 1163728792, 1163729058, 1163728943, 1163728839, 1163728721, 1163729078, 1163728967, 1163728672, 1163729018, 1163728895, 1163728730, 1163729131, 1163728778, 1163729070, 1163728833, 1163728883, 1163729184, 1163728948, 1163728693, 1163729006, 1163728790, 1163729112, 1665573106, 1163728829, 1163729122, 1163728880, 1163728938, 1163728682, 1163728998, 1163728736, 1163729024, 1163728841, 1163729134, 1163728888, 1163728643, 1163728960, 1163728696, 1163729009, 1163728744, 1163729060, 1163729119, 1163728909, 1163728678, 1163728971, 1163729020, 1163728784, 1163728954]",church,de:Apostelkirche (Kaiserslautern),,,DE,Q619891,,,angeblich Rampe am Eingang,,,
way,102665398,place_of_worship,Freie evangelische Gemeinde Kaiserslautern,,christian,https://kaiserslautern.feg.de/,"POLYGON ((7.726491 49.4449874, 7.7262836 49.4450041, 7.7263702 49.4454574, 7.7266162 49.4454376, 7.7265612 49.4451496, 7.7265226 49.4451527, 7.726491 49.4449874))",,protestant,yes,Kaiserslautern,8,67663,Denisstraße,,"[1185739155, 1185738941, 1185739627, 1185739399, 1185739893, 1185739020, 1185739155]",yes,,,,DE,,,,,Gottesdienst: Sonntag 11:00,,
way,104144781,place_of_worship,Evangelisch-Freikirchliche Gemeinde,,christian,,"POLYGON ((7.7757172 49.4413738, 7.7757536 49.4414023, 7.7758056 49.4414298, 7.7758642 49.4414425, 7.775915 49.4414496, 7.7759644 49.4413194, 7.7758642 49.4412801, 7.7757172 49.4413738))",,baptist,no,Kaiserslautern,14,67655,Adolph-Kolping-Platz,,"[1201730796, 1201729787, 1201730392, 1201730085, 1201730066, 1201730531, 1201730605, 1201730796]",church,,,,DE,,,,,,,
way,104144808,place_of_worship,Evang.-Luth. St.-Michaelis-Kirchengemeinde,,christian,,"POLYGON ((7.7749545 49.4422628, 7.7748534 49.4422066, 7.774959 49.4421262, 7.7748697 49.4420766, 7.7748518 49.4420902, 7.7747447 49.4420307, 7.7748334 49.4419632, 7.7750297 49.4420722, 7.7750425 49.4420624, 7.7751438 49.4421187, 7.7749545 49.4422628))",,,,Kaiserslautern,7,67655,Karpfenstraße,,"[1201730318, 1201730774, 1201730037, 1201730154, 1201730673, 1201730505, 1201730374, 1201729795, 1201730515, 1201730440, 1201730318]",yes,,,,DE,,,,,,,
way,105268799,place_of_worship,Maria Schutz,,christian,,"POLYGON ((7.7826075 49.4427104, 7.7826238 49.4427501, 7.7827025 49.4427365, 7.7826701 49.4426573, 7.7828057 49.4426338, 7.782764 49.4425322, 7.7827461 49.4425353, 7.7827371 49.4425134, 7.7825895 49.442539, 7.7825727 49.442498, 7.782194 49.442564, 7.782186 49.4425454, 7.7821225 49.4425564, 7.7821338 49.4425839, 7.7820528 49.442598, 7.7821351 49.4427987, 7.7822205 49.4427838, 7.7822181 49.4427779, 7.7826075 49.4427104))",,roman_catholic,no,,,,,,"[1213112262, 1213112075, 1213111543, 1213112449, 1213111244, 1213113404, 1213111682, 1213111811, 1213113189, 1213113154, 1213112137, 1213112852, 1213112645, 1213112846, 1213113141, 1213111340, 1213111571, 1213111327, 1213112262]",church,,,,,Q18020430,,,,,,
way,105268908,place_of_worship,Lutherkirche,,christian,,"POLYGON ((7.7834962 49.4437138, 7.7835926 49.4437088, 7.7835881 49.4436761, 7.7835738 49.4435986, 7.783532 49.4436002, 7.7835374 49.4436467, 7.7834404 49.4436523, 7.7833997 49.4436956, 7.7832261 49.4436517, 7.7831687 49.4437313, 7.7831966 49.4437398, 7.7831086 49.4438618, 7.7833395 49.4439323, 7.7834962 49.4437138))",,protestant,,,,,,,"[1213112757, 1213112341, 1213111856, 1213111595, 1213112524, 1213111879, 1213113206, 1213111782, 1213112064, 1213112840, 1213113420, 1213112982, 1213111278, 1213112757]",church,,,,,,,,,,,
way,107424924,place_of_worship,Christuskirche,,christian,,"POLYGON ((7.7888782 49.447468, 7.7890561 49.4474109, 7.7890677 49.4473884, 7.7890669 49.4473732, 7.7890669 49.4473511, 7.7891133 49.4473346, 7.7891202 49.4473322, 7.7891358 49.4473572, 7.7892193 49.4473432, 7.7892097 49.4472977, 7.7891102 49.4473074, 7.7891147 49.4473249, 7.7891093 49.4473266, 7.7890646 49.4473406, 7.7890523 49.4473102, 7.789004 49.447261, 7.7889519 49.4472261, 7.7888899 49.4471991, 7.7887826 49.4471991, 7.7887102 49.4472427, 7.7886894 49.4473187, 7.7887289 49.4473875, 7.7888159 49.4474505, 7.7888619 49.4474474, 7.7888782 49.447468))",,protestant,limited,,,,,,"[1234664301, 1234664296, 1234664297, 1234664310, 1234664294, 6423808736, 1234664290, 1234664311, 1234664304, 1234664316, 1234664303, 1234664312, 1240725610, 1234664320, 1234664293, 1234664292, 1234664291, 1234664305, 1234664307, 1234664313, 1234664308, 1234664315, 1234664314, 1234664295, 1234664301]",church,,,,,Q27478812,,,,,,
way,107426296,place_of_worship,,,christian,,"POLYGON ((7.8097057 49.4441745, 7.8101356 49.4441799, 7.8101387 49.4440775, 7.8100355 49.4440762, 7.8100423 49.4438497, 7.8097948 49.4438466, 7.8097878 49.4440825, 7.8097085 49.4440815, 7.8097057 49.4441745))",,,,,,,,,"[1234676922, 1234676929, 1234676936, 1234676924, 1234676942, 1234676917, 1234676943, 1596083527, 1234676922]",church,,,,,,,,,,,
way,155292914,place_of_worship,Pauluskirche,,christian,,"POLYGON ((7.766398 49.4322798, 7.766687 49.4323117, 7.7667497 49.432255, 7.7666352 49.4321025, 7.7665834 49.4320724, 7.7664525 49.4321238, 7.7663844 49.4321167, 7.7663407 49.4322497, 7.766398 49.4322798))",,protestant,,Kaiserslautern,38,67663,Hahnenbalz,,"[1676929839, 1676929844, 1676929837, 1676929818, 1676929815, 1676929823, 1676929821, 1676929836, 1676929839]",church,,,,DE,,,,,,,
way,155782016,place_of_worship,Freie Baptisten Gemeinde Kaiserslautern,,christian,http://www.fbg-kl.de/,"POLYGON ((7.7467956 49.4434656, 7.7466644 49.4433798, 7.7461735 49.4436916, 7.746328 49.4437668, 7.7467956 49.4434656))",,baptist,,Kaiserslautern,10,67659,Berliner Straße,,"[1681453033, 1681452973, 1681453144, 1681453203, 1681453033]",yes,,,,DE,,,,,,,
way,157309253,place_of_worship,,,christian,,"POLYGON ((7.8073557 49.447093, 7.807399 49.447022, 7.8075344 49.4470569, 7.8074911 49.4471279, 7.8073557 49.447093))",,,yes,,,,,,"[1695175696, 1695175700, 1695175703, 1695175715, 1695175696]",chapel,,,,,,,,,,,
way,157309254,place_of_worship,,,christian,,"POLYGON ((7.8032959 49.447391, 7.8033704 49.4473138, 7.8032741 49.4472745, 7.8031996 49.4473517, 7.8032959 49.447391))",,,yes,,,,,,"[1695175725, 1695175727, 1695175729, 1695175731, 1695175725]",chapel,,,,,,,,,,,
way,162203937,place_of_worship,Friedenskirche,,christian,,"POLYGON ((7.739199 49.4236552, 7.739186 49.4236251, 7.7389737 49.4236639, 7.7390177 49.4237656, 7.7391032 49.4237499, 7.7391578 49.4238765, 7.7394916 49.4238155, 7.7394509 49.4237215, 7.7395267 49.42371, 7.7395733 49.4236613, 7.7395533 49.4236054, 7.7394784 49.423575, 7.7393924 49.423588, 7.7393554 49.4236266, 7.739199 49.4236552))",,protestant,,,,,,,"[1741344586, 1741344584, 1741344588, 1741344592, 1741344591, 1741344594, 1741344593, 1741344590, 1741344589, 1741344587, 1741344583, 1741344581, 1741344582, 1741344585, 1741344586]",church,,,,,,,,,,,
way,168638547,place_of_worship,St. Theresia,,christian,,"POLYGON ((7.7387022 49.4239591, 7.738737 49.4239429, 7.7387388 49.4239231, 7.7387191 49.4239033, 7.7386773 49.4238997, 7.7386669 49.4238749, 7.7386367 49.4238803, 7.7386145 49.4238272, 7.7380899 49.4239204, 7.7381121 49.4239734, 7.7380816 49.4239789, 7.7381251 49.4240825, 7.7381556 49.4240771, 7.7381766 49.4241269, 7.7387012 49.4240338, 7.7386802 49.4239839, 7.7387104 49.4239786, 7.7387022 49.4239591))",,catholic,yes,,,,,,"[1798645292, 1798645291, 1798645285, 1798645279, 1798645278, 1798645276, 1798645277, 1798645267, 1798645283, 1798645294, 1798645299, 1798645312, 1798645308, 1798645315, 1798645303, 1798645301, 1798645297, 1798645292]",church,,,,,,,,,,,
way,175433098,place_of_worship,,,christian,,"POLYGON ((7.7042919 49.4346257, 7.7042808 49.434634, 7.7042699 49.4346478, 7.7042711 49.4346672, 7.7042865 49.4346896, 7.704322 49.4347019, 7.7043527 49.434708, 7.7043918 49.4347057, 7.7044166 49.4346988, 7.7044349 49.4346835, 7.7044415 49.4346611, 7.7044377 49.4346468, 7.7044776 49.4346526, 7.7045564 49.4344222, 7.7046278 49.4344325, 7.7046552 49.4343524, 7.7042934 49.4343, 7.704267 49.4343773, 7.7043341 49.4343871, 7.7042544 49.4346202, 7.7042919 49.4346257))",,,,,,,,,"[3366669717, 3366669718, 3366669720, 3366669722, 3366669724, 3366669726, 3366669728, 3366669727, 3366669725, 3366669723, 3366669721, 3366669719, 1860264738, 1860264707, 1860264715, 1860264688, 1860264684, 1860264699, 1860264701, 1860264730, 3366669717]",yes,,,,,,,,,,,
way,176694009,place_of_worship,St. Franziskus Kirche,,christian,,"POLYGON ((7.7803472 49.4296568, 7.7805529 49.4297031, 7.780557 49.4298396, 7.7804633 49.4299045, 7.7803146 49.4298661, 7.780335 49.4298316, 7.7802576 49.4298104, 7.7802657 49.4297442, 7.7803207 49.4297296, 7.7803187 49.429674, 7.7803472 49.4296568))",,catholic,yes,Kaiserslautern,,67663,Kantstraße,,"[1871728950, 1871728982, 1871729042, 1871729082, 1871729054, 1871729037, 1871729025, 1871728992, 1871728989, 1871728965, 1871728950]",church,,,,DE,,,,,,,
way,176694015,place_of_worship,Stephanuskirche,,christian,,"POLYGON ((7.7818223 49.4293942, 7.7818256 49.4295421, 7.7820416 49.4295401, 7.7820383 49.4293921, 7.7818223 49.4293942))",,protestant,yes,,,,,,"[1871728877, 1871728937, 1871728934, 1871728875, 1871728877]",church,,,,,,,,,,,
way,178550226,place_of_worship,Gemeinde des vollen Evangeliums e.V.,,christian,https://www.gdve-kl.de/,"POLYGON ((7.6983094 49.4652617, 7.6985046 49.4651153, 7.6985817 49.4651587, 7.6985972 49.4651471, 7.6987229 49.4652179, 7.6985679 49.4653341, 7.6985486 49.4653232, 7.6984929 49.4653651, 7.6983094 49.4652617))",,,,Kaiserslautern,13,67661,Sauerwiesen,,"[1888810276, 1888810269, 1888810271, 1888810270, 1888810272, 1888810278, 1888810277, 1888810279, 1888810276]",church,,,,DE,,,,,,Siegelbach,Su 10:00
way,182992866,place_of_worship,,,christian,,"POLYGON ((7.8220287 49.3787077, 7.8219267 49.3786821, 7.8219897 49.3785755, 7.8220115 49.378581, 7.8220557 49.3785061, 7.8221634 49.3785331, 7.8221534 49.3785501, 7.8221925 49.3785599, 7.8221648 49.3786068, 7.8221837 49.3786116, 7.822164 49.3786449, 7.8220784 49.3786235, 7.8220287 49.3787077))",,,,,,,,,"[1933566243, 1933566229, 1933566217, 1933566218, 1933566210, 1933566212, 1933566214, 1933566215, 1933566219, 1933566220, 1933566225, 1933566223, 1933566243]",church,,,,,,,,,,,
way,182992873,place_of_worship,,,christian,,"POLYGON ((7.8170706 49.3819639, 7.8169766 49.3818689, 7.8171152 49.3818107, 7.8170888 49.3817841, 7.8171688 49.3817505, 7.8172892 49.3818721, 7.8170706 49.3819639))",,protestant,no,,,,,,"[1933566581, 1933566571, 1933566565, 1933566561, 1933566559, 1933566572, 1933566581]",church,,,,,,,,,,,
way,184072941,place_of_worship,Heilig Kreuz,,christian,,"POLYGON ((7.7291305 49.4338095, 7.7291482 49.4337662, 7.7289678 49.433735, 7.728922 49.4338472, 7.7289915 49.4338592, 7.7291023 49.4338784, 7.7291305 49.4338095))",,catholic,,,,,,,"[1945058331, 1945058284, 1945058235, 1945058371, 1945058378, 1945058412, 1945058331]",church,,,,,,,,,,,
way,184072950,place_of_worship,Prot. Versöhnungskirche,,christian,,"POLYGON ((7.731579 49.4335089, 7.731714 49.433532, 7.7317208 49.4335151, 7.7318399 49.4335355, 7.7318311 49.4335573, 7.7319249 49.4335734, 7.731943 49.4335286, 7.731915 49.4335238, 7.731957 49.4334199, 7.731985 49.4334246, 7.7319982 49.4333918, 7.7319702 49.433387, 7.7319795 49.4333641, 7.7318232 49.4333375, 7.7317667 49.4333278, 7.7317728 49.4333127, 7.7316518 49.433292, 7.7316457 49.4333072, 7.7316078 49.4334008, 7.731596 49.4334301, 7.7316099 49.4334324, 7.731579 49.4335089))",,protestant,,,,,,,"[1945058002, 1945058054, 1945058009, 1945058063, 1945058080, 1945058101, 1945058047, 1945058045, 1945057863, 1945057873, 1945057846, 1945057843, 1945057816, 1945057767, 1945057759, 1945057730, 1945057684, 1945057720, 1945057850, 1945057882, 1945057885, 1945058002]",church,,,,,,,,,,,
way,187087731,place_of_worship,Lukaskirche,,christian,,"POLYGON ((7.7250012 49.4367349, 7.7250141 49.4366859, 7.724918 49.4366752, 7.7249048 49.4366737, 7.7248962 49.4367066, 7.7248661 49.4367032, 7.7248276 49.4368498, 7.7247507 49.4368413, 7.724679 49.4371139, 7.7248773 49.4371359, 7.7248834 49.4371127, 7.7249456 49.4368764, 7.7249635 49.4368784, 7.7249948 49.4367594, 7.7250012 49.4367349))",,protestant,,Kaiserslautern,65,67663,Spicherer Straße,,"[1978410123, 1978410111, 1978410103, 1978410101, 1978410117, 1978410115, 1978410254, 1978410225, 1978410524, 1978410547, 1978410518, 1978410281, 1978410283, 1978410141, 1978410123]",church,,,,DE,,,,,,,
way,199887480,place_of_worship,,,christian,,"POLYGON ((7.704679 49.4226446, 7.705125 49.4228901, 7.7053742 49.4226985, 7.7050989 49.4225471, 7.7049282 49.4224531, 7.704811 49.4225431, 7.7047784 49.4225252, 7.7047418 49.4225534, 7.7047744 49.4225713, 7.704679 49.4226446))",,jehovahs_witness,,Kaiserslautern,2A,67661,Im Unterwald,,"[2098727162, 2098727260, 2098727196, 2098727120, 2098727059, 2098727117, 2098727100, 2098727124, 2098727129, 2098727162]",church,,,,DE,,,,,,,
way,201234665,place_of_worship,,,christian,,"POLYGON ((7.7286636 49.4047833, 7.7287824 49.4048153, 7.7288153 49.4047635, 7.7288484 49.4047653, 7.7288544 49.4047559, 7.7288282 49.4047432, 7.7288806 49.4046606, 7.7287618 49.4046287, 7.7286636 49.4047833))",,protestant,limited,Kaiserslautern,63,67661,Dansenberger Straße,,"[2111927956, 2111927962, 2265701127, 2265701128, 2265701125, 2265701123, 2111927954, 2111927952, 2111927956]",church,,,,DE,,,,,,,
way,202149318,place_of_worship,,,christian,,"POLYGON ((7.696197 49.41542, 7.6962258 49.415404, 7.6961726 49.4153636, 7.6961438 49.4153796, 7.6960322 49.4152947, 7.6959162 49.4153593, 7.6960955 49.4154955, 7.6962115 49.415431, 7.696197 49.41542))",,protestant,no,,,,,,"[2121249578, 2121249577, 2121249575, 2121249576, 2121249573, 2121249574, 2121249581, 2121249579, 2121249578]",church,,,,,,,,,,,
way,202149416,place_of_worship,ICHURCH,,christian,,"POLYGON ((7.6989515 49.4160541, 7.6988838 49.4159745, 7.6989144 49.4159635, 7.6988503 49.4158881, 7.6989695 49.4158452, 7.6990336 49.4159206, 7.699113 49.415892, 7.6992312 49.416031, 7.6991526 49.4160593, 7.6991021 49.4159999, 7.6989515 49.4160541))",,,yes,Kaiserslautern,77,67661,Burgherrenstraße,,"[2121249635, 2121249627, 2121249626, 2121249615, 2121249606, 2121249622, 2121249616, 2121249632, 2121249639, 2121249631, 2121249635]",yes,,,,DE,,,,,,,
way,204025904,place_of_worship,Sankt Rochus,,christian,,"POLYGON ((7.699289 49.4129512, 7.6992982 49.4129382, 7.6992188 49.4129145, 7.6991823 49.4129661, 7.699148 49.4129558, 7.6990839 49.4129657, 7.6990597 49.4130021, 7.6990869 49.4130423, 7.6991358 49.4130569, 7.699108 49.4130963, 7.6991473 49.4131327, 7.6991983 49.4131233, 7.6994069 49.4131857, 7.6994347 49.4131463, 7.699468 49.4131563, 7.6995291 49.4130698, 7.6994958 49.4130598, 7.699523 49.4130212, 7.699289 49.4129512))",,catholic,no,,,,,,"[2140364677, 2140364674, 2140364668, 2140364680, 2140364678, 2140364679, 2140364686, 2140364693, 2140364694, 2140364700, 2140364705, 2140364704, 2140364711, 2140364706, 2140364708, 2140364696, 2140364695, 2140364690, 2140364677]",church,,,,,,,,,,,
way,208071154,place_of_worship,Erlöserkirche,,christian,,"POLYGON ((7.8014728 49.4424144, 7.801613 49.4424038, 7.8015881 49.4422646, 7.8014571 49.4422745, 7.8014544 49.4422596, 7.8013876 49.4422647, 7.8013681 49.4421554, 7.801241 49.442165, 7.8012467 49.4421966, 7.8012036 49.4421999, 7.8012144 49.4422602, 7.8012327 49.4422588, 7.8012447 49.4423257, 7.8013965 49.4423142, 7.8014128 49.4424055, 7.8014704 49.4424011, 7.8014728 49.4424144))",,protestant,,Kaiserslautern,56,67657,Stiftswaldstraße,,"[2183783992, 2183783987, 2183783954, 2183783957, 2183783951, 2183783955, 2183783927, 2183783929, 2183783933, 2183783935, 2183783952, 2183783950, 2183783966, 2183783964, 2183783989, 2183783985, 2183783992]",church,,,,DE,,,,,,,
way,217292544,place_of_worship,St. Peter & Paul,,christian,,"POLYGON ((7.7276056 49.4053372, 7.727793 49.4052994, 7.7277834 49.4052775, 7.7278068 49.4052562, 7.7278236 49.4052379, 7.7278255 49.4051873, 7.7278161 49.4051404, 7.7277806 49.405099, 7.7277356 49.4050771, 7.7276673 49.4050752, 7.7276523 49.4050399, 7.7275868 49.4050655, 7.7275474 49.4051069, 7.7275371 49.4051605, 7.7275587 49.4052166, 7.7275961 49.405255, 7.7275694 49.4052603, 7.7276056 49.4053372))",,catholic,limited,Kaiserslautern,,67661,Dansenberger Straße,,"[2265701351, 2265701335, 2265701326, 2265701309, 2265701299, 2265701274, 2265701244, 2265701220, 2265701199, 2265701197, 2265701182, 2265701192, 2265701224, 2265701260, 2265701288, 2265701306, 2265701313, 2265701351]",church,,,,DE,,,,,,,
way,235963893,place_of_worship,Dietrich-Bonhoeffer-Kirche,,christian,,"POLYGON ((7.7428479 49.4461339, 7.742825 49.4461668, 7.742707 49.4463362, 7.7429103 49.446396, 7.7430513 49.4461938, 7.7428479 49.4461339))",,protestant,,,,,,,"[1292971275, 2441406552, 2440400917, 2440400926, 2440400901, 1292971275]",church,,,,,,,,,,,
way,243700421,place_of_worship,Faith Baptist Church,,christian,,"POLYGON ((7.6645486 49.4331155, 7.6646254 49.4329956, 7.6644698 49.4329534, 7.6643059 49.432909, 7.6642291 49.4330289, 7.6645486 49.4331155))",,baptist,,,,,,,"[2510742726, 2510742698, 2510742688, 2510742684, 2510742707, 2510742726]",church,,,,,,,,,,,Su 09:30-11:00
way,244964454,place_of_worship,Prot. Johanneskirchengemeinde Kaiserslautern-Einsiedlerhof,,christian,,"POLYGON ((7.6596624 49.4320602, 7.6597991 49.4320902, 7.6598184 49.4320529, 7.6598454 49.4320588, 7.6598764 49.431999, 7.6597127 49.4319631, 7.6596624 49.4320602))",,protestant,,Kaiserslautern,7,67661,Königsau,,"[2522321933, 2522321940, 2522321926, 2522321931, 2522321912, 2522321904, 2522321933]",yes,,,,DE,,,,,,,
way,302908475,place_of_worship,Gustav-Adolf-Kirche,,christian,,"POLYGON ((7.7355053 49.459443, 7.7355077 49.4593978, 7.7354285 49.459396, 7.7354208 49.4595422, 7.7357306 49.4595491, 7.7357359 49.4594482, 7.7355053 49.459443))",,protestant,,Kaiserslautern,70,67659,Erzhütter Straße,,"[3071928659, 3071928658, 3071928657, 3071928663, 3071928664, 3071928660, 3071928659]",church,,,,DE,,,,,,,
way,303991346,place_of_worship,St. Michael,,christian,,"POLYGON ((7.729972 49.4596312, 7.7300438 49.4596424, 7.7300654 49.4595839, 7.7299936 49.4595727, 7.7300011 49.4595523, 7.729621 49.4594931, 7.7295822 49.4595983, 7.7299623 49.4596575, 7.729972 49.4596312))",,catholic,,,,,,,"[3085073458, 3085073459, 3085073455, 3085073454, 3085073453, 3085073451, 3085073456, 3085073460, 3085073458]",church,,,,,,,,,,,
way,322960514,place_of_worship,,,christian,,"POLYGON ((7.6719401 49.4303923, 7.6718594 49.4305798, 7.6719996 49.4306053, 7.6720573 49.4304713, 7.6721018 49.4304794, 7.6721248 49.4304259, 7.6719401 49.4303923))",,,,Kaiserslautern,25,67661,Kaiserstraße,,"[3297585896, 3297585955, 3297585966, 3297585920, 3297585924, 3297585907, 3297585896]",church,,,,DE,,,,,,,
way,322960550,place_of_worship,KMC Assembly of God,,christian,,"POLYGON ((7.6715569 49.4317442, 7.6715307 49.431877, 7.6720827 49.431923, 7.6721089 49.4317903, 7.6715569 49.4317442))",,pentecostal,,Kaiserslautern,16a,67661,Kaiserstraße,,"[3297586220, 3297586239, 3297586242, 3297586228, 3297586220]",yes,,,,DE,,,,,,,
way,329730566,place_of_worship,,,christian,,"POLYGON ((7.7038803 49.429263, 7.7036448 49.4291137, 7.7035017 49.4292092, 7.7037372 49.4293585, 7.7038803 49.429263))",,,,,,,,,"[3366589247, 3366589241, 3366589243, 3366589252, 3366589247]",yes,,,,,,,,,,,
way,329730579,place_of_worship,,,christian,,"POLYGON ((7.7036422 49.4287228, 7.7034775 49.4284874, 7.703359 49.4285224, 7.7035233 49.4287573, 7.7035552 49.4287478, 7.7035748 49.4287758, 7.7036328 49.4287586, 7.7036137 49.4287313, 7.7036422 49.4287228))",,,,,,,,,"[3366589222, 3366589200, 3366589205, 3366589227, 3366589225, 3366589230, 3366589228, 3366589224, 3366589222]",yes,,,,,,,,,,,
way,432927072,place_of_worship,Evangelische Kirche Erlenbach,,christian,,"POLYGON ((7.7700313 49.4793848, 7.7701293 49.47945, 7.7703066 49.4793377, 7.770291 49.4793273, 7.7703227 49.4793072, 7.7702565 49.4792631, 7.7702247 49.4792832, 7.7702086 49.4792725, 7.7700313 49.4793848))",,protestant,no,Kaiserslautern,9,67659,Im Nauwald,,"[4318550243, 4318550281, 4318550219, 4639756554, 4639756552, 4639756551, 4639756553, 4318550172, 4318550243]",church,,,,DE,,,,,,,
way,445115676,place_of_worship,Prot. Kirche,,christian,,"POLYGON ((7.6916088 49.4686109, 7.6916115 49.4686015, 7.6916706 49.4686086, 7.6916986 49.4685104, 7.691465 49.4684822, 7.6914699 49.468465, 7.6913766 49.4684537, 7.6913409 49.4685787, 7.6916088 49.4686109))",,,,,,,,,"[4425683547, 4425683545, 4425683546, 4425683542, 4425683541, 4425683540, 4425683539, 4425683544, 4425683547]",church,,,,,,,,,,,
way,881275516,place_of_worship,Pulaski Chapel,,christian,,"POLYGON ((7.6838289 49.4319467, 7.68383 49.4319613, 7.6838383 49.4319748, 7.683853 49.4319859, 7.6838723 49.4319933, 7.6838943 49.4319962, 7.6839166 49.4319944, 7.6839368 49.4319879, 7.6839526 49.4319775, 7.6839624 49.4319644, 7.6839651 49.4319499, 7.6842265 49.4319576, 7.6842326 49.4318647, 7.6839817 49.4318578, 7.6839822 49.4318507, 7.6838794 49.4318479, 7.6838809 49.4318247, 7.6837378 49.4318208, 7.6837325 49.4319012, 7.6838312 49.4319039, 7.6838289 49.4319467))",,,,,,,,,"[8196455267, 10808196212, 10808196205, 10808196211, 10808196210, 10808196204, 10808196209, 10808196208, 10808196207, 10808196206, 10808196219, 8196455266, 8196455265, 10808196218, 10808196213, 10808196217, 8196455264, 10808196216, 10808196215, 10808196214, 8196455267]",yes,,,,,,,,,,,
