element_type,osmid,geometry,access,addr:city,addr:housenumber,addr:postcode,addr:street,amenity,nodes,building,name,opening_hours,operator,phone,shop,website,wheelchair,brand,brand:wikidata,brand:wikipedia,check_date:opening_hours,internet_access,payment:contactless,addr:country,building:levels,opening_hours:covid19,payment:cash,roof:material,height,roof:shape,fee,parking,roof:levels,noaddress,cuisine,takeaway,currency:EUR,currency:USD,fax,indoor_seating,outdoor_seating,toilets:wheelchair,opening_hours:signed,changing_table,check_date,toilets,source,branch,organic,closed:name,closed:shop,building:colour,building:parts,wikidata,alt_name,start_date,note
way,29097488,"POLYGON ((7.8165814 49.4433762, 7.8174669 49.4433921, 7.8180958 49.4434034, 7.8180982 49.443347, 7.8187353 49.4433585, 7.8187405 49.4432361, 7.8189933 49.4432407, 7.819017 49.4426828, 7.818895 49.4426806, 7.8189028 49.4424976, 7.8184883 49.4424901, 7.8184895 49.4424638, 7.8181402 49.4424575, 7.8181393 49.4424797, 7.8177617 49.4424729, 7.8177262 49.4424722, 7.8170441 49.44246, 7.8166689 49.4424532, 7.8164217 49.4424488, 7.8164178 49.4424487, 7.8163119 49.4424468, 7.816213 49.442445, 7.816118 49.4424433, 7.8161095 49.442642, 7.8161085 49.4426668, 7.8159866 49.4426647, 7.8159844 49.4427167, 7.8159822 49.442769, 7.8161023 49.4427712, 7.8160848 49.4431809, 7.8162109 49.4431832, 7.816203 49.4433671, 7.8162155 49.4433673, 7.8162134 49.443416, 7.8162984 49.4434175, 7.8163005 49.4433692, 7.8164691 49.4433722, 7.8164711 49.4433259, 7.8165835 49.443328, 7.8165814 49.4433762))",,Kaiserslautern,234-236,67657,Mannheimer Straße,,"[320057948, 3839161890, 1234672183, 1234672172, 320057944, 1234672170, 1234672179, 320057945, 1234672181, 1234672167, 3839161693, 3839161689, 3839161687, 3839161692, 3839161691, 3839161690, 3839161688, 3839161686, 10647129600, 3839161685, 3839161684, 3842739659, 320057946, 3842739664, 3839161722, 3839161721, 3441586931, 3839161738, 3839161740, 3839161880, 3839161881, 3839161886, 3839161887, 3839161891, 3839161892, 3839161888, 3839161889, 3839161884, 3839161885, 320057948]",retail,Pfalz-Center,Mo-Sa 08:00-22:00,Metro-ECE Centermanagement,+49 631 34100704,mall,https://www.pfalzcenter.de,yes,,,,,,,,,,,,,,,,,,,,,,,,,,,,,,,,,,,,,,,,
way,30754385,"POLYGON ((7.7510851 49.4426342, 7.751092 49.4426075, 7.7510947 49.4425971, 7.7510254 49.4425895, 7.7510782 49.442386, 7.751122 49.4423908, 7.7511475 49.4423936, 7.7511827 49.4422575, 7.7511963 49.442259, 7.7512126 49.4421958, 7.7513353 49.4422093, 7.7513535 49.4421393, 7.75137 49.4421411, 7.7513868 49.4420763, 7.7514096 49.4420787, 7.7514159 49.442054, 7.7514559 49.4420583, 7.7514618 49.442035, 7.7515211 49.4420412, 7.7515266 49.4420208, 7.7516302 49.4420322, 7.751647 49.4419675, 7.7517153 49.4419755, 7.7517741 49.4419824, 7.751789 49.4419279, 7.7518266 49.4419139, 7.7518835 49.4418859, 7.7519497 49.4418601, 7.7520221 49.4418483, 7.7521381 49.4418593, 7.7520999 49.4420179, 7.7524404 49.4420539, 7.7525025 49.442094, 7.7524949 49.4421256, 7.7524619 49.4422632, 7.7526726 49.4422863, 7.7527522 49.442295, 7.7526206 49.4428025, 7.7525445 49.4427942, 7.7519171 49.4427254, 7.7514843 49.4426779, 7.7513225 49.4426602, 7.7510851 49.4426342))",,Kaiserslautern,123,67655,Pariser Straße,,"[340127938, 9193340121, 3301302839, 3301302837, 3301302828, 9193328915, 3301302829, 3301302821, 3301302822, 340127942, 340127958, 340127960, 3301302815, 3301302811, 3301302812, 3301302808, 3301302809, 3301302804, 3301302805, 3301302803, 1154354144, 3301302801, 3301302800, 1154355239, 1684446987, 1154354254, 3301302799, 1684446961, 1154354495, 1154354132, 3301302802, 3301302807, 1154355063, 3301302814, 3301302823, 9193340127, 340127948, 340127940, 9193340128, 3301302847, 3301302844, 9193340132, 340127938]",retail,Kaufland,Mo-Sa 07:00-22:00,,,supermarket,,yes,Kaufland,Q685967,en:Kaufland,2023-03-25,wlan,yes,,,,,,,,,,,,,,,,,,,,,,,,,,,,,,,,,,
way,30754505,"POLYGON ((7.7079531 49.4406807, 7.7080174 49.4405091, 7.7080387 49.440455, 7.708145 49.440183, 7.7084294 49.4394547, 7.7088249 49.4395196, 7.7088416 49.4394766, 7.709391 49.4395669, 7.7094066 49.4395265, 7.7093623 49.4395192, 7.7094073 49.4394036, 7.7099738 49.4394966, 7.7099426 49.4395767, 7.7100779 49.439599, 7.710071 49.4396166, 7.7102084 49.4396392, 7.7101916 49.4396823, 7.7103275 49.4397046, 7.7102449 49.4399378, 7.7104814 49.4399774, 7.710351 49.4403321, 7.7101082 49.4402922, 7.710003 49.4405631, 7.7099549 49.4406868, 7.7097882 49.4406595, 7.7097674 49.4407129, 7.7097494 49.4407593, 7.7096502 49.440743, 7.7095441 49.4407256, 7.7095641 49.4406742, 7.7095832 49.4406251, 7.7092884 49.4405767, 7.7087788 49.4407687, 7.7087612 49.4408141, 7.7085278 49.4407757, 7.708507 49.440828, 7.7084887 49.4408765, 7.7083854 49.4408596, 7.7082931 49.4408444, 7.7083096 49.4408019, 7.7083325 49.440743, 7.7079531 49.4406807))",,Kaiserslautern,57,67663,Merkurstraße,,"[340129342, 1292971119, 1292971047, 5866002285, 340129343, 1180604111, 1180604871, 1180605433, 1180604518, 1180605467, 1180603975, 1180604471, 1180604231, 1180604695, 1180604802, 340129345, 1180605306, 1180604714, 1180605166, 340129348, 1180605340, 1180604444, 5866001880, 1180605011, 1180604815, 1180604675, 1180605506, 1827468937, 1180605137, 1180604980, 1180604373, 1180604002, 1180604144, 1180604617, 1180604558, 1180604622, 1180605043, 1827468941, 1180604895, 1180604528, 1180604023, 340129342]",retail,,,,,,,,,,,,,,DE,,,,,,,,,,,,,,,,,,,,,,,,,,,,,,,,,
way,61857519,"POLYGON ((7.753655 49.4332806, 7.7530303 49.4334886, 7.7531999 49.4337041, 7.7530858 49.4337421, 7.7531851 49.4338683, 7.7532992 49.4338303, 7.7539239 49.4336224, 7.753655 49.4332806))",,Kaiserslautern,6,67663,Carl-Euler-Straße,,"[770923954, 770923955, 1147134273, 1147132320, 770923956, 3286092437, 1147133843, 770923954]",retail,Wasgau,Mo-Sa 08:00-21:00,,,supermarket,,yes,Wasgau,Q2536857,de:Wasgau Produktions & Handels AG,,,yes,DE,2,same,yes,concrete,,,,,,,,,,,,,,,,,,,,,,,,,,,,,
way,67522094,"POLYGON ((7.7847538 49.440244, 7.7850073 49.4403142, 7.7850283 49.4402822, 7.7851072 49.440304, 7.7853574 49.4399218, 7.7851633 49.4398681, 7.7851899 49.4398276, 7.7850514 49.4397893, 7.7849171 49.4399946, 7.7847538 49.440244))",,Kaiserslautern,58,67655,Barbarossastraße,,"[815229740, 1202918751, 1202918744, 815229808, 815229966, 1202918582, 1202919492, 815229688, 815230010, 815229740]",retail,,,,,,,,,,,,,,,,,,,,,,,,,,,,,,,,,,,,,,,,,,,,,,,
way,67522095,"POLYGON ((7.7841318 49.4400181, 7.784463 49.4400985, 7.7847046 49.4396781, 7.7843731 49.4395975, 7.7843368 49.4396605, 7.7842067 49.439887, 7.7841075 49.4398629, 7.78408 49.4399108, 7.7841796 49.439935, 7.7841318 49.4400181))",,Kaiserslautern,56,67655,Barbarossastraße,,"[815229836, 815229896, 815229968, 815229834, 1202919314, 1202919832, 1202919017, 1202919519, 1202919712, 815229836]",retail,Werksverkauf Sutter,,,,butcher,https://fleischwaren-sutter.de/,,,,,,,,,,,,,,,,,,,,,,,,,,,,,,,,,,,,,,,,,
way,93856163,"POLYGON ((7.8073376 49.4559453, 7.8077632 49.4563617, 7.8083748 49.456098, 7.8084238 49.456144, 7.8085037 49.4561155, 7.8085977 49.4560998, 7.8086755 49.4561033, 7.8087588 49.4561155, 7.8088354 49.4561418, 7.8088938 49.4561765, 7.8089441 49.4562167, 7.809024 49.456177, 7.8091213 49.4562691, 7.8097562 49.4560167, 7.8092827 49.4555205, 7.8089781 49.455228, 7.8073376 49.4559453))",,Kaiserslautern,21,67657,Europaallee,,"[1090881459, 748078820, 1090881510, 1090881461, 1090881512, 1090881513, 1090881517, 1090881520, 1090881524, 1090881543, 1090881544, 1090881545, 1090881546, 1090881547, 1090889873, 1090881548, 1090881459]",retail,Möbel Martin,,,,furniture,,yes,Möbel Martin,Q15836030,de:Möbel Martin,,,,,,,,,15 m,flat,,,,,,,,,,,,,,,,,,,,,,,,,,,
way,93866170,"POLYGON ((7.7728179 49.4470077, 7.7728497 49.4469754, 7.7725213 49.446839, 7.7724546 49.4468113, 7.7724751 49.4467899, 7.7725621 49.4467018, 7.7725385 49.446692, 7.7724678 49.4466626, 7.7723098 49.446597, 7.7722241 49.4466838, 7.771948 49.4469651, 7.772768 49.4473058, 7.7729412 49.4471296, 7.7729905 49.4470794, 7.7728574 49.4470241, 7.7728179 49.4470077))",yes,Kaiserslautern,,67657,Seminargasse,parking,"[1091098945, 1091099129, 9040254736, 1091099063, 1111539517, 1091099022, 1111539575, 1111539396, 1091098984, 1111539149, 1091098924, 1091099059, 3661953820, 1091099097, 1111539271, 1091098945]",retail,Altstadparkhaus,24/7,,,,,,,,,,,,DE,3,,,,,,yes,multi-storey,0,,,,,,,,,,,,,,,,,,,,,,,,
way,96050369,"POLYGON ((7.7681149 49.445081, 7.7683077 49.4451123, 7.7683588 49.4449983, 7.7682409 49.4449741, 7.7682559 49.4449479, 7.7682098 49.4449359, 7.7681929 49.4449631, 7.7681747 49.4449893, 7.7681149 49.445081))",,Kaiserslautern,21,67655,Fruchthallstraße,,"[1112875859, 1112875669, 1112875550, 1112875634, 1112875197, 1112875892, 1112875922, 1112875571, 1112875859]",retail,,,,,,,,,,,,,,,1,,,,,,,,,,,,,,,,,,,,,,,,,,,,,,,,
way,96050418,"POLYGON ((7.7717039 49.4443956, 7.7716404 49.4444326, 7.7716699 49.444454, 7.7716943 49.4444716, 7.7717577 49.4444344, 7.7717039 49.4443956))",,,,,,fast_food,"[1112875523, 1112875233, 1112875832, 1112875886, 1112875706, 1112875523]",retail,Riga-Haus,,,,,,,,,,,,,,1,,,,,,,,,yes,,,,,,,,,,,,,,,,,,,,,,,
way,96758061,"POLYGON ((7.769057 49.4430926, 7.7690518 49.4430998, 7.7690382 49.443108, 7.7684714 49.4433683, 7.768078 49.4429954, 7.7683385 49.4428767, 7.768377 49.4429137, 7.768497 49.4428615, 7.7685233 49.4428848, 7.7687718 49.442778, 7.7690505 49.4430753, 7.7690565 49.4430839, 7.769057 49.4430926))",,Kaiserslautern,1,67655,Fackelstraße,,"[1120433534, 1121706171, 1121706383, 1120433497, 1120433510, 1120433525, 1120433538, 1120433549, 1120433566, 1120433508, 1121706031, 1121705705, 1120433534]",retail,,,,,,,,,,,,,,DE,3,,,,,,,,,,,,,,,,,,,,,,,,,,,,,,,,
way,96813613,"POLYGON ((7.7686139 49.442277, 7.7686603 49.4422469, 7.7686149 49.4422146, 7.7687731 49.4420921, 7.7688006 49.442045, 7.7687424 49.4420488, 7.768658 49.4420527, 7.7686603 49.4420627, 7.7685996 49.4420695, 7.7682949 49.4422156, 7.768493 49.4423531, 7.7686139 49.442277))",,Kaiserslautern,27-31,67655,Kerststraße,,"[1121706280, 1121705777, 1121705925, 1121706382, 1121706126, 1121706203, 1121705774, 1121705704, 1121706467, 1121706355, 1121706001, 1121706280]",retail,,,,,,,,,,,,,,DE,,,,,,,,,,,,,,,,,,,,,,,,,,,,,,,,,
way,97869578,"POLYGON ((7.802824 49.457015, 7.8026555 49.4569058, 7.8027234 49.456864, 7.8026854 49.4568406, 7.8027507 49.4568008, 7.8029551 49.4569356, 7.8029867 49.4569438, 7.8030156 49.4569626, 7.8030318 49.4569889, 7.8030305 49.4570168, 7.8030146 49.4570415, 7.8029825 49.4570622, 7.8029453 49.4570709, 7.8029029 49.4570708, 7.8028642 49.4570596, 7.8028347 49.4570404, 7.802824 49.457015))",,Kaiserslautern,4,67657,Europaallee,fast_food,"[1132763425, 1132762605, 1132763238, 1132762640, 1132762674, 1132762920, 1132762825, 1132762478, 1132763300, 1132762875, 1132763270, 1132762570, 1132762423, 1132763123, 1132762505, 1132762815, 1132763425]",retail,Burger King,"Mo-Th 09:00-01:00, Fr-Sa 09:00-05:00, Su 10:00-01:00",,,,,,Burger King,Q177054,en:Burger King,,,,,,,,,,,,,,,burger,yes,,,,,,,,,,,,,,,,,,,,,
way,98200709,"POLYGON ((7.7966683 49.4560396, 7.7965139 49.4559828, 7.7965309 49.4559633, 7.7964773 49.4559435, 7.7964614 49.4559618, 7.7963107 49.4559064, 7.7962353 49.4559929, 7.7964125 49.456058, 7.7964001 49.4560723, 7.7965409 49.4561241, 7.7965527 49.4561106, 7.7965935 49.4561256, 7.7966683 49.4560396))",,Kaiserslautern,119,67657,Mainzer Straße,restaurant,"[1136052828, 1136053263, 1136053618, 1136052987, 1136053873, 1136053527, 1136053480, 1136052725, 1136053332, 1136053147, 1136053716, 1136053022, 1136052828]",retail,Sam Kullman's Diner,"Mo-Th,Su 09:00-24:00; Fr,Sa 09:00-01:00",,+49 631 4150916,,http://www.kullmans.de/,yes,,,,,,,DE,1,,,,,,,,,,burger,,yes,yes,+49 631 4150918,yes,yes,,,,,,,,,,,,,,,,
way,98200734,"POLYGON ((7.7872452 49.4566719, 7.7874492 49.4567267, 7.7876069 49.4564787, 7.7872674 49.4563875, 7.7872387 49.4564327, 7.78721 49.4564778, 7.7873455 49.4565142, 7.7872452 49.4566719))",,Kaiserslautern,6,67657,Hölzengraben,,"[1136053020, 1136052722, 1136052986, 1136053675, 10745387051, 1136053145, 1136053863, 1136053020]",retail,,,,,,,,,,,,,,,1,,,,,,,,,,,,,,,,,,,,,,,,,,,,,,,,
way,98200805,"POLYGON ((7.7946824 49.4553644, 7.7944531 49.4552779, 7.7944098 49.4552848, 7.794297 49.4554112, 7.7943727 49.4554397, 7.794554 49.4555082, 7.7946452 49.4554061, 7.7946824 49.4553644))",,Kaiserslautern,109-111,67657,Mainzer Straße,,"[1136053871, 5568555659, 5568555658, 1136053607, 1136053857, 1136053478, 1136053062, 1136053871]",retail,Barbarossa Bäckerei,,,,bakery,,limited,Barbarossa Bäckerei,Q807766,de:Barbarossa Bäckerei,,,,,2,,,,,,,,,,,,,,,,,,,,,,,,,,,,,,,,
way,98200813,"POLYGON ((7.7948838 49.4554623, 7.7947104 49.4554214, 7.7946452 49.4554061, 7.794554 49.4555082, 7.7943727 49.4554397, 7.7943059 49.4555485, 7.7944923 49.4555966, 7.7944738 49.4556269, 7.794759 49.4556978, 7.7947689 49.4556763, 7.7948756 49.4554803, 7.7948838 49.4554623))",,Kaiserslautern,113,67657,Mainzer Straße,,"[1136053191, 5568555657, 1136053062, 1136053478, 1136053857, 1136053014, 1136053601, 1136052984, 1136053707, 1136053658, 1136053718, 1136053191]",retail,alldrink,Mo-Sa 08:00-20:00,,,beverages,,yes,alldrink,Q110155637,,,,,,2,,,,,,,,,,,,,,,,,,,,,,,,,,,,,,,,
way,98776918,"POLYGON ((7.7940915 49.4549811, 7.7936483 49.4548208, 7.7934295 49.4547416, 7.7932354 49.4549684, 7.7938973 49.4552079, 7.7940503 49.4550292, 7.7940915 49.4549811))",,Kaiserslautern,105,67657,Mainzer Straße,restaurant,"[1142768268, 3962406662, 1142767959, 1142768081, 1142769739, 1142769508, 1142768268]",retail,Gourmet World,"Mo,We-Fr 11:30-15:00,17:30-23:00; Tu off; Sa 11:30-22:30; Su,PH 11:30-23:00",,+49 631 3615188,,http://gourmetworld-kaiserslautern.de/,yes,,,,,,,,1,,,,,,,,,,asian,,,,,,,yes,,,,,,,,,,,,,,,
way,98863112,"POLYGON ((7.7964546 49.4553374, 7.7962538 49.4552618, 7.7961411 49.4552194, 7.7960736 49.4552952, 7.7961864 49.4553376, 7.796171 49.455355, 7.7963717 49.4554305, 7.7964546 49.4553374))",,Kaiserslautern,126,67657,Mainzer Straße,,"[1143727611, 5568555692, 1143726638, 1143727297, 5568555693, 1143727465, 1143726869, 1143727611]",retail,,,,,,,,,,,,,,,4,,,,,,,,,,,,,,,,,,,,,,,,,,,,,,,,
way,99702245,"POLYGON ((7.7635383 49.4334732, 7.7635574 49.4334259, 7.7636259 49.4334376, 7.7636903 49.4332785, 7.7636294 49.4332681, 7.7636498 49.4332177, 7.763132 49.4331291, 7.7631384 49.4331135, 7.7629892 49.433088, 7.7629576 49.4331662, 7.7630205 49.433177, 7.7629621 49.4333211, 7.7634279 49.4334009, 7.7634077 49.4334509, 7.7635383 49.4334732))",,Kaiserslautern,17,67663,Zollamtstraße,,"[1152737918, 1152738352, 1152738335, 1152738709, 1152738903, 1152738092, 1152738608, 1152739177, 1152738445, 1152738535, 1152738745, 1152738208, 1152739317, 1152738330, 1152737918]",retail,,,,,,,,,,,,,,DE,,,,,,,,,,,,,,,,,,,,,,,,,,,,,,,,,
way,99702247,"POLYGON ((7.7639826 49.4342001, 7.763886 49.4341784, 7.7639364 49.4340837, 7.7635817 49.4340039, 7.7635992 49.433971, 7.763246 49.4338915, 7.7632302 49.4339212, 7.7631441 49.4339019, 7.7630422 49.4340948, 7.7630269 49.4341222, 7.7639175 49.4343225, 7.7639826 49.4342001))",,Kaiserslautern,30,67663,Zollamtstraße,,"[1152738837, 1152738427, 1152739017, 1152739123, 1152738187, 1152738892, 1152737813, 1152737939, 1152738965, 1152739149, 1152738675, 1152738837]",retail,,,,,,,,,,,,,,DE,1,,,,,flat,,,,,,,,,,,,,,,,,,,,,,,,,,,
way,99702263,"POLYGON ((7.7721755 49.4372083, 7.7722525 49.4372188, 7.7722274 49.4372964, 7.7721504 49.4372859, 7.7721755 49.4372083))",,Kaiserslautern,74,67655,Eisenbahnstraße,,"[1152738328, 1152738690, 1152738880, 1152738043, 1152738328]",retail,Betzebud,,,,kiosk,,,,,,2023-04-11,,,,1,,,,,,,,,,,,,,,,,,no,,,,,,,,,,,,,,
way,99702265,"POLYGON ((7.7680537 49.4353653, 7.7680272 49.4354163, 7.7681768 49.4354491, 7.7681899 49.4354237, 7.7687794 49.435553, 7.7687865 49.4355391, 7.7689134 49.435567, 7.7689198 49.4355547, 7.769006 49.4353884, 7.7690223 49.435357, 7.7688207 49.4353128, 7.7682221 49.4351815, 7.7681193 49.4353797, 7.7680537 49.4353653))",,,,,,,"[1152738807, 1152739145, 1152738358, 1152738696, 1152738663, 1152738256, 1152738382, 1152739047, 1152738763, 1152738771, 707095353, 4470227674, 4470227675, 1152738807]",retail,,,,,,,,,,,,,,,,,,,,,,,,,,,,,,,,,,,,,,,,,,,,,,,
way,99702275,"POLYGON ((7.7643291 49.434038, 7.7641646 49.4343617, 7.764189 49.434368, 7.7641189 49.4344947, 7.7641844 49.4345093, 7.7641744 49.4345283, 7.7643894 49.4345762, 7.7644487 49.4345206, 7.7646116 49.4345808, 7.7647863 49.4346454, 7.7652606 49.434751, 7.7652456 49.4347796, 7.7659491 49.4349362, 7.7661234 49.434605, 7.7656073 49.4344902, 7.7656442 49.43442, 7.7656862 49.4343402, 7.7655231 49.4343039, 7.7652605 49.4342454, 7.7649589 49.4341782, 7.7649509 49.4341764, 7.7648376 49.4341512, 7.7646012 49.4340986, 7.7643291 49.434038))",,Kaiserslautern,28,67663,Zollamtstraße,,"[1152738090, 1152739311, 1152739120, 1152738442, 1152738826, 1152739134, 1152738229, 1152738551, 3812343064, 1152738922, 1152739256, 1152738425, 811432692, 3812343066, 3812343063, 3812343061, 811432694, 6873844341, 6873844348, 6873844344, 6873844349, 3812343060, 6873844350, 1152738090]",retail,E-Center,Mo-Sa 08:00-22:00,,+49 631 3106850,mall,https://www.edeka.de,yes,,,,2021-01-04,,,,2,,,,,,,,,,,,,,+49 631 31068537,,,yes,,yes,2023-01-31,yes,,,,,,,,,,,
way,99702291,"POLYGON ((7.7647225 49.4338152, 7.7646963 49.4338664, 7.7648428 49.433898, 7.7649358 49.4337117, 7.7647745 49.4336027, 7.7644056 49.4335232, 7.7643732 49.4335868, 7.7644057 49.4335938, 7.7643602 49.4336831, 7.7643944 49.4336905, 7.7643678 49.4337428, 7.764299 49.4337282, 7.7642967 49.4337497, 7.7643058 49.4337739, 7.764332 49.4337968, 7.764369 49.4338127, 7.7645494 49.4338507, 7.7645828 49.4337851, 7.7647225 49.4338152))",,Kaiserslautern,15,67663,Zollamtstraße,,"[1152738615, 1152738984, 1152737836, 1152737978, 1152738397, 1152738778, 1152739085, 1152739161, 1152738147, 1152738859, 1152739277, 1152738572, 1152738064, 1152738698, 1152738810, 1152738363, 1152738277, 1152738724, 1152738615]",retail,,,,,,,,,,,,,,DE,,,,,,,,,,,,,,,,,,,,,,,,,,,,,,,,,
way,99942842,"POLYGON ((7.7483264 49.4231425, 7.7483335 49.4231586, 7.748344 49.4231822, 7.7487953 49.4230976, 7.7487736 49.4230486, 7.748854 49.4230335, 7.7487571 49.4228194, 7.7486969 49.4228309, 7.7486779 49.4227879, 7.748573 49.4228076, 7.7485932 49.4228533, 7.7481003 49.4229457, 7.7481981 49.4231665, 7.74828 49.4231511, 7.7483264 49.4231425))",,Kaiserslautern,1,67663,Kurt-Schumacher-Straße,,"[2497652524, 2497652526, 2497652530, 2497652521, 2497652520, 1155346725, 1155346721, 2497652512, 2497652510, 2497652511, 2497652514, 1155346723, 2497652527, 2497652525, 2497652524]",retail,Lidl,Mo-Sa 07:00-22:00,,,supermarket,https://www.lidl.de/filialen/kaiserslautern/kurt-schumacher-str-1.html,yes,Lidl,Q151954,en:Lidl,2023-03-25,,yes,DE,1,,,,,many,,,,,,,,,,,,,,,,,Bing,,,,,,,,,,
way,100131000,"POLYGON ((7.7557055 49.4358573, 7.7554774 49.4357245, 7.7552862 49.4358647, 7.7553737 49.4359155, 7.755144 49.4360832, 7.7552845 49.4361646, 7.7557055 49.4358573))",,Kaiserslautern,121,67655,Königstraße,,"[1157476058, 1157476439, 1157476330, 1157475894, 1157476029, 1157476295, 1157476058]",retail,dm,Mo-Sa 08:00-21:00,,,chemist,,yes,dm,Q266572,en:Dm-drogerie markt,2022-09-20,,,DE,,,,,,,,,,,,,,,,,,,,,,,,,,,,,,,,,
way,100131017,"POLYGON ((7.7570152 49.4372377, 7.7563614 49.436857, 7.7560319 49.4370963, 7.7566857 49.437477, 7.7570152 49.4372377))",,Kaiserslautern,115,67655,Königstraße,,"[1157475598, 1157476014, 1157476425, 1157475914, 1157475598]",retail,ALDI Süd,Mo-Sa 08:00-21:00,,,supermarket,https://www.aldi-sued.de,yes,ALDI Süd,Q41171672,en:Aldi,2023-03-25,,,DE,1,,,,,,,,,,,,,,,,,,,,,,,,,,,,,,,,
way,100131039,"POLYGON ((7.7552467 49.4355914, 7.7554774 49.4357245, 7.7552862 49.4358647, 7.7551969 49.4358132, 7.7550046 49.4359541, 7.7550203 49.4359632, 7.7549653 49.4360036, 7.7549083 49.4359707, 7.7549262 49.4359576, 7.7548261 49.4358999, 7.7552467 49.4355914))",,Kaiserslautern,123,67655,Königstraße,,"[1157476481, 1157476439, 1157476330, 1157475801, 1157476202, 1157476076, 1157476191, 1157475938, 1157476343, 1157476523, 1157476481]",retail,Alnatura,Mo-Sa 08:00-20:00,,+496313036887,supermarket,https://www.alnatura.de/,yes,Alnatura,Q876811,de:Alnatura,,,,DE,,,,,,,,,,,,,,,,,,,,,,,,Bio,only,,,,,,,,
way,100131111,"POLYGON ((7.7563049 49.4368168, 7.7561382 49.4367251, 7.7558779 49.4369252, 7.7560447 49.4370169, 7.7563049 49.4368168))",,Kaiserslautern,117,67655,Königstraße,,"[1157476155, 1157476257, 1157475715, 1157475992, 1157476155]",retail,alldrink,Mo-Fr 09:00-19:00; Sa 08:00-16:00,,,beverages,,yes,alldrink,Q110155637,,2021-10-09,,,DE,1,,,,,,,,0,,,,,,,,,,,,,,,,,,,,,,,,
way,100131142,"POLYGON ((7.7557538 49.4362507, 7.7556997 49.4362193, 7.7559687 49.4360245, 7.7557037 49.4358704, 7.7556366 49.4359155, 7.7556861 49.4359442, 7.755307 49.4362228, 7.7555281 49.4363513, 7.7555594 49.4363285, 7.755608 49.4363568, 7.7557538 49.4362507))",,Kaiserslautern,119,67655,Königstraße,,"[1157476373, 1157475851, 1157476503, 1157475826, 1157476099, 1157476483, 1157476332, 1157475806, 1157476193, 1157475933, 1157476373]",retail,Lidl,Mo-Sa 07:00-22:00,,,supermarket,,yes,Lidl,Q151954,en:Lidl,2023-03-25,,,DE,,,,,,,,,,,,,,,,,,,,,,,,,,,,,,,,,
way,100970796,"POLYGON ((7.7668281 49.4410943, 7.7667266 49.4411316, 7.7668675 49.4412557, 7.7669546 49.4412211, 7.7668817 49.4411501, 7.7668281 49.4410943))",,Kaiserslautern,19,67655,Pirmasenser Straße,,"[1166352053, 1166352174, 1166352098, 1166352027, 1166351985, 1166352053]",retail,,,,,,,,,,,,,,DE,1,,,,,,,,0,,,,,,,,,,,,,,,,,,,,,,,,
way,102214811,"POLYGON ((7.7119582 49.442533, 7.7121351 49.4420805, 7.7122994 49.4416601, 7.7128168 49.4417456, 7.7128042 49.4417779, 7.7141493 49.4420001, 7.7141682 49.4419518, 7.7143897 49.4419884, 7.7143321 49.4421355, 7.7142284 49.4421184, 7.714115 49.4424085, 7.713928 49.4428871, 7.7134389 49.4428063, 7.7134507 49.4427762, 7.7132578 49.4427444, 7.7132207 49.4428392, 7.7129718 49.4427981, 7.7130076 49.4427064, 7.7119582 49.442533))",,Kaiserslautern,64,67663,Merkurstraße,,"[1179616629, 1180604025, 1179616633, 1180605313, 1180604809, 1180604982, 1180604607, 1179616635, 1180604479, 1180603985, 1179619167, 1179616637, 1180604529, 1180605174, 1180604154, 5044460798, 1180604623, 1180604699, 1179616629]",retail,,,,,,,,,,,,,,DE,2,,,,,,,,,,,,,,,,,,,,,,,,,,,,,,,,
way,102214907,"POLYGON ((7.7145555 49.4424813, 7.7143676 49.4424502, 7.714115 49.4424085, 7.713928 49.4428871, 7.7138744 49.4430243, 7.7143149 49.443097, 7.7145555 49.4424813))",,Kaiserslautern,62,67663,Merkurstraße,,"[1179619181, 4259445362, 1179619167, 1179616637, 1179619184, 1179619186, 1179619181]",retail,POCO,Mo-Fr 10:00-20:00; Sa 09:00-19:00,,,furniture,,yes,POCO,Q1714820,de:Poco (Möbelhaus),,,,,,,,,,,,,,,,,,,,,,,,,,,,,,,,,,,,,
way,102272125,"POLYGON ((7.7140369 49.440325, 7.7127865 49.4401316, 7.7126922 49.4403894, 7.713344 49.4404902, 7.7133797 49.4405428, 7.7132884 49.4407925, 7.713835 49.440877, 7.7140369 49.440325))",,Kaiserslautern,51a,67663,Merkurstraße,,"[1180605301, 1180604896, 1180604005, 3697650172, 3697650175, 1180604710, 1180605156, 1180605301]",retail,,,,,,,,,,,,,,DE,,,,,,,,,,,,,,,,,,,,,,,,,,,,,,,,,
way,102272196,"POLYGON ((7.7170311 49.4424623, 7.7164774 49.4423745, 7.7161945 49.4431278, 7.7167482 49.4432157, 7.7170311 49.4424623))",,Kaiserslautern,44,67663,Merkurstraße,,"[1180605250, 1180604953, 1180605424, 1180605111, 1180605250]",retail,,,,,,,,,,,,,,,,,,,,,,,,,,,,,,,,,,,,,,,,,,,,,,,
way,103144898,"POLYGON ((7.7635611 49.439219, 7.7634811 49.4392998, 7.7635296 49.4393201, 7.7634996 49.4393504, 7.7635447 49.4393693, 7.7635584 49.4393555, 7.7636626 49.4393992, 7.763759 49.4393019, 7.7635611 49.439219))",,Kaiserslautern,58,67655,Pirmasenser Straße,restaurant,"[1190957689, 1190957367, 1190957533, 1190958301, 1190957913, 1190958938, 1190957009, 1190959773, 1190957689]",retail,Zur Wackenmühle,"Mo,We-Fr 11:00-13:30,17:00-22:00; Sa 17:00-18:00+; Su 11:00-14:00,17:00-18:00+",,,,,no,,,,,,,DE,2,,,,,,,,1,,german,,,,,,,,,,,,,,,,,,,,,,
way,103400085,"POLYGON ((7.767524 49.4377645, 7.7677707 49.4378169, 7.7677842 49.4377901, 7.7677939 49.4377709, 7.7677961 49.4377665, 7.7675493 49.4377141, 7.767524 49.4377645))",,,,,,pub,"[1193996422, 1193996469, 1857928982, 4396687860, 1193995979, 1193995867, 1193996422]",retail,Zack Zack,,,,,,limited,,,,,,,,,,,,,,,,,,,,,,,,,,,,,,,,,,,,,,,,
way,104122195,"POLYGON ((7.7782955 49.4399013, 7.7791646 49.4400697, 7.7792639 49.4398531, 7.7791321 49.4398275, 7.7791503 49.4397879, 7.7789286 49.439745, 7.7789105 49.4397845, 7.7784726 49.4396996, 7.7784028 49.4398518, 7.7783251 49.4398368, 7.7782955 49.4399013))",,Kaiserslautern,60,67655,Augustastraße,,"[1201451768, 1201452884, 1201452560, 1201451897, 1201451408, 1201452728, 1201452095, 1201451546, 1201453473, 1201452223, 1201451768]",retail,Lidl,Mo-Sa 08:00-21:00,,,supermarket,,yes,Lidl,Q151954,en:Lidl,2022-12-21,,yes,,1,,,,,,,,0,,,,,,,,,,,,,,,,,,,,,,,,
way,104497622,"POLYGON ((7.7784293 49.4477258, 7.7780882 49.4479242, 7.7783228 49.4480947, 7.7783727 49.4480656, 7.7785033 49.4480821, 7.7787346 49.4479476, 7.7784293 49.4477258))",,Kaiserslautern,13,67655,Mannheimer Straße,,"[1205660295, 1205660244, 1205660009, 1205659680, 1205660124, 1205660021, 1205660295]",retail,,,,,,,,,,,,,,DE,,,,,,,,,,,,,,,,,,,,,,,,,,,,,,,,,
way,104497645,"POLYGON ((7.7770389 49.4496111, 7.7770627 49.449523, 7.7772603 49.4495491, 7.7772975 49.4494124, 7.7774968 49.449438, 7.7778591 49.4494845, 7.77782 49.4496171, 7.7778037 49.449671, 7.777793 49.4497051, 7.7770389 49.4496111))",,Kaiserslautern,4,67657,Gersweilerweg,,"[1205660030, 1205660371, 1205659843, 1205660147, 8644199231, 1205660086, 8644199227, 8644199228, 1205660052, 1205660030]",retail,Netto Marken-Discount,Mo-Sa 07:00-21:00,Netto Marken-Discount Stiftung & Co. KG,,supermarket,https://www.netto-online.de,yes,Netto Marken-Discount,Q879858,de:Netto Marken-Discount,,,,,,,,,,,,,,,,,,,,,,,,,,,,,,,,,,,,,
way,104497663,"POLYGON ((7.7803823 49.4489968, 7.7800911 49.4491749, 7.7802146 49.4492602, 7.7804446 49.4491195, 7.7804698 49.4491309, 7.7805006 49.4491315, 7.7805255 49.4491176, 7.780708 49.4492464, 7.780839 49.4491662, 7.7805483 49.4489654, 7.7804362 49.449034, 7.7803823 49.4489968))",,Kaiserslautern,30,67657,Mainzer Straße,,"[1205660277, 1205660041, 1205660231, 1205660073, 1205660176, 1205660006, 1205660401, 1205659857, 1205659649, 1205659994, 1205659895, 1205660277]",retail,,,,,,,,,,,,,,DE,1,,,,,,,,0,,,,,,,,,,,,,,,,,,,,,,,,
way,104497687,"POLYGON ((7.7775458 49.4474959, 7.7774594 49.4475461, 7.7774732 49.4475577, 7.7778973 49.4478642, 7.778028 49.4479592, 7.7780882 49.4479242, 7.7784293 49.4477258, 7.7779584 49.4473836, 7.777802 49.4474746, 7.7778588 49.4475158, 7.7777963 49.4475522, 7.7778735 49.4476082, 7.7777774 49.4476641, 7.7775458 49.4474959))",,Kaiserslautern,11,67655,Mannheimer Straße,,"[1204297158, 1205659916, 1205660134, 1205660325, 1205659648, 1205660244, 1205660295, 1204296888, 1204296988, 1204297130, 1204297062, 1204296948, 1204297207, 1204297158]",retail,,,,,,,,,,,,,,DE,,,,,,,,,,,,,,,,,,,,,,,,,,,,,,,,,
way,104497716,"POLYGON ((7.7800392 49.4488087, 7.7798101 49.4489447, 7.7800621 49.4491241, 7.7802913 49.448988, 7.7800392 49.4488087))",,Kaiserslautern,28,67657,Mainzer Straße,,"[1205659932, 1205659862, 1205660195, 1205660117, 1205659932]",retail,,,,,,,,,,,,,,DE,,,,,,,,,,,,,,,,,,,,,,,,,,,,,,,,,
way,104510331,"POLYGON ((7.7412176 49.4405226, 7.7412936 49.4405422, 7.7412859 49.4405549, 7.7413562 49.4405731, 7.7413631 49.4405617, 7.7415031 49.4405979, 7.741565 49.4404967, 7.7414114 49.4404569, 7.7414192 49.4404441, 7.7412866 49.4404098, 7.7412176 49.4405226))",,Kaiserslautern,208,67663,Pariser Straße,fast_food,"[1205778957, 1205778913, 1205778986, 1205779002, 1205779041, 1205778991, 1205778974, 1205779033, 1205778967, 1205779006, 1205778957]",retail,Burger King,"Mo-Th,Su 10:00-24:00; Fr-Sa 10:00-02:00",,,,,limited,Burger King,Q177054,en:Burger King,,,,,,,,,,,,,,,burger,yes,,,,,,,,,,,,,,,,,,,,,
way,105146252,"POLYGON ((7.7786305 49.4446441, 7.7786503 49.4447218, 7.7787756 49.4447083, 7.7787558 49.4446306, 7.7786305 49.4446441))",,,,,,,"[1211836347, 1211836137, 1211836771, 1211835864, 1211836347]",retail,Lober,"Mo-Fr 06:00-20:00; Sa 07:30-21:00; Su 08:00-13:00,17:00-21:00",,,kiosk,,,,,,,,,,,,,,,,,,,,,,,,,,,,,,,,,,,,,,,,,,
way,106369349,"POLYGON ((7.7849945 49.4443193, 7.7855527 49.4444827, 7.7856687 49.4443152, 7.785734 49.4443343, 7.7857886 49.4442554, 7.7851651 49.4440729, 7.7850819 49.4441931, 7.7849945 49.4443193))",,Kaiserslautern,42,67655,Altenwoogstraße,,"[1224118993, 1224118396, 1224118577, 1224118307, 1224118801, 1224118923, 1224118369, 1224118993]",retail,PENNY,Mo-Sa 07:30-22:00,,,supermarket,,yes,PENNY,Q284688,en:Penny (supermarket),,,,DE,,,,,,,,,,,,,,,,,,,,,,,,,,,,,,,,,
way,106749932,"POLYGON ((7.7533932 49.4430149, 7.7534686 49.4430229, 7.7534824 49.4429678, 7.7534071 49.4429598, 7.7533932 49.4430149))",,,,,,fast_food,"[1227778947, 1227781947, 1227779240, 1227782262, 1227778947]",retail,Thai Chili House,,,,,,,,,,,,,,,,,,,,,,,,thai,yes,,,,,,,,,,,,,,,,,,,,,
way,107424929,"POLYGON ((7.7954439 49.4475286, 7.7959473 49.4472407, 7.7961556 49.4474025, 7.7962181 49.4473685, 7.7962896 49.447424, 7.7957171 49.4477304, 7.7954439 49.4475286))",,Kaiserslautern,21,67657,Mennonitenstraße,,"[1234664346, 1234664345, 1602141135, 1602141120, 7326741507, 1234664343, 1234664346]",retail,Lidl,Mo-Sa 08:00-21:00,,,supermarket,,yes,Lidl,Q151954,en:Lidl,,,,,,,,,,,,,,,,,,,,,,,,,,,,,,,,,,,,,
way,107424930,"POLYGON ((7.7949581 49.4467614, 7.7950439 49.4468293, 7.7950638 49.4468187, 7.7950942 49.4468428, 7.7950787 49.4468511, 7.7951636 49.4469184, 7.7952724 49.4468603, 7.7952564 49.4468477, 7.7952918 49.4468288, 7.7953105 49.4468436, 7.7954155 49.4467876, 7.7953277 49.446718, 7.795298 49.4467338, 7.7952693 49.4467111, 7.7952931 49.4466984, 7.7952074 49.4466304, 7.7951 49.4466877, 7.7951125 49.4466976, 7.795077 49.4467166, 7.795063 49.4467055, 7.7949581 49.4467614))",,Kaiserslautern,87,67657,Donnersbergstraße,,"[1234664340, 2363051411, 2363051409, 2363051412, 2363051416, 1234664344, 2363051418, 2363051415, 2363051410, 2363051414, 1234664342, 2363051404, 2363051406, 2363051402, 2363051400, 1234664347, 2363051398, 2363051399, 2363051403, 2363051401, 1234664340]",retail,,,,,,,,,,,,,,,,,,,,,,,,,,,,,,,,,,,,,,,,,,,,,,,
way,108381072,"POLYGON ((7.7911348 49.4505066, 7.7916211 49.4507361, 7.7913806 49.4509515, 7.7912166 49.4508742, 7.7911652 49.4509202, 7.790908 49.4507989, 7.7911178 49.450611, 7.7910526 49.4505802, 7.7911348 49.4505066))",,Kaiserslautern,96,67657,Friedenstraße,,"[1243748688, 1243748680, 9267713348, 9267713343, 9267713340, 1234517533, 9267713341, 9267713342, 1243748688]",retail,Netto Marken-Discount,Mo-Sa 07:00-21:00,Netto Marken-Discount Stiftung & Co. KG,,supermarket,https://www.netto-online.de,yes,Netto Marken-Discount,Q879858,de:Netto Marken-Discount,,,,,,,,,,,,,,,,,,,,,,,,,,,,,,,,,,,,,
way,109079424,"POLYGON ((7.7811778 49.4495116, 7.7810243 49.4493895, 7.7808745 49.4494684, 7.7808926 49.4496363, 7.7810771 49.44971, 7.7811502 49.4496318, 7.7810304 49.4495877, 7.7811778 49.4495116))",,Kaiserslautern,36,67657,Mainzer Straße,,"[630736579, 630736575, 1249830777, 1249830581, 1249829802, 1249830511, 1249830071, 630736579]",retail,,,,,,,,,,,,,,DE,,,,,,,,,,,,,,,,,,,,,,,,,,,,,,,,,
way,113688736,"POLYGON ((7.749577 49.4521798, 7.7494618 49.4521688, 7.7494816 49.4520637, 7.7495665 49.4520256, 7.7496204 49.4520251, 7.7496398 49.4520252, 7.749577 49.4521798))",,,,,,fast_food,"[1288892754, 1288893342, 1934990856, 1288893450, 7287927956, 1288892594, 1288892754]",retail,Öz-Kebaphaus,"Mo-Sa 11:00-23:00; Su, PH 12:00-22:00",,,,,,,,,,no,,,,,,,,,,,,,kebab,yes,,,,,yes,,,,,,,,,,,,,,,,
way,114084645,"POLYGON ((7.7382308 49.442337, 7.7379124 49.4422748, 7.7381405 49.4417809, 7.7383796 49.4418276, 7.7385335 49.4418577, 7.7383272 49.4423044, 7.7382525 49.4422898, 7.7382308 49.442337))",,Kaiserslautern,40,67659,Vogelwoogstraße,,"[1292971176, 1292971025, 1292971200, 1292971030, 1292971397, 1292971053, 1292971007, 1292971176]",retail,Lidl,Mo-Sa 07:00-22:00,,,supermarket,,,Lidl,Q151954,en:Lidl,,,,,,,,,,,,,,,,,,,,,,,,,,,,,,,,,,,,,
way,155782145,"POLYGON ((7.7460295 49.4431616, 7.7462538 49.4430193, 7.7462784 49.4430037, 7.7464923 49.4431463, 7.7460361 49.4434358, 7.7458821 49.4433332, 7.7459161 49.4433116, 7.7458561 49.4432716, 7.7460295 49.4431616))",,Kaiserslautern,8,67659,Berliner Straße,,"[1681452858, 1681452792, 1681452784, 1681452850, 1681453014, 1681452953, 1681452940, 1681452925, 1681452858]",retail,,,,,,,,,,,,,,,,,,,,,,,,,,,,,,,,,,,,,,,,Netto,supermarket,,,,,,
way,159089801,"POLYGON ((7.7712132 49.4336168, 7.7712666 49.4335474, 7.7710168 49.4334661, 7.7709634 49.4335356, 7.7712132 49.4336168))",,Kaiserslautern,12,67663,Bremerstraße,,"[1711884240, 1711884233, 1711884229, 1711884232, 1711884240]",retail,,,,,,,,,,,,,,DE,,,,,,,,,,,,,,,,,,,,,,,,,,,,,,,,,
way,176693971,"POLYGON ((7.7815862 49.4309474, 7.7820852 49.4309444, 7.7820807 49.4306231, 7.7815817 49.430626, 7.7815862 49.4309474))",,Kaiserslautern,2,67663,St.-Quentin-Ring,,"[1871729275, 1871729271, 1871729242, 1871729245, 1871729275]",retail,,,,,,,,,,,,,,DE,,,,,,,,,,,,,,,,,,,,,,,,,,,,,,,,,
way,185102746,"POLYGON ((7.7257382 49.4299657, 7.7257375 49.4298034, 7.7257168 49.4298035, 7.7257166 49.4297674, 7.7257165 49.4297255, 7.7257163 49.4296829, 7.7260449 49.4296823, 7.7260451 49.4297297, 7.7260466 49.4300937, 7.7257479 49.4300942, 7.725718 49.4300943, 7.7257178 49.4300512, 7.7257175 49.4299658, 7.7257382 49.4299657))",,Kaiserslautern,154,67663,Leipziger Straße,,"[1956828459, 1956828429, 1956828430, 1956828422, 1956828409, 1956828397, 1956828392, 1956828411, 1956828490, 1956828491, 1956828492, 1956828483, 1956828460, 1956828459]",retail,,,,,,,,,,,,,,DE,,,,,,,,,,,,,,,,,,,,,,,,,,,,,,,,,
way,221516312,"POLYGON ((7.7304279 49.4396629, 7.7304362 49.4396856, 7.7304197 49.4396985, 7.7303906 49.4397043, 7.7303239 49.4396789, 7.7302898 49.439666, 7.7303187 49.4396339, 7.7303271 49.4396245, 7.7304279 49.4396629))",,,,,,,"[2305443263, 2305443270, 2305443273, 2305443274, 2305443267, 2305443264, 2305443262, 2305443258, 2305443263]",retail,,,,,,,,,,,,,,,,,,,,,,,,,,,,,,,,,,,,,,,,,,,,,,,
way,258877227,"POLYGON ((7.7403642 49.4323622, 7.7392391 49.4320466, 7.7392068 49.4321005, 7.7390878 49.4320695, 7.7390088 49.4321816, 7.738981 49.432224, 7.7390217 49.4322858, 7.739239 49.4323462, 7.7392229 49.4323707, 7.7394033 49.4324208, 7.7394187 49.4323974, 7.7401987 49.4326141, 7.7403642 49.4323622))",,Kaiserslautern,28,67663,Hohenecker Straße,,"[2641889062, 2641889039, 1225356720, 1225356758, 2641889048, 2641889050, 2641889053, 2641889055, 2641889065, 2641889069, 2641889067, 2641889071, 2641889062]",retail,,,,,,,,,,,,,,DE,,,,,,,,,,,,,,,,,,,,,,,,,,,,,,,,,
way,321841430,"POLYGON ((7.7544349 49.4336983, 7.7547534 49.4335923, 7.7548118 49.4335728, 7.7547354 49.4334758, 7.754677 49.4334953, 7.7544466 49.4332026, 7.7541282 49.4333086, 7.7543717 49.433618, 7.7544349 49.4336983))",,Kaiserslautern,4,67663,Carl-Euler-Straße,,"[3286092436, 3286092435, 3286092434, 3286092432, 3286092433, 770923952, 770923953, 1147134525, 3286092436]",retail,Netto Marken-Discount,Mo-Sa 07:00-21:00,Netto Marken-Discount Stiftung & Co. KG,,supermarket,https://www.netto-online.de,yes,Netto Marken-Discount,Q879858,de:Netto Marken-Discount,,,,,2,,,concrete,,gabled,,,,,,,,,,,,,,,,,,,,,,,,,,,
way,325697632,"POLYGON ((7.7789517 49.4491541, 7.7788723 49.4492416, 7.7789431 49.4492687, 7.7790054 49.4492926, 7.7790647 49.4493154, 7.7789673 49.4494227, 7.7789128 49.4494828, 7.778956 49.4494993, 7.7789807 49.4495088, 7.7790017 49.4494857, 7.7791522 49.4493199, 7.7794221 49.4494234, 7.7794516 49.4494347, 7.7794698 49.4494147, 7.7795547 49.4494472, 7.7795365 49.4494673, 7.7795929 49.4494889, 7.7796111 49.4494689, 7.7796909 49.4494995, 7.7796728 49.4495195, 7.7797027 49.449531, 7.7796462 49.4495933, 7.7796941 49.4496117, 7.7798105 49.4494835, 7.7795115 49.4493688, 7.7790802 49.4492034, 7.7790104 49.4491766, 7.7789517 49.4491541))",,Kaiserslautern,27,67657,Mainzer Straße,,"[4829677162, 3323152357, 3323152358, 3323152360, 3323156561, 3323156567, 3323156575, 3323156581, 3323156583, 3323156577, 3323156562, 3323156568, 3323156570, 3323156566, 3323156571, 3323156573, 3323156579, 3323156574, 3323156582, 3323156586, 3323156587, 3323156601, 3323156605, 3323156576, 3323156564, 3323152356, 3323152355, 4829677162]",retail,,,,,,,,,,,,,,DE,2,,,tar_paper,,,,,,,,,,,,,,,,,,,,,,,,#ffffff,,,,,
way,341008354,"POLYGON ((7.7649365 49.4436267, 7.7648644 49.4436862, 7.7648208 49.4437247, 7.7644962 49.4439902, 7.7645665 49.4440262, 7.7645092 49.4440735, 7.7645461 49.4440925, 7.7645308 49.4441051, 7.764883 49.4442854, 7.7649536 49.4442271, 7.7651288 49.4443168, 7.7651959 49.4442614, 7.7653539 49.4443402, 7.765444 49.4443534, 7.7655474 49.4443745, 7.7656339 49.4443955, 7.7657222 49.4444248, 7.765795 49.44445, 7.7658834 49.4444869, 7.7659388 49.4444825, 7.7659374 49.4445252, 7.7659631 49.4445681, 7.7660093 49.4445992, 7.7660728 49.4446172, 7.7660538 49.4446499, 7.7664135 49.445109, 7.7667897 49.4453606, 7.7672904 49.4453324, 7.7673719 49.4450921, 7.7671989 49.4450354, 7.7670548 49.4449792, 7.7668675 49.4449005, 7.7667364 49.4448333, 7.7666111 49.4447656, 7.7665202 49.444696, 7.7664259 49.4446228, 7.7663317 49.4445333, 7.7662798 49.4445309, 7.7662809 49.4444849, 7.7662616 49.4444507, 7.7662384 49.4444298, 7.7662075 49.4444124, 7.7661473 49.4443955, 7.766158 49.4443612, 7.7658373 49.444088, 7.7657355 49.4440342, 7.7657038 49.4440624, 7.7655496 49.4439835, 7.7655817 49.443957, 7.7649365 49.4436267))",,Kaiserslautern,1,67655,Fackelrondell,,"[339232590, 339232609, 1936465304, 1086960578, 1086960673, 1086961168, 1086960956, 339232598, 1086961188, 1086961081, 339232599, 339232597, 339232596, 2741597379, 2985595254, 2985595255, 2985595256, 2985595257, 2741597387, 2741597388, 2741597390, 2741597393, 2741597395, 2741597397, 2741597400, 2741597408, 2741597409, 2741597410, 2741597407, 2741597406, 2741597405, 2741597404, 2741597403, 2741597402, 2741597401, 2741597399, 2741597392, 2741597391, 2741597389, 2741597386, 3415566692, 2741597384, 2741597382, 2741597380, 2741597378, 3373187357, 339232592, 1086960830, 1086960729, 339232590]",retail,K in Lautern,Mo-Sa 09:30-20:00,ECE Projektmanagement GmbH & Co. KG,,mall,https://www.k-in-lautern.de/,yes,,,,,wlan,,,,,,,,,,,,,,,,,,,,,,,,,,,,,,,vertical,Q19287443,,,
way,364978354,"POLYGON ((7.7001987 49.4409663, 7.7007014 49.4395512, 7.7020723 49.4397571, 7.7015695 49.4411722, 7.7001987 49.4409663))",,Kaiserslautern,3,67663,Opelkreisel,,"[3690058012, 3690058008, 3690058009, 3690058013, 3690058012]",retail,IKEA,"Mo-Sa 10:00-20:00; Su,PH off",,,furniture,https://www.ikea.com/de/de/store/kaiserslautern,yes,IKEA,Q54078,en:IKEA,,,yes,,,,,,,,,,,,,,,,,,,,,,,,,Kaiserslautern,,,,,,,IKEA Kaiserslautern,2015-08-13,
way,367719242,"POLYGON ((7.7107427 49.4417153, 7.7108503 49.4416505, 7.710746 49.4415772, 7.7106383 49.441642, 7.7107427 49.4417153))",,,,,,,"[3716098140, 3716098139, 3716098137, 3716098138, 3716098140]",retail,,,,,,,,,,,,,,,,,,,,,,,,,,,,,,,,,,,,,,,,,,,,,,,Musterhaus
way,450101110,"POLYGON ((7.7682221 49.4351815, 7.767825 49.4350944, 7.7678542 49.4350381, 7.7676965 49.4350035, 7.7675358 49.4349683, 7.7674775 49.4350808, 7.7675325 49.4350928, 7.7674588 49.4352348, 7.7680537 49.4353653, 7.7681193 49.4353797, 7.7682221 49.4351815))",,Kaiserslautern,18,67663,Zollamtstraße,,"[4470227674, 707095346, 707095322, 4470227673, 707095310, 707095324, 1152739037, 1152738722, 1152738807, 4470227675, 4470227674]",retail,Netto Marken-Discount,Mo-Sa 07:00-22:00,Netto Marken Discount,,supermarket,https://www.netto-online.de,yes,Netto Marken-Discount,Q879858,de:Netto Marken-Discount,,,,,,,,,,,,,,,,,,,,,,,,,,,,,,,,,,,,,
way,490779048,"POLYGON ((7.7790104 49.4491766, 7.7790417 49.4491422, 7.7790325 49.4491387, 7.7789829 49.4491197, 7.7789517 49.4491541, 7.7790104 49.4491766))",,,25,,Mainzer Straße,fast_food,"[3323152355, 3323152353, 4829677161, 3323152352, 4829677162, 3323152355]",retail,Max und Moritz,Mo-Sa 11:00-23:00; Su 17:00-23:00,,+49 631 44290,,,,,,,,,,,1,,,,,,,,,,,,,,,,,,,,,,,,,,,,,,,,
way,617568893,"POLYGON ((7.7990176 49.4556043, 7.7987786 49.4555487, 7.7989264 49.4552804, 7.7991654 49.455336, 7.7990176 49.4556043))",,Kaiserslautern,67,67657,Straßburger Allee,,"[5837796124, 5837796123, 5837796122, 5837796121, 5837796124]",retail,Deutsche Reihenhaus AG,,,,,,,,,,,,,,,,,,,,,,,,,,,,,,,,,,,,,,,,,,,,,,
way,1122244713,"POLYGON ((7.7262325 49.4388257, 7.7261676 49.4388192, 7.7261536 49.438878, 7.7260039 49.4388629, 7.7260187 49.4388006, 7.725754 49.438774, 7.7258741 49.4382693, 7.7263533 49.4383175, 7.7262325 49.4388257))",,Kaiserslautern,2,67663,Gustave-Eiffel-Straße,,"[10264525309, 10264525308, 10264525307, 10264525306, 10264525305, 10264525304, 10264525303, 10264525302, 10264525309]",retail,CAP Markt,Mo-Sa 08:00-20:00,,,supermarket,,yes,,,,,,,DE,,,,,,,,,,,,,,,,,,,,,,,,,,,,,,,,,
