element_type,osmid,surveillance,surveillance:type,geometry,wheelchair,surveillance:zone,level,wheelchair:description,layer,barrier,amenity,operator,colour,material,addr:housenumber,addr:street,name,wikimedia_commons,nodes,addr:city,addr:postcode,addr:suburb,brand,brand:wikidata,brand:wikipedia,building,building:levels,check_date:opening_hours,opening_hours,roof:levels,shop,website,height,contact:facebook,contact:instagram,contact:phone,contact:website,internet_access,internet_access:captive_portal,internet_access:fee,internet_access:ssid,name:fr,toilets:wheelchair,wikidata,wikipedia,branch,addr:country,payment:cash,payment:credit_cards,payment:mastercard,payment:visa,phone,building:levels:underground,roof:shape,payment:girocard,strapline,stroller,architect,building:use,start_date,contact:email,wholesale,changing_table,old_name,toilets,tenant,smoking,diet:gluten_free,diet:lactose_free,diet:vegan,diet:vegetarian,organic,building:roof,post_office,post_office:brand,post_office:brand:wikidata,building:colour,office,operator:wikidata,noaddress,fair_trade,tobacco,opening_hours:signed,fence_type
way,25213116,,,"POLYGON ((7.0414516 49.2843155, 7.041088 49.2844265, 7.0414138 49.2848807, 7.0417774 49.2847697, 7.0414516 49.2843155))",yes,,,,,,,ALDI GmbH & Co. KG,,,157,Sulzbachtalstraße,Aldi Süd,,"[416860391, 416860390, 1453613752, 416860396, 416860391]",Saarbrücken,66125,Dudweiler,Aldi Süd,Q41171672,en:Aldi,retail,1,2021-10-12,"Mo-Sa 08:00-20:00; Su,PH off",0,supermarket,https://www.aldi-sued.de/filialen/de-de/Search?SingleSlotGeo=Sulzbachtalstra%C3%9Fe%20157%2066125%20Saarbr%C3%BCcken&Mode=None,,,,,,,,,,,,,,,,,,,,,,,,,,,,,,,,,,,,,,,,,,,,,,,,,,,,
way,30409131,,,"POLYGON ((7.0409601 49.2558278, 7.0410061 49.2555697, 7.0406004 49.255539, 7.040573 49.255693, 7.0405654 49.2557356, 7.0405115 49.2557315, 7.0405006 49.255793, 7.0409601 49.2558278))",,,,,,,,,,,A3 2,Campus,,,"[335600580, 335600579, 335600578, 8222022526, 1033294378, 1033294397, 1033294337, 335600580]",Saarbrücken,66123,,,,,retail,1,,,,,,4 m,,,,,,,,,,,,,,,,,,,,,,,,,,,,,,,,,,,,,,,,,,,,,,,,,,,
way,31682223,indoor,,"POLYGON ((6.9895055 49.2394542, 6.9894625 49.2394012, 6.9895698 49.2393606, 6.9895761 49.2393694, 6.9896753 49.239332, 6.9898398 49.2392693, 6.9898329 49.2392612, 6.9900433 49.2391817, 6.9900498 49.2391893, 6.9902272 49.2391217, 6.9903031 49.2390927, 6.9902981 49.2390865, 6.9902924 49.2390796, 6.9904015 49.239039, 6.990418 49.2390444, 6.9904304 49.2390487, 6.9904931 49.2390707, 6.9905426 49.2390881, 6.990569 49.2390974, 6.9905815 49.2391813, 6.9905683 49.2391821, 6.9905954 49.2393789, 6.9906035 49.2393789, 6.9906155 49.2394636, 6.9905345 49.2394687, 6.9905153 49.2394703, 6.9905196 49.2394942, 6.9905243 49.2395166, 6.9905305 49.2395459, 6.9905661 49.2395424, 6.9905851 49.2395999, 6.9905922 49.2396281, 6.9906041 49.2396786, 6.9906272 49.2397671, 6.9906457 49.2398428, 6.9906746 49.2399615, 6.9906392 49.2399654, 6.989473 49.2400992, 6.9891427 49.2401371, 6.9891463 49.2401578, 6.9887767 49.2401996, 6.9886345 49.2402161, 6.988241 49.2402596, 6.9881459 49.2402708, 6.9881028 49.2402253, 6.9880151 49.2401264, 6.9879716 49.2400816, 6.9878955 49.2399975, 6.987866 49.239966, 6.9879375 49.2399393, 6.9884811 49.2397458, 6.9884889 49.239743, 6.9884956 49.2397406, 6.9885287 49.2397288, 6.9885506 49.239721, 6.9885586 49.2397181, 6.9885646 49.2397159, 6.9886236 49.2396945, 6.9888484 49.2396128, 6.9888651 49.2396339, 6.9889525 49.2396026, 6.9892877 49.2394826, 6.9893164 49.2395166, 6.9894193 49.2394825, 6.9895055 49.2394542))",yes,,,,,,,Sierra Germany GmbH,,,1,Trierer Straße,Europa-Galerie,,"[3453732933, 3453732931, 6579186483, 6579186531, 6579186518, 6579186530, 6579186529, 6579186504, 6579186527, 6579186506, 6579186526, 6579186125, 5238154424, 9508654250, 4398025657, 6579186414, 1270137065, 6579186413, 6579186126, 7598238207, 6549390628, 6579186128, 6579186129, 4398025655, 9520524231, 6579186131, 5614446496, 5648473295, 1032928821, 1032928780, 1270127230, 6579186305, 6579186229, 6579186226, 6579186225, 354617557, 6579186227, 8507759173, 3453732918, 3453732919, 6579186291, 6579186458, 6579186457, 354617563, 6579186452, 5557107437, 6579186476, 10080532811, 354617566, 6579186124, 6579186153, 6519049010, 6579186451, 5500197736, 6579186123, 6579186450, 6519040971, 6579186284, 6579186522, 6579186521, 6579186253, 3453732927, 3453732929, 1270137061, 3453732933]",Saarbrücken,66111,,,,,retail,,,,,mall,,,europagalerie.saarbruecken,europa.galerie,+49 681 7559550,https://www.europagalerie.de/,wlan,yes,no,-free Europa-Galerie,Europagalerie,yes,Q1375135,de:Europa-Galerie Saarbrücken,,,,,,,,,,,,,,,,,,,,,,,,,,,,,,,,,,,,,,,
way,34853979,,,"POLYGON ((6.9782461 49.2251612, 6.978226 49.2251298, 6.9781396 49.224984, 6.9782176 49.2249644, 6.9780633 49.2247022, 6.9782504 49.2246579, 6.978239 49.2246371, 6.9782285 49.2246196, 6.9783022 49.2246012, 6.9783455 49.2246742, 6.9785844 49.2250763, 6.9782992 49.2251479, 6.9782461 49.2251612))",yes,,,,,,,Netto Marken-Discount,,,16,Lerchesflurweg,Netto Marken-Discount,,"[408469569, 7552264190, 408469567, 408469565, 1382689816, 1382689823, 6106541801, 1382689814, 408469561, 6106541799, 8450569096, 8450569098, 408469569]",Saarbrücken,66119,,Netto Marken-Discount,Q879858,de:Netto Marken-Discount,retail,,,Mo-Sa 07:00-20:00,,supermarket,https://www.netto-online.de,,,,,,,,,,,,,,,,,,,,,,,,,,,,,,,,,,,,,,,,,,,,,,,,,,,,
way,35573669,,,"POLYGON ((7.0253826 49.2897506, 7.0268455 49.2905071, 7.0270788 49.2903152, 7.0274492 49.2900105, 7.0271764 49.2898694, 7.027192 49.2898566, 7.0272615 49.2897993, 7.0270666 49.2896986, 7.0267414 49.2895304, 7.0266489 49.2896065, 7.0264013 49.2894785, 7.0259789 49.28926, 7.0253826 49.2897506))",yes,,,,,,,,,,121,Fischbachstraße,Globus,,"[416860454, 416860456, 10133485706, 416860444, 416860448, 10133485713, 416860452, 10133485714, 416860450, 416860447, 1586891828, 416860445, 416860454]",Saarbrücken,66125,,Globus,Q457503,en:Globus (hypermarket),retail,2,,Mo-Sa 08:00-20:00,,supermarket,,,,,,https://www.globus.de/dudweiler/,wlan,yes,no,Globus_Gast,,,,,Dudweiler,,,,,,,,,,,,,,,,,,,,,,,,,,,,,,,,,,,,,,
way,47934938,,,"POLYGON ((6.9027256 49.2357439, 6.902803 49.2356009, 6.9030734 49.2356677, 6.903049 49.2357117, 6.9037491 49.2358754, 6.9036488 49.2360665, 6.9034031 49.2360079, 6.9034306 49.2359465, 6.902969 49.235841, 6.9029877 49.2358071, 6.9027256 49.2357439))",yes,,,,,,,Netto Marken-Discount Stiftung & Co. KG,,,253,Hauptstraße,Netto Marken-Discount,,"[609684192, 609684203, 609684205, 609684207, 273421728, 555057316, 273421725, 273421723, 609684209, 609684212, 609684192]",,66128,,Netto Marken-Discount,Q879858,de:Netto Marken-Discount,retail,1,,Mo-Sa 07:00-20:00,0,supermarket,https://www.netto-online.de,,,,,,,,,,,,,,,DE,,,,,,,,,,,,,,,,,,,,,,,,,,,,,,,,,,,,,
way,48627852,,,"POLYGON ((7.0285987 49.2090903, 7.0286723 49.2092207, 7.029395 49.2090548, 7.0293271 49.2089218, 7.0287706 49.2090505, 7.0286889 49.2090693, 7.0285987 49.2090903))",yes,,,,,,,,,,26a,Saargemünder Straße,Globus Getränkecenter,,"[617550288, 3680816986, 3680816980, 3680816975, 9701019845, 9701019835, 617550288]",Saarbrücken,66130,,,,,retail,,,"Mo-Sa 08:00-20:00; PH,Su closed",,beverages,,,,,,,,,,,,,,,,,,,,,,,,,,,,,,,,,,,,,,,,,,,,,,,,,,,,,
way,51016398,,,"POLYGON ((6.9156631 49.2403217, 6.9160711 49.2402697, 6.916055 49.2402132, 6.9159068 49.2397446, 6.9158205 49.2397556, 6.9157637 49.2397626, 6.9157679 49.2397758, 6.9156948 49.2397858, 6.9156974 49.2397939, 6.9155023 49.2398206, 6.9156631 49.2403217))",yes,,0,,,,,,,,196,Hauptstraße,Wasgau,,"[650535179, 650535191, 4816012399, 650535189, 4816012402, 10073463155, 10073463156, 10073463157, 10073463158, 650535173, 650535179]",Saarbrücken,66128,,Wasgau,Q2536857,,retail,1,2022-08-12,"Mo-Sa 08:00-20:00; PH,Su closed",0,supermarket,,,,,,,,,,,,,,,,DE,yes,yes,yes,yes,+49 681 99191860,,,,,,,,,,,,,,,,,,,,,,,,,,,,,,,,
way,67922087,,,"POLYGON ((7.0423598 49.2547852, 7.0423161 49.2547815, 7.042318 49.2547712, 7.0422516 49.254766, 7.0420093 49.254747, 7.042045 49.2545531, 7.0421047 49.2545578, 7.0423381 49.2545761, 7.0424749 49.2545867, 7.0425663 49.2545937, 7.0425533 49.2546684, 7.0425484 49.2546969, 7.0425117 49.2546947, 7.0425033 49.2547391, 7.042499 49.2547626, 7.0424844 49.2547614, 7.0424782 49.2547953, 7.0424536 49.2547932, 7.042431 49.2547913, 7.0423969 49.2547884, 7.0423598 49.2547852))",,,,,,,,,,,C5 5,Campus,,,"[9324282418, 9324282419, 9324282420, 9265084163, 819759373, 819759379, 9227625507, 6553065312, 9431024959, 819759386, 10003009871, 9324282417, 1030669049, 9265084164, 1030669100, 819759366, 9324217516, 9324217511, 9349471200, 10651896382, 9324282418]",Saarbrücken,66123,,,,,retail,1,,,,,,4 m,,,,,,,,,,,,,,,,,,,,1,flat,,,,,,,,,,,,,,,,,,,,,,,,,,,,,,
way,69223310,,,"POLYGON ((6.9518319 49.2425176, 6.9516108 49.2425763, 6.951182 49.242696, 6.9512708 49.2428388, 6.9513176 49.2429123, 6.95197 49.2427242, 6.9518319 49.2425176))",yes,,0,,,,,Netto Marken-Discount Stiftung & Co. KG,,,17b,Margarethenstraße,Netto Marken-Discount,,"[829922378, 3453552281, 829922379, 3453554000, 829922380, 829922381, 829922378]",Saarbrücken,66115,,Netto Marken-Discount,Q879858,de:Netto Marken-Discount,retail,,,"Mo-Sa 07:00-20:00; PH,Su closed",,supermarket,https://www.netto-online.de,,,,,,,,,,,,,,,DE,yes,,,,,,,yes,Marken-Discount,yes,,,,,,,,,,,,,,,,,,,,,,,,,,,
way,69685165,,,"POLYGON ((6.9992987 49.2319788, 6.999237 49.2318765, 6.9992124 49.2318839, 6.9991488 49.2319022, 6.9990868 49.2319179, 6.9990643 49.2319243, 6.9990146 49.2319383, 6.9990794 49.2320379, 6.9992987 49.2319788))",,,,,,,,,,,4,Mainzer Straße,,,"[833402495, 833402496, 6419999992, 6419999993, 6419999991, 9408395039, 833399634, 1373479867, 833402495]",Saarbrücken,66111,,,,,retail,2,,,1,,,,,,,,,,,,,,,,,DE,,,,,,,gambrel,,,,Balthasar Wilhelm Stengel,residential,1792,,,,,,,,,,,,,,,,,,,,,,,,
way,70175697,,,"POLYGON ((7.0065795 49.2328285, 7.0066088 49.2328856, 7.0067141 49.2330939, 7.0076267 49.2328944, 7.0076174 49.2328755, 7.0075901 49.2328199, 7.0075586 49.2328268, 7.0075289 49.2328333, 7.0075192 49.2328354, 7.0074392 49.2326793, 7.0074067 49.2326867, 7.0073894 49.2326905, 7.0071721 49.2327386, 7.0071605 49.2327412, 7.0071513 49.2327433, 7.0071295 49.2327009, 7.007087 49.232709, 7.006978 49.2327322, 7.0069832 49.2327403, 7.0067421 49.232793, 7.0066575 49.2328115, 7.0065858 49.2328271, 7.0065795 49.2328285))",yes,,,,,,,,,,3,Halbergstraße,,,"[666803040, 7223451412, 666803038, 837986379, 8849405766, 2027810343, 8807410307, 9498757988, 2027810341, 837986381, 7223438950, 10090236528, 10090225010, 9498757991, 2027810358, 7223451415, 6345961996, 7223451414, 7223451416, 6345961991, 7223451410, 7223451409, 666803040]",Saarbrücken,66121,,,,,retail,1,,,0,,,,,,,,,,,,,,,,,DE,,,,,,,gabled,,,,,,,,,,,,,,,,,,,,,,,,,,,,,,
way,70175698,,,"POLYGON ((7.008471 49.2327558, 7.0083912 49.2326054, 7.0083226 49.2324761, 7.0082696 49.2323743, 7.008222 49.2323851, 7.0077799 49.2324852, 7.0078613 49.2326398, 7.0078448 49.2326435, 7.0078164 49.2326498, 7.0077712 49.23266, 7.0078945 49.2328929, 7.008471 49.2327558))",yes,,,,,,,,,,5,Halbergstraße,,,"[666803044, 9228775085, 9029320851, 666803012, 9029320847, 837986395, 1082195060, 9498757990, 8807410309, 1082195016, 837986396, 666803044]",Saarbrücken,66121,,,,,retail,,,,,,,,,,,,,,,,,,,,,DE,,,,,,,,,,,,,,,,,,,,,,,,,,,,,,,,,,,,,
way,75087821,,,"POLYGON ((7.0056132 49.2151215, 7.0055507 49.215171, 7.0055202 49.2151545, 7.0055145 49.2151517, 7.005497 49.215165, 7.0054776 49.2151802, 7.005484 49.2151835, 7.0055168 49.2152001, 7.0053529 49.2153382, 7.005438 49.2153767, 7.0054695 49.2153498, 7.0055278 49.2153, 7.0055464 49.215309, 7.0055843 49.2152762, 7.0056323 49.2152998, 7.0056483 49.2152611, 7.0056204 49.2152475, 7.0056383 49.2152315, 7.0057196 49.2152681, 7.0057869 49.2152075, 7.0056598 49.2151441, 7.0056132 49.2151215))",,,,,,,,,,,146,Julius-Kiefer-Straße,,,"[10019496710, 10019496678, 10019496705, 10019498326, 4622740874, 10019498327, 10019498336, 10019496702, 2161727009, 2161727011, 7373060988, 2161727006, 2161727017, 2161727013, 2161727012, 2161727016, 4622740871, 4622740870, 2161727020, 10019498337, 10019498344, 10019496710]",Saarbrücken,66119,,,,,retail,,,,,,,,,,,,,,,,,,,,,,,,,,,,,,,,,,,,,,,,,,,,,,,,,,,,,,,,,,
way,76594538,,,"POLYGON ((6.9402822 49.2366305, 6.9400516 49.2366702, 6.9400626 49.2366974, 6.9395431 49.2367868, 6.9396472 49.2370447, 6.9397947 49.2370193, 6.9398067 49.2370491, 6.9399309 49.2370277, 6.9399494 49.2370735, 6.9401105 49.2370458, 6.940094 49.2370049, 6.9400785 49.2369665, 6.9403958 49.2369119, 6.9403651 49.2368359, 6.9402967 49.2366698, 6.9402822 49.2366305))",yes,,,,,,,,,,10,Hauptstraße,ALDI Süd,,"[902735460, 9396361594, 9396361593, 902735455, 902735454, 8813019888, 8813019887, 8813019886, 8813019885, 902735457, 9795166968, 902735463, 902735459, 9795166961, 9795172817, 902735460]",Saarbrücken,66128,,ALDI Süd,Q41171672,en:Aldi,retail,1,,Mo-Sa 08:00-20:00,0,supermarket,,,,,,,,,,,,,,,,DE,yes,yes,yes,yes,,,,,,,,,,,,,,,,,,,,,,,,,,,,,,,,,
way,79082287,,,"POLYGON ((6.9911354 49.237914, 6.9911601 49.237914, 6.9911857 49.2379076, 6.991204 49.2378969, 6.9912172 49.2378789, 6.9912186 49.2378628, 6.9912077 49.237843, 6.9911909 49.2378312, 6.9911662 49.2378233, 6.9911324 49.2378229, 6.9911095 49.2378291, 6.9910898 49.2378414, 6.9910792 49.2378561, 6.9910782 49.2378777, 6.9910845 49.2378894, 6.9910963 49.2379002, 6.9911161 49.2379098, 6.9911354 49.237914))",,,,,,,,,,,101A,Bahnhofstraße,,,"[924163102, 924163106, 924163113, 924163117, 924163121, 924163127, 924163132, 924163138, 924163144, 924163163, 924163165, 924163168, 924163177, 924163182, 924163186, 924163189, 924163196, 924163102]",Saarbrücken,66111,,,,,retail,1,,,,,,,,,,,,,,,,,,,,,,,,,,,flat,,,,,,,,,,,,,,,,,,,,,,,,,,,,,,
way,87260450,indoor,,"POLYGON ((6.9756619 49.2346407, 6.9760415 49.2346518, 6.976061 49.2343641, 6.9760672 49.2342452, 6.9761276 49.2342471, 6.9761332 49.2341783, 6.9758958 49.2341702, 6.9757376 49.2341663, 6.9757356 49.2341884, 6.9757336 49.2341998, 6.9757334 49.2342125, 6.9757147 49.2344628, 6.9757134 49.2344767, 6.9757144 49.2344891, 6.9756682 49.2344881, 6.9756619 49.2346407))",yes,,,,,,,,,,93,Hohenzollernstraße,,,"[1014632913, 2284654415, 383763962, 1014632979, 1014632846, 1014632949, 5792131407, 1014632819, 7474426530, 7474426541, 7474398359, 7474398321, 7474426488, 7474426504, 7474398362, 1014632913]",Saarbrücken,66117,,,,,retail,1,,,,,,,,,,,,,,,,,,,,DE,,,,,,,,,,,,,,,,,,,,,,,,,,,,,,,,,,,,,
way,87260453,indoor,,"POLYGON ((6.9762382 49.2342389, 6.9763133 49.2342426, 6.9766621 49.2342562, 6.9766755 49.2341202, 6.9766862 49.233996, 6.9766915 49.233955, 6.9766954 49.2339251, 6.976698 49.233895, 6.9765925 49.2338909, 6.9762684 49.2338785, 6.9762669 49.2339154, 6.9762614 49.233966, 6.9762596 49.2339811, 6.9762485 49.2341147, 6.9762382 49.2342389))",yes,,,,,,,,,,68,Heuduckstraße,,,"[1014632861, 2284654345, 1014632854, 10700720777, 2284654377, 10700720781, 7430723650, 1014632992, 10700720774, 1014633104, 7430993276, 9172316751, 9172316754, 9172316749, 1014632861]",Saarbrücken,66117,,,,,retail,1,,,,,,,,,,,,,,,,,,,,DE,,,,,,,,,,,,,,,,,,,,,,,,,,,,,,,,,,,,,
way,87332760,,,"POLYGON ((6.9638643 49.2095432, 6.9639041 49.2095728, 6.963949 49.2095456, 6.963949 49.2095026, 6.9639137 49.2094837, 6.9638886 49.2094505, 6.9638915 49.2093703, 6.9638626 49.2093486, 6.9638303 49.2093674, 6.9637725 49.2093254, 6.9636658 49.2093929, 6.9637033 49.2094186, 6.9638643 49.2095432))",,,,,,,,,,,121,Metzer Straße,,,"[1015535418, 1015535414, 1015535463, 1015535300, 1015535342, 1015535368, 1015535338, 1015535403, 1015535423, 1015535468, 1015535304, 1015535358, 1015535418]",Saarbrücken,66117,,,,,retail,,,,,convenience,,,,,,,,,,,,,,,,,,,,,,,,,,,,,,,,,,,,,,,,,,,,,,,,,,,,,
way,87420819,,,"POLYGON ((6.9016941 49.2273649, 6.9017308 49.227335, 6.9014493 49.2271991, 6.9010474 49.227564, 6.9012784 49.2276718, 6.9014403 49.2277484, 6.9018033 49.2274164, 6.9016941 49.2273649))",,,,,,,,,,,76-82,Kreisstraße,,,"[1017771519, 1016535320, 1016535453, 614393784, 614393785, 614393792, 614393786, 1017771519]",,66127,,,,,retail,1,,,0,,,,,,,,,,,,,,,,,DE,,,,,,,,,,,,,,,,,,,,,,,,,,,,,,,,,,,,,
way,87664060,,,"POLYGON ((7.0237634 49.2885528, 7.0247391 49.2880388, 7.0253506 49.2885327, 7.0257867 49.288303, 7.0259721 49.2882053, 7.026405 49.2885549, 7.0248078 49.2893962, 7.0237634 49.2885528))",,,,,,,,,,,4,Camphauser Straße,Metro,,"[1019533458, 1019533472, 1019533451, 1019533449, 1019533457, 1019533444, 1019533436, 1019533458]",Saarbrücken,66125,Dudweiler,Metro,Q13610282,en:Metro Cash & Carry,retail,,,Mo-Fr 07:00-21:00; Sa 07:00-20:00,,wholesale,,,,,,https://www.metro.de/standorte/saarbruecken,,,,,,,,,,,,,,,,,,,,,,shop,,btl.056@metro-cc.de,supermarket,,,,,,,,,,,,,,,,,,,,,,
way,87830789,,,"POLYGON ((7.0129737 49.2188031, 7.0130106 49.2188354, 7.0130546 49.2188719, 7.0132456 49.2190307, 7.013273 49.219018, 7.0133906 49.2189637, 7.0134002 49.2189593, 7.0131979 49.2187887, 7.0131231 49.2187257, 7.0130455 49.2187663, 7.0129737 49.2188031))",,,,,,,,,,,123,Saargemünder Straße,,,"[1021069590, 6697890966, 6697890981, 1021069630, 10075173942, 10075173939, 1021069557, 9951464250, 9951464273, 4048531930, 1021069590]",Saarbrücken,66119,,,,,retail,,,,,,,,,,,,,,,,,,,,,,,,,,,,,,,,,,,,,,,,,,,,,,,,,,,,,,,,,,
way,87907297,,,"POLYGON ((7.0007526 49.2245193, 7.0008102 49.2245503, 7.0010428 49.2246858, 7.0011761 49.2245867, 7.0008859 49.2244202, 7.0007526 49.2245193))",,,,,,,,,,,2,Präsident-Baltz-Straße,,,"[1022024291, 2275601363, 1022024344, 1022024555, 1022024432, 1022024291]",Saarbrücken,66119,St. Arnual,,,,retail,1,,,,,,,,,,,,,,,,,,,,,,,,,,,,,,,,shop,,,,,,,,,,,,,,,,,,,,,,,,,
way,89007900,,,"POLYGON ((6.9910183 49.2390944, 6.9910297 49.2391804, 6.9910342 49.2392081, 6.9911393 49.2392034, 6.99138 49.2391929, 6.9913683 49.2390767, 6.9912042 49.239085, 6.9910183 49.2390944))",,,,,,,,,,,10,Reichsstraße,,,"[389793040, 8607589791, 1032928808, 8607594730, 2173834771, 2173834776, 2173834778, 389793040]",Saarbrücken,66111,,,,,retail,2,,,,,,,,,,,,,,,,,,,,,,,,,,,flat,,,,,,,,,,,,,,,,,,,,,,,,,,,,,,
way,89007906,indoor,,"POLYGON ((6.9924964 49.2379635, 6.9924359 49.2379385, 6.9925182 49.2378493, 6.9927942 49.237964, 6.9930078 49.2377371, 6.9927329 49.2376237, 6.9926966 49.2376092, 6.9926774 49.2376023, 6.9926575 49.2375943, 6.99262 49.2375788, 6.9926003 49.2375707, 6.9925867 49.237565, 6.9925703 49.2375581, 6.9922035 49.2374095, 6.9920868 49.2373615, 6.992076 49.2373575, 6.992026 49.237409, 6.9920442 49.2374164, 6.9915485 49.2379177, 6.9915268 49.237908, 6.9914546 49.237982, 6.9914771 49.237992, 6.9913442 49.2381274, 6.9913366 49.2381227, 6.9912685 49.2381699, 6.9913051 49.2381939, 6.9913359 49.2382138, 6.9913512 49.2382039, 6.9915078 49.2383567, 6.991565 49.2383313, 6.9916551 49.2382914, 6.9918142 49.2382494, 6.9918534 49.238239, 6.9918926 49.2382287, 6.9920429 49.238189, 6.992208 49.2381454, 6.992262 49.2380931, 6.992277 49.2380987, 6.9922929 49.2381046, 6.9923396 49.2381252, 6.9924964 49.2379635))",yes,,,,,,,,,,82-100,Bahnhofstraße,Galeria Kaufhof,,"[2174706657, 1270094680, 1032928783, 1375537237, 1032928805, 10236654719, 10236654723, 10243525141, 10243525198, 5541066714, 10243525182, 10236654733, 10236654740, 10232401231, 10232401233, 1195343842, 10232401235, 10232401234, 5521367884, 5521367883, 262881652, 1032928749, 10232401312, 10232401311, 1032928753, 9254357997, 1032928768, 1032928817, 1032928758, 10232401223, 1032928859, 9547971991, 9547971952, 9547971982, 9547971983, 1032928777, 1270094676, 9547971971, 9547971973, 2174706672, 2174706657]",Saarbrücken,66111,,Galeria Kaufhof,Q322598,en:Galeria Kaufhof,retail,4,,"Mo-Sa 10:00-19:00; PH,Su closed",1,department_store,https://www.galeria-kaufhof.de/filialen/saarbruecken,,,,,,,,,,,yes,,,,DE,,,,,+49 681 30350,,flat,,,,,,,,,yes,PK (Passage Kaufhaus),yes,,,,,,,,,,,,,,,,,,,
way,89482732,,,"POLYGON ((6.9442487 49.2454459, 6.9442636 49.2452703, 6.9442847 49.2449662, 6.9442336 49.2449646, 6.9442477 49.2448015, 6.9442504 49.2447713, 6.9446789 49.2447824, 6.9446531 49.2451216, 6.9446925 49.2451221, 6.9447276 49.2451225, 6.9447158 49.2452593, 6.9446404 49.2452583, 6.9446135 49.2454617, 6.9442487 49.2454459))",yes,,,,,,,,,,40,Jakobstraße,,,"[1037662624, 1037662281, 1037662336, 1037662385, 1037662554, 1037662107, 1037662209, 1037662747, 9800272701, 1037661955, 1037662437, 1037662594, 1037662277, 1037662624]",Saarbrücken,66115,,,,,retail,1,,,0,,,,,,,,,,,,,,,,,DE,,,,,,,,,,,,,,,,,,,,,,,,,,,,,,,,,,,,,
way,90434936,,,"POLYGON ((6.9963754 49.2318986, 6.9962554 49.2319558, 6.9963531 49.2320426, 6.9964035 49.2320884, 6.9964637 49.2320597, 6.9965234 49.2320312, 6.9964336 49.2319507, 6.9964162 49.2319351, 6.9963754 49.2318986))",,,,,,,,,,,8,Ev.-Kirch-Straße,Haus der Umwelt,,"[1049099264, 1049099406, 6045392205, 1049099195, 1394774994, 1049099363, 1410913167, 1394774993, 1049099264]",Saarbrücken,66111,,,,,retail,3,,,1,,,,,,,,,,,,,,,,,,,,,,,,,,,,,office,,,,,,,BUND; NES; ADFC; Greenpeace; VCD; FUSS,,,,,,,,,,,,,,,,,,
way,92197557,,,"POLYGON ((7.0178909 49.2302764, 7.0178126 49.2303001, 7.0176748 49.2303419, 7.0177495 49.230447, 7.0179656 49.2303815, 7.0178909 49.2302764))",,,,,,,,,,,59,Halbergstraße,,,"[2198046608, 10860911963, 1070385693, 1070385357, 2198046575, 2198046608]",Saarbrücken,66121,,,,,retail,1,,,,,,,,,,,,,,,,,,,,,,,,,,,,,,,,residential,,,,,,,,,,,,,,,,,,,,,,,,,
way,92206303,,,"POLYGON ((7.0210373 49.2047972, 7.0209318 49.2047208, 7.0208175 49.2047883, 7.0212707 49.2051162, 7.021479 49.2049934, 7.0211312 49.2047417, 7.0210373 49.2047972))",,,,,,,,,,,81,Neumühler Weg,Menzer GmbH,,"[1070510096, 1070510225, 1070509327, 1070509575, 1070509401, 1070509824, 1070510096]",Saarbrücken,66130,,,,,retail,1,,,,,http://www.menzergmbh.de/,,,,,,,,,,,,,,,,,,,,+49 681 88 33 6 15,,,,,,,,,,,,,,,outside,,,,,,,,,,,,,,,,,
way,93631504,,,"POLYGON ((7.0203143 49.2301112, 7.0200713 49.2302275, 7.0195373 49.2304872, 7.0195816 49.230526, 7.0194157 49.2306123, 7.0195364 49.2307112, 7.0195773 49.2307133, 7.0196265 49.2307292, 7.0203871 49.230345, 7.0202991 49.2302659, 7.0202882 49.230255, 7.0203459 49.2302282, 7.0203625 49.2302152, 7.0203722 49.2301601, 7.0203453 49.2301347, 7.0203143 49.2301112))",,,,,,,,,,,1,Am Kieselhumes,,,"[1086429548, 1086427759, 1086426504, 1086428085, 1086426809, 1086428534, 1086428854, 1086428609, 1086427162, 7159400431, 1086427997, 7159400424, 1086427356, 1086426042, 6982639298, 1086429548]",Saarbrücken,66123,,,,,retail,,,,,,,,,,,,,,,,,,,,,,,,,,,,,,,,,shop,,,,,,,,,,,,,,,,,,,,,,,,,
way,93862174,,,"POLYGON ((6.9994265 49.2396423, 6.9994833 49.2396112, 6.9995436 49.2395797, 6.9995537 49.2395884, 6.9995895 49.2395697, 6.9995979 49.2395578, 6.9995964 49.2395445, 6.9993286 49.2393321, 6.9991257 49.2394087, 6.9994265 49.2396423))",yes,,,,,,,BioFrischMarkt GmbH,,,87-89,Dudweilerstraße,BioFrischMarkt,Category:Dudweilerstraße 87-91 (Saarbrücken),"[9365780092, 5536832546, 8353704829, 8353704828, 1090999941, 8353704827, 2291418108, 1090996688, 1090998711, 9365780092]",Saarbrücken,66111,,,,,retail,1,,Mo-Fr 09:00-19:00; Sa 09:00-17:30,0,supermarket,,,,,+49 681 95809618,https://bfml.de/,,,,,,,,,,,,,,,,,flat,,,,,,,dud@bfml.de,,,,,,,yes,yes,yes,yes,yes,,,,,,,,,,,,
way,94125335,,,"POLYGON ((7.0285796 49.2387073, 7.028663 49.2386528, 7.0284956 49.2385409, 7.0284102 49.2385928, 7.0285796 49.2387073))",,,,,,,,,,,,,Kasse,,"[1094118106, 1094120380, 1094118798, 1094119357, 1094118106]",,,,,,,retail,,,,,,,,,,,,,,,,,,,,,,,,,,,,,,,,,,,,,,,,,,,,,,,,,,,,,,,,,,
way,94574105,,,"POLYGON ((7.0056296 49.2481211, 7.0056791 49.2481223, 7.0059137 49.2481276, 7.0059154 49.2480961, 7.0059219 49.2479757, 7.0056378 49.2479691, 7.0056335 49.248049, 7.0056296 49.2481211))",,,,,,,,,,,105,Dudweiler Landstraße,,,"[1098409913, 5248955329, 1098411885, 2291455978, 1098414157, 1098413758, 5248935531, 1098409913]",Saarbrücken,66123,,,,,retail,5,,,1,,,,,,,,,,,,,,,,,DE,,,,,,,gabled,,,,,,,,,,,,,,,,,,,,,,,,,,,,,,
way,94574236,,,"POLYGON ((7.0066885 49.2497298, 7.0066829 49.2496406, 7.0066229 49.249643, 7.0064654 49.2496494, 7.0064745 49.2497725, 7.0064832 49.2498889, 7.0062963 49.2498979, 7.006301 49.249948, 7.0063069 49.2500162, 7.0063125 49.2500819, 7.0063412 49.2503738, 7.0063655 49.250404, 7.0064011 49.2504174, 7.006432 49.250427, 7.0067669 49.250414, 7.0067626 49.2503597, 7.0073377 49.250335, 7.0073398 49.2503941, 7.0074361 49.2503918, 7.0074324 49.2503315, 7.0076266 49.2503266, 7.0076094 49.2501947, 7.0075879 49.2500347, 7.0073315 49.2500472, 7.0073074 49.2498514, 7.0069867 49.2498682, 7.0069679 49.2497155, 7.0066885 49.2497298))",,,,,,,,,,,141-145,Dudweiler Landstraße,,,"[2146362269, 1098414635, 2146342136, 2146342140, 5557481676, 5557420530, 1098413130, 5557481687, 5557481690, 5557481697, 2146342146, 1098413575, 5217070088, 2146342137, 5217070090, 5217070087, 8980578146, 8980578148, 8980578133, 8980578142, 1098414776, 8980578131, 1098411493, 1098414361, 1098410569, 2146362257, 2146362263, 2146362269]",Saarbrücken,66123,,,,,retail,,,,,,,,,,,,,,,,,,,,,,,,,,,,,,,,,,,,,,,,,,,,,,,,,,,,,,,,,,
way,96277024,,,"POLYGON ((6.9666189 49.2385343, 6.9666946 49.2385341, 6.9667091 49.2385331, 6.9667259 49.2385339, 6.9668052 49.2385326, 6.9668014 49.2384271, 6.9667997 49.2383519, 6.9666147 49.2383546, 6.9666189 49.2385343))",,,,,,,,,,,15,Im Rotfeld,,,"[1116007616, 9111780791, 9111780719, 9111780722, 1116007940, 9111780765, 1116008215, 1116008272, 1116007616]",Saarbrücken,66115,,,,,retail,,,,,,,,,,,,,,,,,,,,,,,,,,,,,,,,,,,,,,,,,,,,,,,,,,,,,,,,,,
way,96784569,,,"POLYGON ((6.9697969 49.2441032, 6.9696774 49.2440717, 6.9698024 49.2438598, 6.9704117 49.2440338, 6.9703097 49.2441067, 6.9702647 49.2441389, 6.9698493 49.244026, 6.9697969 49.2441032))",yes,,,,,,,,,,,,Elektro Meyer,,"[1121190252, 1121190345, 1121190279, 1121190461, 5654843242, 1121190232, 1121190421, 1121190252]",,,,,,,retail,,,"Mo-Fr 09:00-19:00; Sa 09:00-18:00; PH,Su closed",,electronics,,,,,,,,,,,,,,,,,,,,,,,,,,,,,,,,,,,,,,,,,,,,,,,,,,,,,
way,101253664,,,"POLYGON ((6.9901971 49.2473328, 6.9904409 49.2474457, 6.9906634 49.2472467, 6.9908293 49.2470947, 6.9905855 49.2469818, 6.9903137 49.2472227, 6.9902607 49.2471994, 6.9901887 49.2472704, 6.9901958 49.2472737, 6.9902124 49.2472816, 6.9902374 49.2472935, 6.9902158 49.2473146, 6.9902021 49.2473279, 6.9901971 49.2473328))",yes,,0,lange Rampe,,,,,,,62,Jägersfreuder Straße,Norma,,"[1168764129, 1168763913, 8583562196, 1168763838, 1168764139, 8583562159, 8583562203, 8583562175, 8583562165, 8583562192, 8583562208, 8583562148, 8583562160, 1168764129]",Saarbrücken,66113,,NORMA,Q450180,,retail,,2023-01-19,"Mo-Sa 08:00-20:00; PH,Su closed",,supermarket,,,,,,,,,,,,,,,,DE,,,,,,,,,,,,,,,,,,,,,,,,,,,,,,,,,,,,,
way,101818862,,,"POLYGON ((6.996777 49.2477453, 6.9970342 49.2477318, 6.9970136 49.2475642, 6.9969951 49.2474191, 6.9969031 49.2474241, 6.9968857 49.2474252, 6.9968808 49.2473911, 6.9967272 49.2474006, 6.996777 49.2477453))",,,,,,,,,,,200,Kálmánstraße,,,"[1175460066, 1175460507, 6126788088, 1175459589, 4483046844, 10720044038, 4603704255, 1175459328, 1175460066]",Saarbrücken,66113,,,,,retail,,,,,,,,,,,,,,,,,,,,,,,,,,,,,,,,,,,,,,,,,,,,,,,,,,,,,,,,,,
way,111496730,indoor,,"POLYGON ((6.9939685 49.2335053, 6.9939613 49.2335153, 6.9937979 49.2337409, 6.9938142 49.2337463, 6.9940965 49.2338395, 6.9940354 49.2339247, 6.9940276 49.2339361, 6.9941022 49.2339599, 6.9946518 49.2341354, 6.9947023 49.234152, 6.994839 49.2341952, 6.9948869 49.2342106, 6.9948955 49.234199, 6.9950059 49.2340634, 6.9950915 49.23395, 6.9952439 49.2337534, 6.9951866 49.2337358, 6.995002 49.2336789, 6.9949642 49.2336672, 6.9948276 49.2336252, 6.9947827 49.2336113, 6.994754 49.2336025, 6.9948194 49.2335122, 6.9948338 49.233493, 6.994448 49.2333689, 6.9943516 49.2333398, 6.9942888 49.2333185, 6.9942366 49.233303, 6.9941383 49.2332705, 6.994134 49.2332759, 6.9940287 49.2334222, 6.9940168 49.2334379, 6.9939749 49.2334964, 6.9939685 49.2335053))",,,0,,,,,,,,,,,Category:Karstadt (Saarbrücken),"[1270153646, 9214979823, 817551801, 1653457497, 817551805, 9213053969, 817551786, 9234317776, 9234317775, 9234317772, 9214975121, 817551789, 1270334282, 1653457500, 1270334281, 817551791, 9214975214, 10228962508, 5526471746, 5526471747, 1270334288, 817551793, 5526471745, 817551795, 1373766518, 1100470122, 1373774993, 1100470187, 817551799, 1373766522, 5521174681, 1270153651, 1408749052, 1270153646]",,,,,,,retail,,,,,,,,,,,,,,,,,,,,,,,,,,,,,,,,,,1970..1971,,,,,,,,,,,,,,,,,,,,,,,,
way,113860581,,,"POLYGON ((6.9982014 49.2322474, 6.9983374 49.2322072, 6.9982949 49.2321421, 6.9982241 49.2321631, 6.9981932 49.232171, 6.9981721 49.2321994, 6.9982014 49.2322474))",,,,,,,,,,,8,Obertorstraße,,,"[1090999501, 1290866803, 1290866799, 1411455289, 1090996480, 1090997542, 1090999501]",Saarbrücken,66111,,,,,retail,1,,,,,,,,,,,,,,,,,,,,,,,,,,,,,,,,,,,,,,,,,,,,,,flat,,,,,,,,,,,
way,113867861,,,"POLYGON ((7.0080864 49.2294031, 7.0081996 49.2293875, 7.0082529 49.2293801, 7.0082311 49.2293065, 7.008229 49.2292995, 7.0082073 49.2293022, 7.0081758 49.2293066, 7.0081362 49.2293116, 7.0081381 49.2293156, 7.0080028 49.2293373, 7.0080072 49.2293465, 7.0079085 49.2293604, 7.0079226 49.2294104, 7.0079261 49.2294251, 7.0080471 49.2294078, 7.0080864 49.2294031))",,,,,,,,,,,97,Mainzer Straße,,,"[1070351123, 7632938540, 1070350835, 6439139832, 1070351265, 7632972095, 7632938567, 9563530939, 9563530917, 9563530930, 9563530949, 1070351089, 9563530941, 1290952230, 9563508109, 1070351123]",Saarbrücken,66121,,,,,retail,1,,,,,,,,,,,,,,,,,,,,,,,,,,,flat,,,,,,,,,,,,,,,,,,,,,,,,,,,,,,
way,116595830,,,"POLYGON ((7.0207351 49.2715517, 7.0209386 49.2716114, 7.0210102 49.2715074, 7.0212312 49.2715722, 7.0212074 49.2716069, 7.0214133 49.2716672, 7.0214259 49.2716501, 7.0214358 49.2716345, 7.0215039 49.2716544, 7.0215507 49.2715865, 7.0216472 49.2714463, 7.02092 49.2712331, 7.0207792 49.2714376, 7.0208079 49.271446, 7.0207351 49.2715517))",yes,,,,,,,,,,86-90,Sulzbachtalstraße,Lidl,,"[1314075191, 1314075205, 1314075180, 1314075194, 1314075202, 1314075219, 9595596761, 1314075207, 1314075214, 9595596755, 1314075173, 1314075159, 1314075167, 1314075170, 1314075191]",Saarbrücken,66125,,LIDL,Q151954,,retail,1,,Mo-Sa 08:00-20:00,,supermarket,,,,,,,,,,,,,,,,,,,,,,,,,,,,,,,,,,,,,,,,,,,,,,,,,,,,,
way,116597032,,,"POLYGON ((7.0110688 49.2671664, 7.0110239 49.2670863, 7.0108633 49.2671246, 7.0108142 49.267037, 7.010682 49.2670685, 7.0107313 49.2671564, 7.0107299 49.2671567, 7.0107782 49.2672429, 7.0108837 49.2672177, 7.0110688 49.2671664))",,,,,,,,,,,19,Sulzbachtalstraße,TotalEnergies Sulzbachtalstraße,,"[1314084450, 1314084442, 1314084444, 1314084440, 1314084441, 1314084448, 1314084449, 1314084453, 1314084452, 1314084450]",Saarbrücken,66125,,,,,retail,,,,,convenience,,,,,,,,,,,,,,,,,,,,,,,,,,,,,,,,,,,,,,,,,,,post_partner,DHL,Q489815,,,,,,,,
way,116597060,,,"POLYGON ((7.0093533 49.2649232, 7.0098227 49.264604, 7.0096101 49.2644709, 7.0091408 49.2647901, 7.0093533 49.2649232))",,,,,,,,,,,107,Hauptstraße,,,"[1314084294, 1314084276, 1314084268, 2146189091, 1314084294]",Saarbrücken,66123,,,,,retail,,,,,,,,,,,,,,,,,,,,,,,,,,,,,,,,,shop,,,,,,,,,,,,,,,,,,,,,,,,,
way,117950856,,,"POLYGON ((7.0076542 49.2302268, 7.0075664 49.2301134, 7.0074926 49.2300179, 7.0074857 49.2300103, 7.0072632 49.2300424, 7.0073982 49.2301884, 7.0074618 49.2302759, 7.0074702 49.2302872, 7.0075253 49.2302691, 7.0075529 49.2302601, 7.0076011 49.2302442, 7.0076542 49.2302268))",,,,,,,,,,,88,Mainzer Straße,,,"[1327629682, 5792835147, 7128990365, 1327629681, 1077032869, 1077033581, 1403415788, 1077032093, 5827228154, 5827228152, 6549366080, 1327629682]",Saarbrücken,66121,,,,,retail,1,,,0,,,,,,,,,,,,,,,,,,,,,,,,flat,,,,,,,,,,,,,,,,,,,,,,,,,,,,,,
way,123083434,,,"POLYGON ((6.9953088 49.2335178, 6.9952854 49.2335077, 6.9952028 49.2335788, 6.995231 49.2335975, 6.9952555 49.2336135, 6.9953173 49.2335513, 6.9952862 49.2335367, 6.9953088 49.2335178))",,,,,,,,,,,9,Fürstenstraße,,,"[1373737176, 1373753901, 1373737177, 1373838359, 1373737180, 1373737181, 1373737179, 1373737176]",Saarbrücken,66111,,,,,retail,,,,,,,,,,,,,,,,,,,,,DE,,,,,,,,,,,,,,,,,,,,,,,,,,,,,,,,,,,,,
way,123300238,,,"POLYGON ((6.9921488 49.2360225, 6.9921272 49.2360433, 6.9920776 49.2360961, 6.9920109 49.2361671, 6.9921759 49.2362388, 6.9923194 49.2360923, 6.9921488 49.2360225))",,,,,,,,,,,9,Berliner Promenade,,,"[1100470055, 6993429498, 6993429489, 6993429500, 1375509862, 1375507175, 1100470055]",Saarbrücken,66111,St. Johann,,,,retail,,,,,,,,,,,,,,,,,,,,,,,,,,,,,,,,,,,,,,,,,,,,,,,,,,,,,,,,,,
way,123301989,,,"POLYGON ((6.9923194 49.2360923, 6.9927487 49.2362672, 6.9928039 49.2362899, 6.9930158 49.2360704, 6.9929609 49.2360476, 6.9928303 49.2359933, 6.9924924 49.235853, 6.9923484 49.2357932, 6.9922342 49.2359258, 6.9921488 49.2360225, 6.9923194 49.2360923))",yes,,,,,,,TK Maxx GmbH & Co. KG,,,65-67,Bahnhofstraße,TK Maxx,,"[1375507175, 10232401293, 4018203435, 4018203432, 10232401294, 1375506596, 1375497931, 1375497945, 6577119180, 1100470055, 1375507175]",Saarbrücken,66111,St. Johann,TK Maxx,Q23823668,en:TK Maxx,retail,6,2022-06-02,"Mo-Sa 09:00-20:00; PH,Su off",,department_store,,,,,+49 681 5953470,http://www.tkmaxx.de/ueber_uns/filialen/tk-maxx-saarbruecken-151.html,,,,,,,,,,,,,,,,,flat,,,,,,,,,,,,,,,,,,,,,,,white,,,,,,,
way,123302324,,,"POLYGON ((6.9920109 49.2361671, 6.9919967 49.2361797, 6.9919332 49.236236, 6.9918539 49.2363062, 6.9920351 49.2363808, 6.9921759 49.2362388, 6.9920109 49.2361671))",,,,,,,,,,,7,Berliner Promenade,,,"[6993429500, 1375509863, 6993429490, 2285389841, 1375512032, 1375509862, 6993429500]",Saarbrücken,66111,St. Johann,,,,retail,,,,,,,,,,,,,,,,,,,,,,,,,,,,,,,,,,,,,,,,,,,,,,,,,,,,,,,,,,
way,123306179,,,"POLYGON ((6.9938909 49.2364045, 6.9939379 49.2364601, 6.9939519 49.2364767, 6.9940426 49.2364683, 6.9941481 49.2364473, 6.9940873 49.2363727, 6.9938909 49.2364045))",,,,,,,,,,,1a,Rotenhofstraße,,,"[1375540763, 7176275357, 1375540764, 7722514891, 1375540788, 1375540792, 1375540763]",Saarbrücken,66111,,,,,retail,,,,,,,,,,,,,,,,,,,,,,,,,,,,,,,,,,,,,,,,,,,,,,,,,,,,,,,,,,
way,123306181,,,"POLYGON ((6.993856 49.2363047, 6.9938337 49.2363298, 6.9938579 49.2363614, 6.9938909 49.2364045, 6.9940873 49.2363727, 6.9940214 49.2362872, 6.9939796 49.2362998, 6.993856 49.2363047))",,,,,,,,,,,1,Rotenhofstraße,,,"[1098432366, 2288827521, 8245385353, 1375540763, 1375540792, 1375540784, 2288827523, 1098432366]",Saarbrücken,66111,,,,,retail,,,,,,,,,,,,,,,,,,,,,,,,,,,,,,,,,,,,,,,,,,,,,,,,,,,,,,,,,,
way,123306184,,,"POLYGON ((6.993922 49.2362416, 6.993856 49.2363047, 6.9939796 49.2362998, 6.9940214 49.2362872, 6.993922 49.2362416))",,,,,,,,,,,,,,,"[1270083405, 1098432366, 2288827523, 1375540784, 1270083405]",,,,,,,retail,,,,,,,,,,,,,,,,,,,,,,,,,,,,,,,,,,,,,,,,,,,,,,,,,,,,,,,,,,
way,123306186,,,"POLYGON ((6.9939519 49.2364767, 6.9939672 49.2364958, 6.9940212 49.2365636, 6.9941964 49.2365065, 6.9941481 49.2364473, 6.9940426 49.2364683, 6.9939519 49.2364767))",,,,,,,,,,,3,Rotenhofstraße,,,"[1375540764, 8245385375, 1375540782, 1375540786, 1375540788, 7722514891, 1375540764]",Saarbrücken,66111,St. Johann,,,,retail,,,,,,,,,,,,,,,,,,,,,,,,,,,,,,,,,,,,,,,,,,,,,,,,,,,,,,,,,,
way,123331979,,,"POLYGON ((7.0004234 49.2343069, 7.0007081 49.2342731, 7.0006406 49.2341364, 7.0004914 49.2341669, 7.0004964 49.2341782, 7.0005011 49.234187, 7.0005234 49.2341832, 7.0005416 49.2342129, 7.0004732 49.2342215, 7.0004679 49.2342084, 7.0003953 49.2342153, 7.0004234 49.2343069))",,,,,,,,,,,2,Landwehrplatz,,Category:Landwehrplatz 2 (Saarbrücken),"[833421314, 833421317, 743085750, 1375737755, 10143763154, 1375737753, 1375737754, 1375737757, 833421319, 833421320, 833421327, 833421314]",Saarbrücken,66111,,,,,retail,2,,,1,,,,,,,,,,,,,,,,,DE,,,,,,,,,,,,,,,,,,,,,,,,,,,,,,,,,,,,,
way,123424071,,,"POLYGON ((6.9937024 49.2366086, 6.9936409 49.2365825, 6.9935322 49.2365343, 6.9934792 49.2365872, 6.993542 49.2366154, 6.9936455 49.2366601, 6.9937024 49.2366086))",,,,,,,,,,,,,,,"[1376441235, 8245385355, 1376441219, 1376441229, 8250570394, 1376441237, 1376441235]",,,,,,,retail,3,,,,,,,,,,,,,,,,,,,,,,,,,,,flat,,,,,,,,,,,,,,,,,,,,,,,,,,,,,,
way,123424122,,,"POLYGON ((6.9934627 49.2363909, 6.9935538 49.2364291, 6.9936645 49.2363171, 6.9937095 49.2362716, 6.9937255 49.2362553, 6.9935082 49.2361633, 6.9934484 49.2362241, 6.9933376 49.2363358, 6.9934627 49.2363909))",,,,,,,,,,,,,,,"[1376441632, 1376441634, 8245385346, 8245385341, 1032833417, 1374506254, 3256424956, 1032833407, 1376441632]",,,,,,,retail,1,,,,,,,,,,,,,,,,,,,,,,,,,,,flat,,,,,,,,,,,,,,,,,,,,,,,,,,,,,,
way,123546218,,,"POLYGON ((6.999296 49.2352583, 6.9992924 49.2352416, 6.9992824 49.235185, 6.9992764 49.235157, 6.9992537 49.2350482, 6.999194 49.2350496, 6.9991344 49.235051, 6.9990795 49.235275, 6.9991923 49.235271, 6.999296 49.2352583))",,,,,,,,,,,22,Nauwieserstraße,,,"[1026581124, 9382260211, 6487023971, 6487023970, 1026581115, 1377396262, 1026581137, 1026581080, 1377339095, 1026581124]",Saarbrücken,66111,,,,,retail,3,,,1,,,,,,,,,,,,,,,,,DE,,,,,,,,,,,,,,,,,,,,,,,,,,,,,,,,,,,,,
way,123588692,,,"POLYGON ((6.9991521 49.2325308, 6.9991657 49.2325509, 6.9992051 49.232609, 6.9992178 49.2326273, 6.9993489 49.2325917, 6.9993692 49.2325854, 6.9993048 49.2324878, 6.9991521 49.2325308))",,,,,,,,,,,13,Bleichstraße,,Category:Garage (Saarbrücken),"[1377625493, 10572914166, 10572914156, 1377625492, 7003899337, 1377625491, 1377625488, 1377625493]",Saarbrücken,66111,,,,,retail,,,,,,,,,,,,,,,,,,,,,,,,,,,,,,,,,,,,,,,,,,,,,,,,,,,,,,,,,,
way,124710480,,,"POLYGON ((6.9948119 49.2324128, 6.9948975 49.2324442, 6.9949305 49.2324051, 6.9948446 49.2323741, 6.9948271 49.2323948, 6.9948119 49.2324128))",,,,,,,,,,,,,,,"[1100470332, 1387224144, 1049099327, 1387224145, 7695775795, 1100470332]",,,,,,,retail,2,,,,,,,,,,,,,,,,,,,,,,,,,,,flat,,,,,,,,,,,,,,,,,,,,,,,,,,,,,,
way,124774117,,,"POLYGON ((7.008811 49.2419217, 7.0090543 49.241993, 7.0092708 49.2420565, 7.0093377 49.2420761, 7.0093542 49.2420809, 7.0093731 49.2420865, 7.0094068 49.2420375, 7.009485 49.2419256, 7.0094956 49.2419105, 7.0095254 49.2418649, 7.0089431 49.2416938, 7.0089393 49.2417, 7.0088715 49.2416817, 7.0088224 49.2417684, 7.0088795 49.2417835, 7.0088693 49.2417977, 7.0087865 49.2419145, 7.008811 49.2419217))",,,,,,,,,,,,,,,"[1387623040, 9583620003, 6456477833, 10659853330, 8237998198, 295717990, 8237998205, 10659853329, 10659853331, 1387623035, 1387623012, 1387623015, 1387623010, 1387623023, 1387623027, 6236431583, 1387623038, 1387623040]",,,,,,,retail,1,,,,,,,,,,,,,,,,,,,,,,,,,,,round,,,,,supermarket,,,,,,,,,,,,,,,,,,,,,,,,,
way,124775805,,,"POLYGON ((6.9669393 49.2186817, 6.9667428 49.2187978, 6.9665399 49.2189178, 6.9663403 49.2190358, 6.9661301 49.2188842, 6.966085 49.2189109, 6.9660479 49.2189328, 6.9657026 49.2186837, 6.966262 49.218353, 6.9662684 49.2183576, 6.9662802 49.2183662, 6.9663292 49.2184015, 6.9664112 49.218353, 6.96674 49.2185903, 6.9667535 49.2185823, 6.96678 49.2185667, 6.9668434 49.2186124, 6.9669393 49.2186817))",,,,,,,,,,,5,Hirtenwies,,,"[1387639381, 2283356924, 2283356929, 1387639393, 1387639386, 7827081852, 1387639388, 1387639380, 1387639369, 8158653142, 8158653128, 1387639372, 1387639368, 1387639376, 9472315990, 1387639375, 4032454997, 1387639381]",Saarbrücken,66117,,,,,retail,,,,,,,,,,,,,,,,,,,,,,,,,,,,,,,,,,,,,,,,,,,,,,,,,,,,,,,,,,
way,124775809,,,"POLYGON ((6.9667753 49.21918, 6.9671872 49.2189395, 6.967061 49.2188479, 6.9669826 49.2187912, 6.9668442 49.2188727, 6.9666428 49.2189913, 6.9666097 49.2189673, 6.9665368 49.2190103, 6.9667753 49.21918))",,,,,,,,,,,3,Hirtenwies,,,"[1387639394, 1387639389, 4032455000, 1387639384, 2283356931, 1387639391, 1387639390, 1387639392, 1387639394]",Saarbrücken,66117,,,,,retail,,,,,,,,,,,,,,,,,,,,,,,,,,,,,,,,,,,,,,,,,,,,,,,,,,,,,,,,,,
way,125598557,,,"POLYGON ((6.9954331 49.2388909, 6.9955506 49.2388184, 6.995482 49.2387709, 6.9953644 49.2388434, 6.9954331 49.2388909))",,,,,,,,,,,,,,,"[1394664423, 1394664429, 1090996448, 1090996918, 1394664423]",,,,,,,retail,,,,,,,,,,,,,,,,,,,,,,,,,,,,,,,,,,,,,,,,,,,,,,,,,,,,,,,,,,
way,126050414,,,"POLYGON ((6.9942007 49.2336096, 6.9946163 49.2337412, 6.9946541 49.2336894, 6.994771 49.233529, 6.9943554 49.2333974, 6.9942007 49.2336096))",,,,,3,,,,,,,,,,"[1398410811, 1398410809, 1408748821, 1398410805, 1398410812, 1398410811]",,,,,,,retail,,,,,,,,,,,,,,,,,,,,,,,,,,,,,,,,,,,,,,,,,,,,,,,,,,,,,,,,,,
way,127627046,,,"POLYGON ((7.0020052 49.2327328, 7.001957 49.2326812, 7.0019386 49.2326614, 7.0019077 49.2326302, 7.0018769 49.2326435, 7.0018313 49.2326633, 7.0019284 49.2327662, 7.0019544 49.2327549, 7.0020052 49.2327328))",,,,,,,,,,,,,,,"[1412106172, 1412158195, 1412106678, 1412106170, 1263304557, 1077031807, 1077034164, 1412158199, 1412106172]",,,,,,,retail,1,,,,,,,,,,,,,,,,,,,,,,,,,,,,,,,,,,,,,,,,,,,,,,,,,,,,,,,,,
way,127627048,,,"POLYGON ((7.0020467 49.2326153, 7.0020133 49.2325847, 7.0019077 49.2326302, 7.0019386 49.2326614, 7.0020467 49.2326153))",,,,,,,,,,,26,Rosenstraße,,,"[1412106669, 1263304547, 1412106170, 1412106678, 1412106669]",,,,,,,retail,1,,,,,,,,,,,,,,,,,,,,,,,,,,,,,,,,,,,,,,,,,,,,,,,,,,,,,,,,,
way,129096396,,,"POLYGON ((7.0264363 49.2877076, 7.0264611 49.2877267, 7.0265302 49.2876885, 7.0265054 49.2876694, 7.0264363 49.2877076))",,,,,,,,,,,,,,,"[1425009027, 1425009029, 1425009026, 1425009025, 1425009027]",,,,,,,retail,1,,,,,,,,,,,,,,,,,,,,,,,,,,,,,,,,,,,,,,,,,,,,,,,,,,,,,,,,,
way,132621947,,,"POLYGON ((7.0374274 49.2749792, 7.0374778 49.2750583, 7.0376004 49.2750251, 7.03755 49.2749459, 7.0374274 49.2749792))",,,,,,,,,,,2,Am Markt,,,"[1458671169, 1458671187, 1458671180, 1458671156, 1458671169]",Saarbrücken,66125,,,,,retail,,,,,,,,,,,,,,,,,,,,,,,,,,,,,,,,,,,,,,,,,,,,,,,,,,,,,,,,,,
way,147852107,,,"POLYGON ((7.0278877 49.288602, 7.0280098 49.2888517, 7.0279502 49.2888641, 7.0279975 49.2889608, 7.0280348 49.288953, 7.0280941 49.2890743, 7.0282909 49.2890334, 7.0282289 49.2889067, 7.0284234 49.2888662, 7.0283769 49.2887712, 7.0281783 49.2888125, 7.0281364 49.2887269, 7.0281694 49.28872, 7.0281331 49.2886459, 7.0280971 49.2886534, 7.0280549 49.2885672, 7.0278877 49.288602))",,,,,,,,,,,2,Hedwig-Stalter-Straße,Rolladen Kessler GmbH,,"[1609984198, 1609984234, 1609984236, 1609984254, 1609984249, 1609984275, 1609984273, 1609984245, 1609984244, 1609984219, 1609984223, 1609984215, 1609984213, 1609984207, 1609984209, 1609984196, 1609984198]",Saarbrücken,66125,,,,,retail,2,,,,,https://www.kessler-saarland.de/,,,,,,,,,,,,,,,,,,,,,,,,,,,,,,,,,,,,,,,,,,,,,,company,,,,,,
way,148794097,,,"POLYGON ((7.0351711 49.2744361, 7.0351593 49.2743576, 7.0351491 49.2743236, 7.0349795 49.2743174, 7.0350064 49.2744297, 7.0351711 49.2744361))",,,,,,,,,,,22,Büchelstraße,,,"[1618688682, 6051935196, 1618688617, 1618688612, 1618688680, 1618688682]",Saarbrücken,66125,,,,,retail,2,,,,,,,,,,,,,,,,,,,,,,,,,,,,,,,,,,,,,,,,,,,,,,,,,,,,,,,,,
way,148794102,,,"POLYGON ((7.0361378 49.2762127, 7.0360643 49.2762172, 7.0360532 49.2761764, 7.0360949 49.276162, 7.0360453 49.2760931, 7.0359212 49.2761378, 7.0359449 49.2762924, 7.0361471 49.2762876, 7.0361378 49.2762127))",,,,,,,,,,,,,,,"[5697903634, 1618689086, 5697903642, 1618689075, 1618689054, 1618689056, 1618689132, 5697903633, 5697903634]",,,,,,,retail,,,,,,,,,,,,,,,,,,,,,,,,,,,,,,,,,,,,,,,,,,,,,,,,,,,,,,,,,,
way,148794103,,,"POLYGON ((7.0362341 49.2758995, 7.0364651 49.2758477, 7.0373853 49.2757233, 7.0373544 49.2756614, 7.0372796 49.2755117, 7.0372407 49.2754337, 7.0372081 49.2753704, 7.0371471 49.275252, 7.0362855 49.2754432, 7.0360427 49.2754971, 7.0361004 49.2756132, 7.0361419 49.2756969, 7.0362341 49.2758995))",,,,,,,,,,,1,Am Markt,Dudo-Galerie,,"[1618688992, 1618688976, 368320582, 1458671421, 1458671350, 1458671322, 7943263037, 1618688926, 9309423177, 1618688931, 7943263036, 1618688945, 1618688992]",Saarbrücken,66125,Dudweiler,,,,retail,2,,,,,,,,,,,,,,,,,,,,DE,,,,,,,,,,,,,,,,,,,,,,,,,,,,,,,,,,,,,
way,162128727,,,"POLYGON ((7.0354479 49.2754532, 7.0354045 49.2754809, 7.0353256 49.2755451, 7.0354292 49.275637, 7.0355688 49.2755455, 7.0354479 49.2754532))",,,,,,,,,,,236,Saarbrücker Straße,,,"[1740616992, 1740616994, 1740616996, 1740617000, 1740616998, 1740616992]",Saarbrücken,66125,,,,,retail,,,,,,,,,,,,,,,,,,,,,,,,,,,,,,,,,,,,,,,,,,,,,,,,,,,,,,,,,,
way,188438027,,,"POLYGON ((7.0077387 49.241598, 7.0077515 49.2416539, 7.0077953 49.2416605, 7.007845 49.2416667, 7.0078589 49.2416136, 7.0081134 49.241648, 7.0081427 49.2415425, 7.0077662 49.2414942, 7.007714 49.2414877, 7.0077387 49.241598))",yes,,,,,,,,,,,,,,"[1096921795, 1096922413, 9966261425, 1096923253, 1096921395, 1096920575, 9968830741, 1096920028, 1096921492, 1096921795]",,,,,,,retail,1,,,0,,,,,,,,,,,,,,,,,,,,,,,,flat,,,,,,,,,,,,,,,,,,,,,,,,,,,,,,
way,204015098,,,"POLYGON ((6.9959934 49.2334531, 6.9959416 49.233511, 6.9960682 49.2335648, 6.9961423 49.2335358, 6.9961637 49.2335272, 6.9959934 49.2334531))",,,,,,,,,,,5,Herbergsgasse,,,"[1373930921, 1373930910, 817670553, 6144335584, 1373930914, 1373930921]",Saarbrücken,66111,,,,,retail,2,,,0,,,,,,,,,,,,,,,,,,,,,,,,,,,,,,,,,,,,,,,,,,,,,,,,,,,,,,
way,204651676,,,"POLYGON ((7.0044182 49.247133, 7.0045256 49.2473845, 7.0048418 49.2474115, 7.0049942 49.2474246, 7.0050986 49.2474335, 7.005146 49.2471673, 7.0051996 49.2468659, 7.0052319 49.2466841, 7.0051314 49.2466751, 7.0049855 49.2466653, 7.0048075 49.2466537, 7.0047766 49.246565, 7.0044154 49.2456928, 7.0042803 49.2453664, 7.0043643 49.2453486, 7.0043143 49.2452279, 7.0041719 49.2448859, 7.0033214 49.2450376, 7.0039335 49.2465597, 7.0038477 49.2465723, 7.0039069 49.2467141, 7.0039301 49.2467621, 7.0040115 49.2467509, 7.0041686 49.2471763, 7.0044182 49.247133))",yes,,,,,,,,,,14,Dudweiler Landstraße,,,"[2146431323, 2146431320, 2146474605, 2146474611, 2146431324, 6573119710, 10694027602, 1315139534, 1315139564, 1315139626, 2146426631, 1315139611, 6568990386, 2146426630, 2146426629, 6568990397, 1315139554, 1315139520, 2146426627, 2146426632, 1315139625, 2146431314, 2146431317, 2146431318, 2146431323]",Saarbrücken,66123,,,,,retail,,,,,,,,,,,,,,,,,,,,,,,,,,,,,,,,,,,,,,,,,,,,,,,,,,,,,,,,,,
way,204673864,,,"POLYGON ((7.0017438 49.2411245, 7.0017056 49.2411297, 7.0017416 49.2412404, 7.0018702 49.2412261, 7.0018228 49.2410664, 7.0017278 49.2410631, 7.0017438 49.2411245))",,,,,,,,,,,111,Dudweilerstraße,TotalEnergies Dudweiler Straße,,"[2146619059, 2146619047, 1089217758, 1089217845, 2146619052, 2146619058, 2146619059]",Saarbrücken,66111,,,,,retail,1,,,0,convenience,,,,,,,,,,,,,,,,,,,,,,,,,,,,,,,,,,,,,,,,,,,,,,,,,,,,,
way,207202161,indoor,camera,"POLYGON ((6.9916456 49.2387303, 6.991531 49.238615, 6.9914761 49.2385696, 6.9914436 49.2385309, 6.9914157 49.2384917, 6.9913832 49.2384566, 6.9913366 49.2384274, 6.9913022 49.238387, 6.9912717 49.2383297, 6.9912499 49.2383065, 6.9912278 49.2382917, 6.9912023 49.2382827, 6.9911678 49.2382796, 6.9911289 49.2382912, 6.9911014 49.2383159, 6.9910788 49.2383603, 6.991038 49.2384146, 6.9909729 49.2384751, 6.9909178 49.2385188, 6.9908965 49.2385552, 6.9909035 49.2385935, 6.9909217 49.2386393, 6.9909437 49.2386832, 6.9909626 49.238763, 6.9911509 49.2387499, 6.9913121 49.2387374, 6.9913743 49.2388552, 6.9915354 49.238781, 6.9915893 49.2387562, 6.9916456 49.2387303))",yes,shop,,,,,,,,,104-108,Bahnhofstraße,C&A,,"[2173592304, 2229314832, 10232388290, 2174683765, 2174683766, 2174683764, 1032928816, 822169657, 5592996174, 9517383699, 1270132545, 10232388295, 10232388297, 2174683761, 2174683762, 1141945101, 10232388298, 9517383709, 9517383708, 389793036, 9517383710, 9517383700, 9517383711, 2173592305, 2173834768, 2173592301, 2173592302, 2173592303, 10232388310, 2173592304]",Saarbrücken,66111,,C&A,Q701338,en:C&A,retail,4,,"Mo-Sa 09:00-20:00; PH,Su off",,clothes,,,,,,https://www.c-and-a.com/stores/de-de/saarland/saarbruecken/,,,,,,yes,,,,DE,,,,,,,,,,,,,,,,,,,,,,,,,,,,,,,,,,,,,
way,213065711,,,"POLYGON ((6.9973639 49.2379804, 6.9973412 49.2379456, 6.9973284 49.2379248, 6.9973175 49.2379074, 6.9972695 49.2378381, 6.9972639 49.2378297, 6.9972483 49.2378057, 6.9972349 49.2377863, 6.9970192 49.2378456, 6.9968154 49.2379459, 6.9966778 49.2380101, 6.9967285 49.2380546, 6.9967494 49.2380728, 6.9968453 49.2381568, 6.9968918 49.2381976, 6.9971436 49.23808, 6.9972336 49.2380378, 6.9973639 49.2379804))",,,,,,,,,,,48,Dudweilerstraße,,,"[2228229672, 6537696750, 6578467366, 2228246119, 6578467379, 6537696756, 9826181474, 2228229674, 2228246101, 2228262026, 2228246127, 6578467352, 2228262028, 6578467372, 7869497495, 2228255062, 2228246084, 2228229672]",Saarbrücken,66111,,,,,retail,,,,,,,,,,,,,,,,,,,,,DE,,,,,,,,,,,,,,,,,,,,,,,,,,,,,,,,,,,,,
way,213192669,,,"POLYGON ((6.9925669 49.2368712, 6.99248 49.2369603, 6.9925373 49.2369844, 6.9926628 49.2370393, 6.992751 49.2369493, 6.9926245 49.2368954, 6.9925669 49.2368712))",,,,,,,,,,,74,Bahnhofstraße,,,"[2229290995, 1195188212, 10232401227, 2229291008, 2229290980, 10232401228, 2229290995]",Saarbrücken,66111,,,,,retail,,,,,,,,,,,,,,,,,,,,,DE,,,,,,,,,,,,,,,,,,,,,,,,,,,,,,,,,,,,,
way,213841531,,,"POLYGON ((7.0073135 49.2294996, 7.0074647 49.2294783, 7.0074465 49.2294234, 7.0072954 49.2294446, 7.0073135 49.2294996))",,,,,,,,,,,,,,,"[2234710740, 2234710735, 2234710732, 2234710738, 2234710740]",,,,,,,retail,,,,,,,,,,,,,,,,,,,,,,,,,,,,,,,,,,,,,,,,,,,,,,,,,,,,,,,,,,
way,215641273,,,"POLYGON ((7.0088195 49.2456707, 7.0088541 49.2456918, 7.0089392 49.2456376, 7.0089406 49.2456151, 7.0089396 49.2455895, 7.0088494 49.2455467, 7.0088064 49.2455807, 7.0087793 49.2455664, 7.008723 49.2455367, 7.008644 49.2456225, 7.0086175 49.2456411, 7.0085733 49.2456126, 7.0085157 49.2456519, 7.0086021 49.2457059, 7.008588 49.2457164, 7.0086745 49.2457694, 7.0087132 49.2457446, 7.0087532 49.2457178, 7.0088003 49.2456837, 7.0088195 49.2456707))",,,,,,,,,,,43,Daimlerstraße,,,"[1098411891, 1098414398, 1098410590, 5859882660, 2251154890, 5562757442, 2251154889, 2291553668, 1098413674, 1098412367, 8355451544, 8355451543, 1098412642, 8355451545, 1098409919, 1098412757, 9871107439, 9871107483, 9871107494, 1098411891]",Saarbrücken,66123,Am Homburg,,,,retail,1,,,0,,,,,,,,,,,,,,,,,,,,,,,,flat,,,,,,,,,,,,,,,,,,,,,,,,,,,,,,
way,219379785,,,"POLYGON ((6.9917192 49.2364255, 6.9917477 49.2365142, 6.9917927 49.2366541, 6.9918905 49.2366911, 6.991967 49.2366126, 6.9919247 49.2365953, 6.9920071 49.2365134, 6.9920855 49.2364346, 6.9921062 49.2364139, 6.9920351 49.2363808, 6.9918539 49.2363062, 6.9918413 49.2363175, 6.9918339 49.2363239, 6.9917192 49.2364255))",,,,,,,,,,,5,Berliner Promenade,Rivage,,"[2285389837, 7873502255, 2285389849, 1375512039, 1375512030, 1375512042, 1375512034, 1375512040, 1375512029, 1375512032, 2285389841, 9208317532, 9208317533, 2285389837]",Saarbrücken,66111,,,,,retail,,,,,,http://www.rivage-sb.de/,,,,,,,,,,,,,,,DE,,,,,,,,,,,,,,,,,,,,,,,,,,,,,,,,Q86744708,,,,,
way,219691321,,,"POLYGON ((6.9999534 49.2407711, 7.0000191 49.2408066, 7.0000782 49.2408386, 7.0003808 49.2406, 7.0002831 49.2405472, 7.000256 49.2405325, 7.000105 49.2406516, 6.9999534 49.2407711))",,,,,,,,,,,,,,,"[1090997637, 10599594939, 2288306105, 2288306077, 1268704910, 1090997001, 6568097107, 1090997637]",,,,,,,retail,,,,,,,,,,,,,,,,,,,,,,,,,,,,,,,,,,,,,,,,,,,,,,,,,,,,,,,,,,
way,219691343,,,"POLYGON ((7.0000782 49.2408386, 7.000181 49.2408945, 7.0002574 49.2408338, 7.0005414 49.2406077, 7.0005471 49.2406032, 7.0004441 49.2405487, 7.0004036 49.2405263, 7.0003601 49.2405229, 7.0003201 49.2405297, 7.0002831 49.2405472, 7.0003808 49.2406, 7.0000782 49.2408386))",,,,,,,,,,,86,Dudweilerstraße,,,"[2288306105, 1090998323, 2288306107, 10608399720, 1090998976, 1858690083, 1268704918, 8248757705, 1268704926, 1268704910, 2288306077, 2288306105]",Saarbrücken,66111,,,,,retail,,,,,,,,,,,,,,,,,,,,,,,,,,,,,,,,,,,,,,,,,,,,,,,,,,,,,,,,,,
way,219742514,,,"POLYGON ((6.9941038 49.2366603, 6.9942734 49.2366013, 6.994208 49.2365208, 6.9941964 49.2365065, 6.9940212 49.2365636, 6.9940352 49.2365812, 6.99405 49.2365982, 6.9940894 49.2366436, 6.9941038 49.2366603))",,,,,,,,,,,10,Rotenhofstraße,,,"[1375540766, 1375540771, 7722514890, 1375540786, 1375540782, 7176275343, 9588674537, 9588674540, 1375540766]",Saarbrücken,66111,St. Johann,,,,retail,,,,,,,,,,,,,,,,,,,,,,,,,,,,,,,,,,,,,,,,,,,,,,,,,,,,,,,,,,
way,220020475,,,"POLYGON ((6.9990917 49.2393838, 6.9991916 49.2393428, 6.9991396 49.2392961, 6.9991017 49.2392568, 6.9989824 49.2392979, 6.9990317 49.2393367, 6.9990917 49.2393838))",,,,,,,,,,,79,Dudweilerstraße,,,"[5865888575, 5865888576, 8353704823, 5536832548, 1090998076, 8241042586, 5865888575]",Saarbrücken,66111,,,,,retail,1,,,,,,,,,,,,,,,,,,,,,,,,,,,flat,,,,,,,,,,,,,,,,,,,,,,,,,,,,,,
way,286609680,,,"POLYGON ((7.0092634 49.2319601, 7.0093123 49.2320736, 7.0094061 49.2320558, 7.0093799 49.2319967, 7.0095528 49.2319639, 7.0095757 49.2320153, 7.0096984 49.231992, 7.0097344 49.2320727, 7.009779 49.2320638, 7.0096973 49.2318784, 7.0092634 49.2319601))",,,,,,,,,,,,,,,"[2902878098, 1077032568, 2902878097, 2902878093, 2902878091, 2902878099, 1077033475, 1077032580, 2902878100, 2902878095, 2902878098]",,,,,,,retail,1,,,,,,,,,,,,,,,,,,,,,,,,,,,,,,,,,,,,,,,,,,,,,,,,,,,,,yes,,,,
way,338281371,,,"POLYGON ((6.951595 49.2425467, 6.9516108 49.2425763, 6.9518319 49.2425176, 6.9518126 49.2424882, 6.9517682 49.2424998, 6.951595 49.2425467))",,,,,,,,,,,,,,,"[3453552290, 3453552281, 829922378, 3453552275, 8484118916, 3453552290]",,,,,,,retail,,,,,,,,,,,,,,,,,,,,,,,,,,,,,,,,,,,,,,,,,,,,,,,,,,,,,,,,,,
way,398983470,,,"POLYGON ((7.0213817 49.2060503, 7.0211115 49.2061528, 7.0212356 49.2062925, 7.0215058 49.2061899, 7.0213817 49.2060503))",,,,,,,,,,,32a,Neumühler Weg,,,"[4017197498, 4017197501, 4017197507, 4017197502, 4017197498]",Saarbrücken,66130,,,,,retail,,,,,,,,,,,,,,,,,,,,,DE,,,,,,,,,,,,,,,,,,,,,,,,,,,,,,,,,,,,,
way,401444112,,,"POLYGON ((7.0084006 49.2134356, 7.0086284 49.213463, 7.0086706 49.2132932, 7.0087226 49.2132991, 7.0087393 49.2132185, 7.0082062 49.2131546, 7.0081917 49.2131528, 7.008178 49.2131515, 7.0081232 49.2133991, 7.0081108 49.2134505, 7.0081077 49.2134625, 7.0081778 49.213471, 7.0083861 49.2134948, 7.0084006 49.2134356))",yes,,,,,,,,,,25a,Rubensstraße,Netto Marken-Discount,,"[4037110723, 2161740217, 2161740270, 2161740229, 2161740214, 10048104053, 10048100354, 2161740202, 9458528558, 2161740204, 9464991441, 5563106629, 2161751394, 4037110723]",Saarbrücken,66119,,Netto Marken-Discount,Q879858,de:Netto Marken-Discount,retail,1,,"Mo-Sa 07:00-20:00; PH,Su closed",0,supermarket,https://www.netto-online.de,,,,,,,,,,,no,,,,DE,,,,,,,,,,,,,,,,,,,,,yes,yes,yes,yes,yes,,,,,,,,,yes,yes,,
way,414136276,,,"POLYGON ((7.0140932 49.273123, 7.014205 49.2730887, 7.0142594 49.2731632, 7.0143272 49.2732601, 7.0141807 49.2733042, 7.0140715 49.2731499, 7.0140932 49.273123))",,,,,,,,,,,18,Karlstraße,,,"[4153221837, 4153219854, 6019962330, 4153221834, 4153221846, 6019962329, 4153221837]",Saarbrücken,66125,,,,,retail,,,,,,,,,,,,,,,,,,,,,,,,,,,,,,,,,,,,,,,,,,,,,,,,,,,,,,,,,,
way,456136714,,,"POLYGON ((7.0494042 49.2677461, 7.0492385 49.2677642, 7.0492799 49.2679254, 7.0494455 49.2679073, 7.0494314 49.2678523, 7.0494042 49.2677461))",,,,,,,,,,,,,Agip Scheidter Straße,,"[1698314812, 4524162684, 4524162685, 4524162686, 4524162687, 1698314812]",,,,,,,retail,,,,,convenience,,,,,,,,,,,,,,,,,,,,,,,,,,,,,,,,,,,,,,,,,,,,,,,,,,,,,
way,553307109,,,"POLYGON ((6.9539227 49.2532073, 6.9539898 49.2531895, 6.9540828 49.253166, 6.954023 49.2530685, 6.9540051 49.2530392, 6.9538451 49.2530804, 6.9539227 49.2532073))",yes,,,,,,,Markus Monzel,,,,,Gärtnerei Monzel,,"[1033327006, 1033326954, 5341153754, 10783306608, 5341153755, 5341153756, 1033327006]",,,,,,,retail,,,"Mo-Fr 08:30-18:00; Sa 08:30-14:00; PH,Su closed",,garden_centre,http://www.monzel.eu/index2.html,,,,,,,,,,,,,,,,,,,,+49 681 72643,,,,Blumen + Pflanzen,,,,,,,,,,,,,,,,,,,,,,,,,,,,
way,563130545,,,"POLYGON ((7.0321479 49.2886005, 7.0320041 49.2885183, 7.0321234 49.2884294, 7.0322673 49.2885116, 7.0321479 49.2886005))",,,,,,,,,,,,,,,"[5427581485, 5427581486, 5427581487, 5427581488, 5427581485]",,,,,,,retail,,,,,,,,,,,,,,,,,,,,,,,,,,,,,,,,,,,,,,,,,,,,,,,,,,,,,,,,,,
way,575970495,,,"POLYGON ((7.0410833 49.2298942, 7.041145 49.2298386, 7.0412042 49.2298773, 7.0411734 49.2298974, 7.041182 49.2299047, 7.0411474 49.2299313, 7.0410833 49.2298942))",,,,,,,cafe,,,,,,Futterhaus,,"[5525442473, 5525442474, 5525442475, 5525442476, 5525442477, 5525442478, 5525442473]",,,,,,,retail,2,,,,,,,,,,,,,,,,,,,,,,,,,,,,,,,,,,,,,,,,,,,,,,,,,,,,,,,,no,
way,628325784,,,"POLYGON ((6.9794673 49.2485853, 6.9793188 49.2486199, 6.9792502 49.2484848, 6.9793902 49.2484511, 6.9794284 49.2485195, 6.9794673 49.2485853))",,,,,,,,,,,55a,Am Torhaus,,,"[5931721586, 1756991834, 5931722879, 5931722880, 8587309936, 5931721586]",Saarbrücken,66113,,,,,retail,,,,,,,,,,,,,,,,,,,,,,,,,,,,,,,,,,,,,,,,,,,,,,,,,,,,,,,,,,
way,640167673,,,"POLYGON ((6.9964035 49.2320884, 6.9963531 49.2320426, 6.996318 49.2320582, 6.9963693 49.2321038, 6.9963845 49.232097, 6.9964035 49.2320884))",,,,,,,,,,,,,,,"[1049099195, 6045392205, 6030955383, 1100470526, 6030955382, 1049099195]",,,,,,,retail,,,,,,,,,,,,,,,,,,,,,,,,,,,,,,,,,,,,,,,,,,,,,,,,,,,,,,,,,,
way,700377139,,,"POLYGON ((6.9911668 49.2368955, 6.9912375 49.236976, 6.9914632 49.2370677, 6.9918159 49.2372177, 6.9918741 49.237242, 6.991955 49.2371593, 6.9921904 49.2369204, 6.9921326 49.2368961, 6.9915838 49.2366623, 6.9914657 49.2365848, 6.9914061 49.236615, 6.9911503 49.2367498, 6.9912336 49.2368475, 6.9911517 49.2368778, 6.9911668 49.2368955))",,,,,,,,,,,,,,,"[6994074641, 1375526287, 1375529290, 10232401263, 1100470102, 1375529279, 1100470030, 10232401269, 1100470160, 6994074643, 5270913725, 6993204828, 6994074640, 6994074639, 6994074641]",,,,,,,retail,,,,,,,,,,,,,,,,,,,,,,,,,,,,,,,,,,,,,,,,,,,,,,,,,,,,,,,,,,
way,744977801,,,"POLYGON ((6.9849092 49.2480651, 6.98505 49.2479302, 6.9849607 49.2478905, 6.985079 49.2477772, 6.983961 49.24728, 6.9838363 49.2473995, 6.9837501 49.2473612, 6.9836158 49.24749, 6.9849092 49.2480651))",,,,,,,,,,,,,Südtribüne,,"[6974016535, 6974016536, 6974016537, 6974016538, 8580947226, 6974016540, 6974016541, 6974016542, 6974016535]",,,,,,,retail,,,,,,,,,,,,,,,,,,,,,,,,,,,,,,,,,,,,,,,,,,,,,,,,,,,,,,,,,,
way,748943244,,,"POLYGON ((6.9994156 49.2326963, 6.9993489 49.2325917, 6.9993692 49.2325854, 6.9995086 49.2326217, 6.9995274 49.2326526, 6.999427 49.2326944, 6.9994156 49.2326963))",,,,,,,,,,,,,,Category:Garage (Saarbrücken),"[7003899338, 7003899337, 1377625491, 1377625490, 833392613, 1411423859, 7003899338]",,,,,,,retail,,,,,,,,,,,,,,,,,,,,,,,,,,,,,,,,,,,,,,,,,,,,,,,,,,,,,,,,,,
way,886733391,,,"POLYGON ((6.9937934 49.236649, 6.9938715 49.2367336, 6.9938219 49.2367787, 6.9937352 49.2367779, 6.993801 49.236715, 6.9937934 49.236649))",,,,,,,,,,,,,,,"[1376441217, 8245385345, 8245385370, 1098431886, 1376441231, 1376441217]",,,,,,,retail,1,,,,,,,,,,,,,,,,,,,,,,,,,,,flat,,,,,,,,,,,,,,,,,,,,,,,,,,,,,,
way,915534703,,,"POLYGON ((7.0049745 49.2376455, 7.004858 49.2376194, 7.0048537 49.2376276, 7.0047856 49.2377574, 7.0049157 49.2377866, 7.0049351 49.2377496, 7.0049788 49.2376692, 7.0049881 49.2376485, 7.0049745 49.2376455))",yes,,,,,fence,,,dimgray,metal,21,Martin-Luther-Straße,TotalEnergies Martin-Luther-Straße,,"[8504197416, 1082194979, 6106554108, 1082195051, 1082194934, 1082194880, 9815588753, 8504197415, 8504197416]",Saarbrücken,66111,,,,,retail,1,,24/7,0,convenience,,1,,,,,,,,,,,,,,,,,,,,,,,,,,,,,,,,,,,,,,,,,,,,,,,,,yes,,railing
way,973136787,,,"POLYGON ((6.9965389 49.2338618, 6.9965617 49.2338569, 6.9965835 49.2338522, 6.9965449 49.2337894, 6.9965169 49.2338228, 6.9965389 49.2338618))",,,,,,,,,,,,,,,"[9006998234, 10834515664, 924222150, 9006998235, 9006998237, 9006998234]",,,,,,,retail,1,,,,,,,,,,,,,,,,,,,,,,,,,,,,,,,,,,,,,,,,,,,,,,,,,,,,,,,,,
way,1041732755,,,"POLYGON ((6.9685025 49.2185048, 6.9686041 49.2186175, 6.9686332 49.2186065, 6.9686453 49.2186203, 6.9686711 49.2186494, 6.9688226 49.2188213, 6.9688474 49.2188494, 6.9689136 49.2189246, 6.9691671 49.2188296, 6.9691863 49.2188512, 6.9693011 49.2188076, 6.9693151 49.2188023, 6.9690131 49.2184631, 6.9688672 49.2182992, 6.968489 49.2184429, 6.9685111 49.218468, 6.9685332 49.218493, 6.9685025 49.2185048))",yes,,,,,,,ALDI GmbH & Co. KG,,,2,Hirtenwies,Aldi Süd,,"[9590285713, 9590285712, 9590285711, 9601982186, 9601982204, 9601982205, 9601982185, 9590285710, 9590285709, 9590285703, 10877059833, 9590285707, 10879658849, 9590285706, 9590285705, 9590285700, 9590285704, 9590285713]",Saarbrücken,66117,,,Q41171672,en:Aldi,retail,1,,"Mo-Sa 07:00-20:00; PH,Su closed",,supermarket,,,,,,,,,,,,,,,,,,,,,,,flat,,,,,,,,,,,,,,,,,,,,,,,,,,,,,,
way,1084126679,,,"POLYGON ((7.0213441 49.2325767, 7.0213112 49.2325969, 7.0212623 49.2326269, 7.0214273 49.2327415, 7.0214764 49.2327114, 7.0215091 49.2326913, 7.0213754 49.2325985, 7.0213441 49.2325767))",,,,,,,,,,,,,,,"[1086428530, 10274100289, 1086429669, 1086426457, 10274118176, 1086429711, 10278533236, 1086428530]",,,,,,,retail,1,,,,,,,,,,,,,,,,,,,,,,,,,,,,,,,,,,,,,,,,,,,,,,,,,,,,,,,,,
