element_type,osmid,wheelchair,wheelchair:description,geometry,addr:city,addr:housenumber,addr:postcode,addr:street,amenity,surveillance,surveillance:type,surveillance:zone,old_name,contact:website,name,tourism,operator,note,level,fixme,nodes,addr:country,alt_name,brand:wikidata,building,opening_hours,shop,short_name,building:levels,roof:shape,contact:phone,contact:email,contact:fax,office,wikidata,cuisine,outdoor_seating,roof:levels,operator:wikidata,website,disused:shop,roof:orientation,building:colour,building:use,smoking,roof:colour,automated,brand,self_service,opening_hours:signed,building:roof,air_conditioning,internet_access,internet_access:fee,start_date,delivery,takeaway,phone,source,atm,disused,addr:suburb,diet:vegetarian,second_hand,service:vehicle:air_conditioning,service:vehicle:body_repair,service:vehicle:brakes,service:vehicle:car_repair,service:vehicle:diagnostics,service:vehicle:electrical,service:vehicle:glass,service:vehicle:inspection,service:vehicle:new_car_sales,service:vehicle:oil_change,service:vehicle:used_car_sales,lottery,payment:cash,payment:cryptocurrencies,payment:mastercard,payment:paypal,payment:visa,brand:wikipedia,building:material,indoor_seating,ways,type,addr:housename
way,69221473,yes,,"POLYGON ((6.96302 49.240739, 6.9632774 49.240704, 6.963385 49.2406893, 6.963231 49.2402073, 6.9628659 49.240257, 6.96302 49.240739))",Saarbrücken,1,66115,Gasweg,,,,,,,A.T.U,,A.T.U Auto-Teile-Unger GmbH & Co. KG,,,,"[829906954, 10903426202, 829906955, 829906956, 829906957, 829906954]",DE,Auto Teile Unger,Q784721,commercial,"Mo-Fr 07:30-18:30; Sa 08:00-15:00; PH,Su closed",car_repair,ATU,,,,,,,,,,,,,,,,,,,,,,,,,,,,,,,,,,,,,,,,,,,,,,,,,,,,,,,,,,,
way,69549698,,,"POLYGON ((6.9569286 49.2374136, 6.9571874 49.2373923, 6.9577673 49.2373446, 6.9580101 49.2373247, 6.95898 49.237245, 6.9595046 49.2372019, 6.9594772 49.2370542, 6.9594432 49.2369039, 6.9594361 49.2368642, 6.959429 49.2368245, 6.9594218 49.2367848, 6.9592532 49.2359638, 6.9592497 49.2359419, 6.9592451 49.2359193, 6.9591102 49.2352648, 6.9588243 49.2352881, 6.95887 49.2355321, 6.9586263 49.235552, 6.9585805 49.2353074, 6.9582872 49.2353343, 6.9583719 49.2357891, 6.9581112 49.2358104, 6.9581665 49.2360999, 6.9583084 49.2368397, 6.9574034 49.2369169, 6.9573856 49.2368236, 6.9571863 49.2368398, 6.9568247 49.2368692, 6.9569286 49.2374136))",,,,,,,,,,,,,,,,,"[832384016, 9159200415, 9159202552, 9159200408, 9159200398, 832384017, 9159680618, 9170738369, 9170738370, 9170738371, 9170738372, 9341252184, 9159202562, 9341252185, 832384020, 832384021, 832384022, 832384023, 832384024, 832384025, 832384026, 832384440, 880693060, 832384441, 832384442, 880665761, 9159202529, 832384444, 832384016]",,,,commercial,,,,,,,,,,,,,,,,,,,,,,,,,,,,,,,,,,,,,,,,,,,,,,,,,,,,,,,,,,,,,,
way,79034895,,,"POLYGON ((6.9837447 49.2399351, 6.9840608 49.2400063, 6.9841165 49.2400188, 6.9841986 49.2400373, 6.9842475 49.2399224, 6.9842714 49.2398741, 6.9842537 49.2398129, 6.9843204 49.2397724, 6.9842882 49.2396562, 6.9842507 49.2396622, 6.9840178 49.2396962, 6.9838612 49.2397193, 6.9838547 49.239731, 6.983853 49.2397341, 6.9838027 49.2398275, 6.9837518 49.2399218, 6.9837494 49.2399263, 6.9837447 49.2399351))",,49,,,,,,,Q-Park Hafenstraße,,Premier Inn Saarbrücken City Congresshalle Hotel,hotel,,,,,"[9545669886, 9545669881, 9545669878, 923931577, 2287064304, 2287064306, 9545665270, 2287061443, 923931578, 9545665272, 9545665271, 9545669874, 9549205294, 9545669885, 9545669872, 9545669871, 9549205296, 9545669886]",,,Q2108626,commercial,,,,8,flat,,,,,,,,,,,,,,,,,,,,,,,,,,,,,,,,,,,,,,,,,,,,,,,,,,,,,,,,,
way,87261895,yes,,"POLYGON ((6.9653222 49.2333911, 6.965374 49.2333912, 6.9654243 49.2333912, 6.9654235 49.2333763, 6.9654707 49.2333768, 6.9655676 49.2333777, 6.9656254 49.2333777, 6.9656411 49.2333777, 6.9656409 49.2334372, 6.9656405 49.2334974, 6.9658256 49.2334978, 6.9658255 49.2334145, 6.9658233 49.2331217, 6.9653435 49.2331184, 6.9653222 49.2333911))",Saarbrücken,95,66117,Saaruferstraße,,,,,,https://www.reifen-kiefer.de/index.php/unsere-filialen-2/saarbruecken,Reifen Kiefer,,,,,,"[1014657862, 10002324838, 10002324840, 10002324832, 10002324837, 10002324829, 10002324827, 1014657466, 10002324833, 1014657834, 1014657059, 5766706550, 1014657728, 1014656967, 1014657862]",DE,,,commercial,"Mo-Fr 08:00-17:00; Sa 08:00-12:00; PH,Su closed",tyres,,,,+49 681 926570,,,,,,,,,,,,,,,,,,,,,,,,,,,,,,,,,,,,,,,,,,,,,,,,,,,,,,,,
way,87288191,,,"POLYGON ((6.9253153 49.2447379, 6.9250413 49.2448011, 6.9252175 49.2451296, 6.9254869 49.2450683, 6.9253153 49.2447379))",,,,,,,,,,http://www.gebr-naim.de/,Gebrüder Naim GbRElektro - & Sekundärrohstoffe,,,,,,"[1275684398, 1014908545, 1014908638, 1275684397, 1275684398]",,,,commercial,,,,,,+49 681 9471861,info@gebr-naim.de,+49 681 9890276,company,,,,,,,,,,,,,,,,,,,,,,,,,,,,,,,,,,,,,,,,,,,,,,,,,,,,,
way,87290371,,,"POLYGON ((6.9598747 49.2407272, 6.9605662 49.2406772, 6.9605532 49.2405988, 6.9605399 49.2405183, 6.9598484 49.2405683, 6.9598626 49.2406542, 6.9598747 49.2407272))",Saarbrücken,3,66115,Käthe-Kollwitz-Straße,,,,,,,,,,,,,"[1014930533, 1014930631, 10903430940, 1014930566, 1014930531, 10903426201, 1014930533]",DE,,,commercial,,,,,,,,,,,,,,,,,,,,,,,,,,,,,,,,,,,,,,,,,,,,,,,,,,,,,,,,,,,,,,
way,87293292,,,"POLYGON ((6.9782679 49.2358239, 6.9784869 49.2358339, 6.9785636 49.2351206, 6.9783446 49.2351105, 6.9782679 49.2358239))",Saarbrücken,104-106,66117,Hohenzollernstraße,,,,,,,Stadtwerke Saarbrücken,,,,,,"[1014965280, 1014965234, 1014965102, 1014964977, 1014965280]",,,,commercial,,,,,,,,,,Q1718530,,,,,,,,,,,,,,,,,,,,,,,,,,,,,,,,,,,,,,,,,,,,,,,,,,,,
way,87331882,,,"POLYGON ((6.9709294 49.2121204, 6.970909 49.2121048, 6.9706076 49.2122404, 6.9706348 49.2122668, 6.9707096 49.2123395, 6.970995 49.2122175, 6.9710187 49.2122043, 6.9713715 49.2121483, 6.9713948 49.212215, 6.9715863 49.2121863, 6.9714863 49.211908, 6.9712981 49.2119376, 6.9713301 49.212031, 6.9709788 49.2120844, 6.9709861 49.2121085, 6.9709688 49.2121121, 6.9709294 49.2121204))",,,,,,,,,,,,,,,,,"[2023039000, 1015502805, 1015502765, 1382829034, 1015502718, 1015502669, 2023039018, 1015502752, 1015502687, 1015502597, 1015502647, 1015502847, 1015502855, 2023038995, 2023038999, 9780084125, 2023039000]",,,,commercial,,,,3,flat,,,,,,,,,,,,,,,,,,,,,,,,,,,,,,,,,,,,,,,,,,,,,,,,,,,,,,,,,
way,87489101,limited,,"POLYGON ((6.9186653 49.2229609, 6.9187091 49.2229687, 6.918819 49.2229884, 6.9188651 49.2228795, 6.9187529 49.2228593, 6.9187114 49.2228519, 6.9186653 49.2229609))",,7 a,66128,Am Sprinkshaus,restaurant,,,,,,Pizzaservice Tano,,,,,,"[1017633793, 9981563278, 1017633791, 1017633940, 9981563311, 1017633695, 1017633793]",,,,commercial,"Mo-Sa 17:30-21:30; PH,Su closed",,,,,,,,,,italian,yes,,,,,,,,,,,,,,,,,,,,,,,,,,,,,,,,,,,,,,,,,,,,,,,,,,
way,88525193,,,"POLYGON ((7.0398737 49.2063794, 7.0405881 49.2065293, 7.0405775 49.2065507, 7.0407445 49.2065864, 7.0407908 49.2065012, 7.0408149 49.2064569, 7.0407871 49.206451, 7.0408625 49.2062988, 7.0408062 49.206287, 7.0407898 49.2062835, 7.0400031 49.2061182, 7.0398737 49.2063794))",Saarbrücken,32,66130,Kurt-Schumacher-Straße,,,,,,,,,,,,,"[1028159818, 4421851901, 4421851899, 4421851902, 9701564840, 4421851900, 1028159949, 1028160105, 9718603464, 9718603483, 1028159793, 1028159818]",,,,commercial,,,,,,,,,,,,,,,,,,,,,,,,,,,,,,,,,,,,,,,,,,,,,,,,,,,,,,,,,,,,,,
way,88558310,,,"POLYGON ((7.0984862 49.1914276, 7.098368 49.1914271, 7.0983679 49.1915035, 7.0984769 49.1915036, 7.0984699 49.1915608, 7.0986521 49.1915632, 7.0986683 49.1914382, 7.0984862 49.1914276))",Saarbrücken,45a,66130,Hauptstraße,,,,,,,,,,,,,"[1089411058, 1089411064, 1089411101, 1089411139, 1028533321, 1028528947, 1028528415, 1089411058]",DE,,,commercial,,,,,,,,,,,,,,,,,,,,,,,,,,,,,,,,,,,,,,,,,,,,,,,,,,,,,,,,,,,,,,
way,88558801,,,"POLYGON ((7.0934258 49.1912846, 7.0935096 49.1911524, 7.0929709 49.1910065, 7.0928871 49.1911386, 7.0934258 49.1912846))",Saarbrücken,73,66130,Hauptstraße,,,,,,,Lagros,,,,,,"[1028534616, 1028529087, 1028533499, 1028529863, 1028534616]",DE,,,commercial,,interior_decoration,,,,,,,,,,,,,,,,,,,,,,,,,,,,,,,,,,,,,,,,,,,,,,,,,,,,,,,,,,,,
way,88559025,,,"POLYGON ((7.0939771 49.1920326, 7.0946485 49.1918463, 7.0944677 49.1915681, 7.0937964 49.1917544, 7.0939771 49.1920326))",Saarbrücken,70,66130,Hauptstraße,,,,,,,,,,,,,"[1028529619, 1028527798, 1028534122, 1028532122, 1028529619]",DE,,,commercial,,,,,,,,,,,,,,,,,,,,,,,,,,,,,,,,,,,,,,,,,,,,,,,,,,,,,,,,,,,,,,
way,88559120,,,"POLYGON ((7.0994704 49.1912545, 7.0993528 49.1915694, 7.0994922 49.1915733, 7.0995584 49.1914143, 7.0995969 49.1913051, 7.0996112 49.1912761, 7.0994704 49.1912545))",,,,,,,,,,,,,,,,,"[1028528446, 1028532055, 1028527674, 1028528055, 1028529988, 1028534846, 1028528446]",,,,commercial,,,,,,,,,,,,,,,,,,,,,,,,,,,,,,,,,,,,,,,,,,,,,,,,,,,,,,,,,,,,,,
way,88559260,,,"POLYGON ((7.0993823 49.1911815, 7.0987823 49.19113, 7.0987567 49.1912574, 7.0993567 49.1913089, 7.0993823 49.1911815))",,,,,,,,,,,,,,,,,"[1028526376, 1028530395, 1028534109, 1028532675, 1028526376]",,,,commercial,,,,,,,,,,,,,,,,,,,,,,,,,,,,,,,,,,,,,,,,,,,,,,,,,,,,,,,,,,,,,,
way,88559287,,,"POLYGON ((7.0953091 49.1913332, 7.0956201 49.1913304, 7.0956163 49.1911557, 7.0953053 49.1911585, 7.0953091 49.1913332))",Saarbrücken,63,66130,Hauptstraße,,,,,,,,,,,,,"[1028534892, 1028530019, 1028533716, 1028532392, 1028534892]",DE,,,commercial,,,,,,,,,,,,,,,,,,,,,,,,,,,,,,,,,,,,,,,,,,,,,,,,,,,,,,,,,,,,,,
way,89482764,,,"POLYGON ((6.9366016 49.2455375, 6.936634 49.2449701, 6.9366397 49.2447676, 6.9361679 49.244757, 6.9361191 49.2455257, 6.936381 49.2455321, 6.9366016 49.2455375))",Saarbrücken,17 D2,66115,Altenkesseler Straße,,,,,,,"Hochschul-Technologie-Zentrum (HTZ), Gebäude D2",,,,,,"[1037662105, 1279614673, 1037662666, 1037662204, 1037661972, 1279614660, 1037662105]",DE,,,commercial,,,,2,round,,,,,,,,0,,,,,,,,,,,,,,,,,,,,,,,,,,,,,,,,,,,,,,,,,,,,,,,,,
way,90975345,,,"POLYGON ((6.964111 49.2523284, 6.9642615 49.2523658, 6.9643064 49.2522889, 6.9643628 49.2523029, 6.9643396 49.2523426, 6.9644709 49.2523752, 6.9644929 49.2523375, 6.9645431 49.25235, 6.9644986 49.2524262, 6.9646669 49.2524681, 6.9647718 49.2522885, 6.9645007 49.252221, 6.9643707 49.2521887, 6.9643905 49.2521548, 6.9642349 49.2521161, 6.964111 49.2523284))",Saarbrücken,6,66113,Rhönweg,,,,,,,Trägerzentrale cts-Verbund,,Caritas Trägergesellschaft Saarbrücken mbH (cts),,,,"[1056341761, 1056341771, 1056341767, 1056341758, 1056341779, 1056341763, 1056341756, 1056341776, 1056341772, 1056341768, 1056341759, 10771897651, 1056341780, 1056341773, 1056341770, 1056341761]",DE,,,commercial,,,,,,,,,company,,,,,Q1036345,https://www.cts-mbh.de/,,,,,,,,,,,,,,,,,,,,,,,,,,,,,,,,,,,,,,,,,,,,,,,
way,91842250,,,"POLYGON ((6.9202447 49.2461481, 6.9204898 49.2461213, 6.9204175 49.2458898, 6.9203528 49.2458982, 6.9203631 49.245929, 6.9202288 49.2459496, 6.9202688 49.2461, 6.9202353 49.2461042, 6.9202447 49.2461481))",,,,,,,,,,,,,,,,,"[1067305655, 1067305649, 1067305328, 6001797725, 1123303079, 1289368165, 6001797724, 1067305362, 1067305655]",,,,commercial,,,,,,,,,,,,,,,,,,,,,,,,,,,,,,,,,,,,,,,,,,,,,,,,,,,,,,,,,,,,,,
way,91843863,,,"POLYGON ((6.9322214 49.2472646, 6.9324739 49.2471977, 6.9323724 49.2470331, 6.9322089 49.247076, 6.9321866 49.2470819, 6.9321187 49.2470997, 6.9321875 49.2472068, 6.9322214 49.2472646))",Saarbrücken,1,66115,Werner-von-Siemens-Allee,,,,,,,,,,,,,"[1067331803, 1067331828, 1067331578, 8833517445, 8833517444, 1067331598, 5021798457, 1067331803]",DE,,,commercial,,,,,,,,,,,,,,,,,,,,,,,,,,,,,,,,,,,,,,,,,,,,,,,,,,,,,,,,,,,,,,
way,92004104,yes,,"POLYGON ((7.0266996 49.226211, 7.0272306 49.226141, 7.0271842 49.2259838, 7.027136 49.2258272, 7.0267867 49.2258705, 7.0267964 49.2259077, 7.0267029 49.2259195, 7.0266278 49.2259289, 7.0266026 49.225943, 7.026598 49.2259638, 7.026616 49.2259816, 7.0266436 49.22599, 7.0266996 49.226211))",,,,,,,,,Reno,,,,,,0,,"[1068824125, 1068823990, 7781939908, 1068824058, 2145249465, 2145249450, 7975427558, 1068824111, 1068823965, 1068824011, 1068824041, 1068824134, 1068824125]",,,,commercial,,,,2,flat,,,,,,,,,,,yes,,,,,,,,,,,,,,,,,,,,,,,,,,,,,,,,,,,,,,,,,,,,,,
way,92005244,,,"POLYGON ((7.0191678 49.2286895, 7.0190864 49.2287497, 7.0189938 49.2288182, 7.0192595 49.2289637, 7.0194205 49.228835, 7.0191678 49.2286895))",Saarbrücken,8,66121,Am Kieselhumes,,,,,,,,,,,,,"[9349474552, 7667665122, 1068844916, 1068844891, 9349474551, 9349474552]",DE,,,commercial,,,,4,flat,,,,,,,,0,,,,,,,,,,,,,,,,,,,,,,,,,,,,,,,,,,,,,,,,,,,,,,,,,
way,92203726,,,"POLYGON ((7.0245608 49.1965557, 7.0243896 49.1966752, 7.0252177 49.1971597, 7.02538 49.197035, 7.0254095 49.197042, 7.025447 49.1970385, 7.0254658 49.1970219, 7.0254658 49.1970017, 7.0254457 49.1969873, 7.025412 49.1969769, 7.0254783 49.1969331, 7.0255956 49.197004, 7.025709 49.1969294, 7.0246535 49.1963161, 7.0244303 49.1964797, 7.0244843 49.1965117, 7.0244965 49.1965186, 7.0245608 49.1965557))",Saarbrücken,2,66119,Am Felsbrunnen,,,,,,,SMS,,,,,,"[1070477684, 1070478103, 1070477088, 9054940329, 9054940330, 9054940331, 9054940332, 9054940333, 9054940334, 9054940335, 1070478182, 1070477168, 1070477842, 1070478004, 1070477008, 9917599004, 9917599003, 1070477684]",,,,commercial,,,,,,,,,,,,,,,,,,,,,,,,,,,,,,,,,,,,,,,,,,,,,,,,,,,,,,,,,,,,,,
way,92203755,,,"POLYGON ((7.0244669 49.1973811, 7.0247523 49.1971668, 7.0243298 49.1969265, 7.0241522 49.1970599, 7.024006 49.1969759, 7.0238975 49.1970565, 7.0240444 49.1971408, 7.0244669 49.1973811))",Saarbrücken,6,66119,Am Felsbrunnen,,,,,,,MAN,,,,,,"[1070477039, 1070477362, 1070477975, 1070478200, 1070476954, 1070477955, 1070477812, 1070477039]",,,,commercial,,,,,,,,,,,,,,,,,,,,,,,,,,,,,,,,,,,,,,,,,,,,,,,,,,,,,,,,,,,,,,
way,92206307,,,"POLYGON ((7.0198959 49.197328, 7.0199752 49.1973944, 7.0200277 49.1973673, 7.0200832 49.1973386, 7.0200589 49.1973184, 7.0200039 49.1972723, 7.0198959 49.197328))",Saarbrücken,252e,66119,Großblittersdorfer Straße,,,,,,,,,,,,,"[1070509489, 1070510131, 9917596599, 1070509175, 9917598959, 1070508349, 1070509489]",,,,commercial,,,,1,gabled,,,,,,,,,,,,along,,,,,,,,,,,,,,,,,,,,,,,,,,,,,,,,,,,,,,,,,,,,,
way,92206346,,,"POLYGON ((7.0236164 49.1969831, 7.0231939 49.1967715, 7.0230629 49.1968832, 7.0234854 49.1970947, 7.0236164 49.1969831))",Saarbrücken,7,66119,Am Felsbrunnen,,,,,,,CKS Klimatechnik – Wärmetechnik,,,,,,"[1070508378, 1070509748, 1070510147, 1070509501, 1070508378]",,,,commercial,,,,,,,,,,,,,,,,,,,,,,,,,,,,,,,,,,,,,,,,,,,,,,,,,,,,,,,,,,,,,,
way,92218371,,,"POLYGON ((7.0418764 49.2075974, 7.0422165 49.2076818, 7.0423411 49.2074557, 7.0422571 49.2074346, 7.0422979 49.2074206, 7.0422709 49.2073952, 7.0422237 49.2073508, 7.0422056 49.2073565, 7.0420323 49.2073105, 7.0418764 49.2075974))",Saarbrücken,42,66130,Kurt-Schumacher-Straße,,,,,,,Schwinn Autoteile,,,,,,"[1070580929, 1070580274, 1070580735, 9671307627, 9701569173, 9701564856, 9701564825, 9671307626, 1070580398, 1070580929]",,,,commercial,"Mo-Fr 07:30-16:30; PH,Sa-Su closed",car_parts,,2,flat,,,,,,,,,,,,,,,,,,,,,,,,,,,,,,,,,,,,,,,,,,,,,,,,,,,,,,,,,
way,92218395,,,"POLYGON ((7.0417796 49.2075968, 7.0419543 49.2072102, 7.0418916 49.2071985, 7.0419046 49.2071697, 7.0418106 49.2071519, 7.0417984 49.2071807, 7.0417797 49.2071771, 7.0417934 49.2071476, 7.0417498 49.2071396, 7.0417008 49.2071306, 7.041679 49.2071791, 7.0415211 49.2075502, 7.0417796 49.2075968))",Saarbrücken,40,66130,Kurt-Schumacher-Straße,,,,,,,,,,,,,"[1070580153, 1070580374, 9701564910, 9701564874, 9701569163, 9701569175, 9701569277, 9701564895, 9701564881, 1070581042, 9701569210, 1070580246, 1070580153]",,,,commercial,,,,,,,,,,,,,,,,,,,,,,,,,,,,,,,,,,,,,,,,,,,,,,,,,,,,,,,,,,,,,,
way,92218419,,,"POLYGON ((7.0405483 49.2074951, 7.0410681 49.2075938, 7.0411154 49.2074766, 7.0413304 49.2075167, 7.0414755 49.2071884, 7.0407187 49.2070567, 7.0405483 49.2074951))",Saarbrücken,38,66130,Kurt-Schumacher-Straße,,,,,,,Buderus,,,,,,"[1070580881, 1070581213, 1070580633, 1070581219, 1070580460, 1070580996, 1070580881]",,,,commercial,,,,,,,,,,,,,,,,,,,,,,,,,,,,,,,,,,,,,,,,,,,,,,,,,,,,,,,,,,,,,,
way,92440524,,,"POLYGON ((6.9897439 49.2371356, 6.9897406 49.2371284, 6.9895508 49.2371802, 6.989453 49.2372059, 6.989422 49.2372087, 6.989418 49.2371771, 6.9894166 49.2371681, 6.9894008 49.2371693, 6.9892048 49.2371832, 6.9892094 49.2372182, 6.9890453 49.2372292, 6.9890042 49.2372319, 6.9889957 49.2372324, 6.9889975 49.2372484, 6.9889523 49.2372517, 6.9889605 49.2372955, 6.9889341 49.2372977, 6.9889371 49.237316, 6.988956 49.2374307, 6.9889852 49.2374286, 6.9889887 49.2374474, 6.9889925 49.2374676, 6.9889846 49.2374745, 6.9889808 49.2374779, 6.9889669 49.2374902, 6.9889596 49.2374966, 6.9890163 49.2375814, 6.989042 49.2375746, 6.9890857 49.2375631, 6.9891366 49.237548, 6.9891175 49.2375176, 6.9892445 49.2374803, 6.9892724 49.2374731, 6.9893034 49.2374645, 6.9894948 49.2374104, 6.9895167 49.2374043, 6.9895614 49.2374253, 6.989643 49.2374705, 6.9896825 49.2374594, 6.9897564 49.2374387, 6.9898187 49.2374212, 6.9898275 49.2374371, 6.9899026 49.2374171, 6.9899277 49.2374104, 6.9898581 49.2373057, 6.9898221 49.2372518, 6.9897667 49.2371712, 6.9897536 49.2371507, 6.9897439 49.2371356))",,,,,,,,,,,,,,,,,"[9341095464, 2285783272, 1073186184, 9336341941, 1387543552, 3376723793, 9336341930, 9341095462, 1387543500, 1387543504, 7807176764, 7807176768, 1387543534, 2285783262, 2285783259, 2229318368, 1073186143, 9341095458, 1073186189, 9336341938, 9336341937, 9336341939, 9341095467, 9341095466, 9341095457, 9336341940, 1073186195, 9275840740, 2285804236, 2285783258, 1073186145, 2285783268, 1387556697, 2285783257, 5589087385, 1073186208, 9341095471, 1073186140, 5589087378, 5589087377, 1387556685, 3375812293, 7928946232, 1387556705, 3276721779, 5915814379, 2285783260, 2285783265, 9341095464]",,,,commercial,,,,10,flat,,,,,,,,,,,,,beige,hotel,,,,,,,,,,,,,,,,,,,,,,,,,,,,,,,,,,,,,,,,,,,
way,92867489,,,"POLYGON ((7.0119076 49.2157033, 7.0117537 49.2156745, 7.0117255 49.2157387, 7.0118794 49.2157675, 7.0119076 49.2157033))",,,,,,,,,,,,,,,,,"[1076833888, 1076833068, 1076834424, 1076831891, 1076833888]",,,,commercial,,,,1,skillion,,,,,,,,,,,,,lightyellow,,yes,,,,,,,,,,,,,,,,,,,,,,,,,,,,,,,,,,,,,,,,,,
way,92867636,,,"POLYGON ((7.0111629 49.215797, 7.011246 49.2158126, 7.0112795 49.2158188, 7.0113458 49.2156676, 7.0112293 49.2156458, 7.0111629 49.215797))",,,,,,,,,,,,,,,,,"[1076832938, 2933633988, 1076832035, 1076832601, 1076832342, 1076832938]",,,,commercial,,,,1,,,,,,,,,,,,,,,,outside,,,,,,,,,,,,,,,,,,,,,,,,,,,,,,,,,,,,,,,,,,
way,92869044,,,"POLYGON ((7.0276163 49.22087, 7.0274826 49.2208205, 7.0272833 49.2210502, 7.0274169 49.2210997, 7.0274895 49.2210173, 7.0276163 49.22087))",Saarbrücken,32,66121,Brebacher Landstraße,,,,,,,,,,,,,"[1076860914, 1076862095, 1076861484, 1076861911, 8002014642, 1076860914]",,,,commercial,,,,,gabled,,,,,,,,,,,,along,,,,gray,,,,,,,,,,,,,,,,,,,,,,,,,,,,,,,,,,,,,,,,,
way,92869067,,,"POLYGON ((7.0269828 49.2219692, 7.0273718 49.2214988, 7.0272759 49.2214632, 7.0271778 49.2214268, 7.0271392 49.2214106, 7.0270169 49.2213671, 7.0267224 49.2217071, 7.0267077 49.2217027, 7.0266086 49.2218329, 7.0267791 49.221895, 7.0269828 49.2219692))",Saarbrücken,26,66121,Brebacher Landstraße,,,,,,,,,,,,,"[1076861235, 1076860752, 8017184872, 8002014616, 8017184876, 1076860729, 8002014630, 8002014629, 1076861464, 8002014615, 1076861235]",,,,commercial,,,,,,,,,,,,,,,,,,yellow,,,,,,,,,,,,,,,,,,,,,,,,,,,,,,,,,,,,,,,,,,,,
way,92869069,,,"POLYGON ((7.0274387 49.221167, 7.0272679 49.2213697, 7.0272901 49.2213768, 7.0273274 49.2213907, 7.0274335 49.2214288, 7.0276372 49.221159, 7.0276225 49.2211535, 7.0275318 49.2211199, 7.0274788 49.2211808, 7.0274387 49.221167))",Saarbrücken,30,66121,Brebacher Landstraße,,,,,,,,,,,,,"[1076861112, 1076862018, 8017184868, 8017184862, 1076862039, 1076861150, 8017184882, 1076861243, 6547546232, 1076861112]",,,,commercial,,,,,flat,,,,,,,,,,,,,,,,,,,,,,,,,,,,,,,,,,,,,,,,,,,,,,,,,,,,,,,,,
way,93336741,,,"POLYGON ((7.0048823 49.2378914, 7.0050272 49.237922, 7.0050569 49.2378614, 7.0050689 49.2378376, 7.004924 49.237807, 7.0049117 49.237831, 7.0048823 49.2378914))",,,,,car_wash,,,,,,Total Wash,,,,,,"[1082194910, 1082194949, 8754053616, 1082194848, 1082194883, 8754082063, 1082194910]",,,Q154037,commercial,,,,,,,,,,,,,,,,,,,,,,yes,Total,no,,,,,,,,,,,,,,,,,,,,,,,,,,,,,,,,,,,,,,
way,93387554,,,"POLYGON ((6.9540714 49.2126026, 6.9541934 49.2125862, 6.9541652 49.2124968, 6.9541266 49.212502, 6.9540432 49.2125132, 6.9540714 49.2126026))",Saarbrücken,15,66117,Am Hauptfriedhof,,,,,,,,,,,,,"[1082838216, 1082838301, 1082838340, 8195488796, 1082838245, 1082838216]",,,,commercial,,,,1,flat,,,,,,,,,,,,,yellow,,,,,,,,,,,,,,,,,,,,,,,,,,,,,,,,,,,,,,,,,,,,
way,93387558,,,"POLYGON ((6.9542987 49.212573, 6.954426 49.2125567, 6.9543996 49.2124683, 6.9543493 49.2124747, 6.9542723 49.2124846, 6.9542987 49.212573))",Saarbrücken,17,66117,Am Hauptfriedhof,,,,,,,,,,,,,"[1082838183, 1082838228, 1082838308, 4028897854, 1082838348, 1082838183]",,,,commercial,,,,1,flat,,,,,,,,,,,,,,,,,,,,,,,,,,,,,,,,,,,,,,,,,,,,,,,,,,,,,,,,,
way,93387561,,,"POLYGON ((6.9544735 49.212688, 6.9545259 49.2126802, 6.9545144 49.212647, 6.9545548 49.2126409, 6.9545419 49.2126045, 6.9545341 49.2125816, 6.9545319 49.2125752, 6.9544664 49.2125849, 6.954439 49.212589, 6.9544735 49.212688))",Saarbrücken,19,66117,Am Hauptfriedhof,,,,,,,,,,,,,"[1082838295, 8195488814, 8195488813, 1082838343, 4028897855, 8195488808, 1082838237, 8195488794, 1082838219, 1082838295]",,,,commercial,,,,1,flat,,,,,,,,,,,,,white,,,,,,,,,,,,,,,,,,,,,,,,,,,,,,,,,,,,,,,,,,,,
way,93949664,,,"POLYGON ((7.0986683 49.1914382, 7.0989219 49.1914521, 7.0989298 49.1913999, 7.0989368 49.1913538, 7.0984982 49.1913289, 7.0984862 49.1914276, 7.0986683 49.1914382))",,,,,,,,,,,,,,,,,"[1028528415, 1028529792, 1028527090, 1028534423, 1028530596, 1089411058, 1028528415]",,,,commercial,,,,,,,,,,,,,,,,,,,,,,,,,,,,,,,,,,,,,,,,,,,,,,,,,,,,,,,,,,,,,,
way,94689523,yes,,"POLYGON ((6.96018 49.2408706, 6.9601628 49.2407688, 6.959793 49.2407954, 6.9598077 49.2408825, 6.9597485 49.2408867, 6.9597634 49.2409752, 6.9602268 49.240942, 6.9602206 49.2409051, 6.9602144 49.2408681, 6.96018 49.2408706))",Saarbrücken,1,66115,Käthe-Kollwitz-Straße,,,,,,,DEKRA,,,,,,"[1099305314, 1099305335, 1099305355, 1099305268, 1099305352, 1099305274, 1099305324, 10903430920, 1099305293, 1099305314]",DE,,Q383711,commercial,"Mo-Fr 08:00-18:00; Sa 08:00-12:00; PH,Su closed",car_repair,,,,,,,,,,,,,,,,,,,,,,,,,,,,,,,,,,,,,,,,,,,,,,,,,,,,,,,,,,,,
way,94792509,,,"POLYGON ((6.9879391 49.2432198, 6.9881913 49.243377, 6.988298 49.2433049, 6.9882813 49.2432945, 6.9881094 49.2431873, 6.9880457 49.2431476, 6.9879391 49.2432198))",Saarbrücken,21,66113,Lützelbachstraße,events_venue,,,,,,Luminanz -fine location,,,,,,"[1100470548, 1100470027, 1100470096, 5683124415, 2134778254, 1100470174, 1100470548]",DE,,,commercial,,,,,,,,,,,,,,,https://www.eventlocation-luminanz.de/,,,,,outside,,,,,no,,,,,,,,,,,,,,,,,,,,,,,,,,,,,,,,,,,,,
way,96118473,,,"POLYGON ((6.9610253 49.2552747, 6.9609609 49.2554199, 6.9609912 49.2554255, 6.9609815 49.2554466, 6.9609587 49.2554962, 6.9609525 49.2555096, 6.9610387 49.2555258, 6.9610797 49.2554365, 6.9610705 49.2554348, 6.9611283 49.2553039, 6.9611707 49.2553119, 6.9611959 49.2552548, 6.9611905 49.2552538, 6.9613171 49.2549668, 6.9611974 49.2549443, 6.961072 49.2552287, 6.9610495 49.2552793, 6.9610253 49.2552747))",Saarbrücken,188,66113,Lebacher Landstraße,,,,,Esso-Tankstelle,,,,,,,,"[1113684160, 1113684368, 1113684929, 9071751856, 10783306650, 1113684994, 1113685136, 1113684205, 1113684055, 1113684501, 1113684621, 1113684272, 1113684654, 1113684520, 1113684214, 1113685080, 5670461294, 1113684160]",DE,,,commercial,,,,1,flat,,,,,,,,,,,,,,,,,,,,,,,,,,,,,,,,,,,,,,,,,,,,,,,,,,,,,,,,,
way,96855700,,,"POLYGON ((6.964364 49.2488062, 6.9644542 49.2488542, 6.9644952 49.2488214, 6.9644792 49.2488129, 6.9646427 49.2486817, 6.9645686 49.2486423, 6.964364 49.2488062))",Saarbrücken,145,66113,Lebacher Straße,,,,,,,,,,,,,"[1122324002, 1122324076, 4911271647, 4911271646, 1122324579, 1122324349, 1122324002]",DE,,,commercial,,,,,,,,,,,,,,,,,,,,,,,,,,,,,,,,,,,,,,,,,,,,,,,,,,,,,,,,,,,,,,
way,100164241,,,"POLYGON ((6.9816912 49.228115, 6.981988 49.2282018, 6.982052 49.2281104, 6.9817553 49.2280235, 6.9816912 49.228115))",,,,,,,,,,,,,,,,,"[1157802775, 1157802791, 1157802766, 1157802779, 1157802775]",,,,commercial,,,,1,gabled,,,,,,,,,,,,along,,,,,,,,,,,,,,,,,,,,,,,,,,,,,,,,,,,,,,,,,,,,,
way,101817226,,,"POLYGON ((6.9818264 49.2284075, 6.9818486 49.2283788, 6.9818253 49.2282639, 6.9818429 49.2282321, 6.9816061 49.2281593, 6.9815029 49.2283047, 6.9815762 49.228328, 6.9818264 49.2284075))",,,,,,,,,,,,,,,,,"[1175419703, 1382696428, 1382696437, 1175419840, 1175419656, 1175419491, 1175419710, 1175419703]",,,,commercial,,,,,,,,,,,,,,,,,,,,,,,,,,,,,,,,,,,,,,,,,,,,,,,,,,,,,,,,,,,,,,
way,111522083,,,"POLYGON ((6.9947304 49.2363394, 6.9946629 49.2362565, 6.9945674 49.2362901, 6.9946356 49.2363717, 6.9946985 49.2363503, 6.9947304 49.2363394))",,,,,,,,,,,,,,,,,"[1270355246, 1270355242, 1098431917, 1270355241, 7722135240, 1270355246]",,,,commercial,,,,1,flat,,,,,,,,,,,,,,,,,,,,,,,,,,,,,,,,,,,,,,,,,,,,,,,,,,,,,,,,,
way,112604681,,,"POLYGON ((6.9426516 49.2397773, 6.9424103 49.2394156, 6.9426213 49.239334, 6.942721 49.2394884, 6.9428231 49.2396384, 6.9429101 49.2397727, 6.9429622 49.2398551, 6.942651 49.2399369, 6.9425276 49.2398142, 6.9426516 49.2397773))",Saarbrücken,33,66115,Koblenzer Straße,,,,,,,Glas Adolph GmbH,,,,,,"[1279467318, 1014913919, 1279517003, 6001416645, 1014913952, 1279517005, 1014913954, 1014914031, 1279467328, 1279467318]",DE,,,commercial,,,,,,,,,,,,,,,,,,,,,,,,,,,,,,,,,,,,,,,,,,,,,,,,,,,,,,,,,,,,,,
way,113860579,,,"POLYGON ((6.9984011 49.2321108, 6.9983467 49.2321268, 6.9982949 49.2321421, 6.9983374 49.2322072, 6.9984434 49.2321759, 6.9984011 49.2321108))",Saarbrücken,10,66111,Obertorstraße,,,,,,,,,,,,,"[1090999445, 1411455280, 1290866799, 1290866803, 1090997163, 1090999445]",,,,commercial,,,,1,,,,,,,,,,,,,,,,,,,,,,flat,,,,,,,,,,,,,,,,,,,,,,,,,,,,,,,,,,,,
way,116595829,,,"POLYGON ((7.0204722 49.2717158, 7.0203384 49.2718881, 7.0204557 49.2719269, 7.020404 49.2719934, 7.0209707 49.2721808, 7.0210194 49.2721181, 7.0212728 49.2722018, 7.0212156 49.2722756, 7.0215829 49.272397, 7.021777 49.2721471, 7.0204722 49.2717158))",,,,,,,,,,,Speicherboxx,,,,,,"[1314075224, 1314075229, 1314075238, 1314075239, 1314075243, 1314075241, 1314075244, 1314075245, 1314075246, 1314075242, 1314075224]",,,,commercial,24/7,storage_rental,,,,,,,,,,,,,http://www.speicherboxx.de/,,,,,,,,,,,,,,,,,,,,,,,,,,,,,,,,,,,,,,,,,,,,,,,
way,117907944,limited,,"POLYGON ((7.0065945 49.2260135, 7.0066788 49.2259973, 7.0066687 49.2259745, 7.0065846 49.2259907, 7.0065945 49.2260135))",,,,,biergarten,,,,,,Ulanen Pavillon,,,,,,"[1327175546, 1327175545, 1327175544, 1327175547, 1327175546]",,,,commercial,,,,1,flat,,,,,,,,,,,,,brown,,,,,,,no,,,,,,,,,,,,,,,,,,,,,,,,,,,,,,,,,,,,,
way,122491634,,,"POLYGON ((6.9882538 49.2423672, 6.9882645 49.2423663, 6.9885547 49.2423474, 6.9885802 49.2423457, 6.9888551 49.2423276, 6.9888418 49.2422414, 6.9888362 49.2422053, 6.9888355 49.2422008, 6.9888281 49.2422013, 6.9882342 49.2422404, 6.9882538 49.2423672))",Saarbrücken,14,66113,Europaallee,,,,,,https://www.hotelbb.de/de/saarbruecken,B&B Hotel Saarbrücken-Hbf,hotel,,,,,"[1368663727, 10767210918, 5681349773, 6519049009, 1368663730, 10763826927, 6519040973, 1368663729, 6519049030, 1368663728, 1368663727]",,,Q794939,commercial,,,,5,,+49 681 793080,saarbruecken-hbf@hotelbb.com,+49 681 79308444,,,,,,,,,,,hotel,outside,,,B&B Hotels,,,,yes,wlan,no,,,,,,,,,,,,,,,,,,,,,,,,,,,,,,,,,
way,122527273,,,"POLYGON ((6.9905863 49.2431125, 6.9905455 49.2429161, 6.9904485 49.2429249, 6.9904181 49.2429277, 6.9902486 49.2429431, 6.9901325 49.2429537, 6.9897545 49.2429881, 6.9896891 49.242994, 6.9895224 49.2430092, 6.989445 49.2430162, 6.9894654 49.2431144, 6.9894858 49.2432126, 6.9905863 49.2431125))",,,,,,,,,,,WerkLoft - Buswerkstatt,,,,,,"[829843172, 829843174, 10270337092, 4312151664, 6938277062, 6938277052, 4312150901, 10270337104, 6938335639, 829843176, 6938277049, 829843170, 829843172]",,,,commercial,,,,,,,,,,,,,,,,,,,,,,,,,,,,,,,,,,,,,,,,,,,,,,,,,,,,,,,,,,,,,,
way,122976854,,,"POLYGON ((7.0377792 49.2269345, 7.0378044 49.22693, 7.0378233 49.2269266, 7.0378063 49.2268861, 7.0377901 49.2268482, 7.0377459 49.2268561, 7.0377792 49.2269345))",,,,,,indoor,camera,building,,,,,,,,,"[1372569411, 8155297854, 1372569409, 8155297865, 1372569392, 1372569393, 1372569411]",,,,commercial,,,,1,flat,,,,,,,,,,,,,white,,,,,,,,,,,,,,,,,,,,,,,,,,,,,,,,,,,,,,,,,,,,
way,123181765,,,"POLYGON ((6.9961034 49.235766, 6.9958572 49.2355477, 6.9957347 49.2356084, 6.9955946 49.2356771, 6.9957158 49.2357778, 6.9957646 49.2358181, 6.9959264 49.2359475, 6.9959809 49.2359911, 6.9960108 49.236, 6.9960413 49.2359956, 6.9960653 49.2359889, 6.9960898 49.2359615, 6.9962639 49.2357637, 6.9962948 49.2357286, 6.9961803 49.2356874, 6.9961486 49.2357208, 6.9961034 49.235766))",,,,,,,,,,,,,,,,,"[1098431706, 5865746541, 5865746540, 1098431587, 1098432380, 1376650779, 9236379078, 1098431807, 1376652246, 1098431771, 1098432025, 1376652233, 1374520611, 1374516518, 1098432407, 1374520600, 1098431706]",,,,commercial,,,,3,,,,,,,,,1,,,,,,,,,,,,,,,,,1987,,,,,,,,,,,,,,,,,,,,,,,,,,,,,,,,
way,123299798,,,"POLYGON ((6.9934281 49.2351136, 6.9934104 49.2351322, 6.993431 49.2351614, 6.9935369 49.2352746, 6.9936154 49.2351958, 6.993684 49.2351269, 6.9934963 49.2350481, 6.9934281 49.2351136))",,,,,,,,,,,,,,,,,"[1375490038, 2174747654, 10235012502, 1100470598, 3319986900, 1375490041, 1375490037, 1375490038]",,,,commercial,,,,3,flat,,,,,,,,,,,,,,,,,,,,,,,,,,,,,,,,,,,,,,,,,,,,,,,,,,,,,,,,,
way,123305758,,,"POLYGON ((6.9946567 49.2370209, 6.9947453 49.2369387, 6.9947309 49.2369219, 6.9947182 49.2369064, 6.9946913 49.2368736, 6.9946538 49.2368283, 6.9946014 49.2367673, 6.994472 49.2368092, 6.9945572 49.2369151, 6.9945116 49.2369522, 6.9946302 49.2370074, 6.9946567 49.2370209))",Saarbrücken,18,66111,Futterstraße,,,,,,,,,,,,,"[1375539027, 1098431654, 7722514886, 10128915957, 7722135205, 7722135202, 1375539775, 1375539778, 1375539776, 1098431843, 7722512456, 1375539027]",,,,commercial,,,,5,,,,,,,,,,,,,,,,,,,,,,,,,,,,,,,,,,,,,,,,,,,,,,,,,,,,,,,,,,
way,123305835,,,"POLYGON ((6.9943339 49.2366756, 6.9941689 49.2367364, 6.9941511 49.2367542, 6.9941437 49.2367616, 6.9942193 49.2367985, 6.99439 49.2367445, 6.9943339 49.2366756))",,,,,,,,,,,,,,,,,"[1098432289, 1098431469, 7176275354, 2288814161, 1098431925, 7722514892, 1098432289]",,,,commercial,,,,2,flat,,,,,,,,,,,,,,,,,,,,,,,,,,,,,,,,,,,,,,,,,,,,,,,,,,,,,,,,,
way,123424068,,,"POLYGON ((6.9937246 49.2369072, 6.9937899 49.2369342, 6.9938118 49.2369429, 6.9939035 49.2368492, 6.9939745 49.2367774, 6.9939544 49.2367691, 6.9938882 49.236741, 6.9938166 49.2368129, 6.9937246 49.2369072))",Saarbrücken,9,66111,Sulzbachstraße,,,,,,,,,,,,,"[1376441232, 9588674527, 1098432374, 9588674529, 1098432214, 9588674528, 8245385385, 1098432400, 1376441232]",,,,commercial,,,,,flat,,,,,,,,,,,,,white,,,,,,,,,,,,,,,,,,,,,,,,,,,,,,,,,,,,,,,,,,,,
way,123424072,,,"POLYGON ((6.9932143 49.2364535, 6.9931131 49.2365561, 6.9929928 49.236506, 6.9930313 49.2364672, 6.9930706 49.2364277, 6.9930964 49.2364018, 6.9931067 49.2364064, 6.9932143 49.2364535))",,,,,,,,,,,,,,,,,"[1098432292, 1376441213, 1376441236, 7722135262, 7722135226, 1376441225, 10232401240, 1098432292]",,,,commercial,,,,1,flat,,,,,,,,,,,,,,,,,,,,,,,,,,,,,,,,,,,,,,,,,,,,,,,,,,,,,,,,,
way,123424121,,,"POLYGON ((6.9934627 49.2363909, 6.9933376 49.2363358, 6.9932139 49.2362811, 6.9931677 49.2362613, 6.9931148 49.2363156, 6.9931607 49.2363358, 6.9931798 49.2363442, 6.9932791 49.2363879, 6.9934079 49.2364446, 6.9934627 49.2363909))",Saarbrücken,58,66111,Bahnhofstraße,,,,,,,,,,,,,"[1376441632, 1032833407, 10232401238, 1032833491, 1098432371, 10232401237, 5218501921, 1098432211, 1098431804, 1376441632]",,,,commercial,,,,1,flat,,,,,,,,,,,,,,,,,,,,,,,,,,,,,,,,,,,,,,,,,,,,,,,,,,,,,,,,,
way,124159968,limited,,"POLYGON ((6.9768039 49.2254683, 6.9768189 49.2254882, 6.9768353 49.2255085, 6.9768583 49.2255008, 6.9768929 49.2254896, 6.9768636 49.2254505, 6.9768039 49.2254683))",Saarbrücken,95,66119,Metzer Straße,fast_food,,,,,,Mega-Kebabhaus,,Yesilmen,Name „Mega-Kebabhaus“ = Logo und auf Flyern; alt_name = wie auf Schild an der Bude,0,,"[1382684155, 7727264336, 1382684147, 7727264335, 1382684149, 1382684151, 1382684155]",,Mega Bellevue Imbiss-Kebabhaus,,commercial,"Mo-Sa 11:00-23:00; PH,Su 12:00-23:00",,,1,flat,+49 681 98494875,,,,,kebab;pasta;pizza;sausage,yes,,,,,,,,outside,,,,,,,,,,,"Mo-Sa 11:00-22:30; PH,Su 12:00-22:30",yes,,,,,,,,,,,,,,,,,,,,,,,,,,,,,,
way,125735395,,,"POLYGON ((6.9815762 49.228328, 6.9815133 49.2284064, 6.9818571 49.2285137, 6.9818956 49.2284616, 6.9818894 49.2284275, 6.9818264 49.2284075, 6.9815762 49.228328))",,,,,,,,,,,,,,,,,"[1175419710, 1175419679, 1175419718, 9039173027, 1175419371, 1175419703, 1175419710]",,,,commercial,,,,,,,,,,,,,,,,,,,,,,,,,,,,,,,,,,,,,,,,,,,,,,,,,,,,,,,,,,,,,,
way,138351290,,,"POLYGON ((7.107372 49.2085925, 7.1075424 49.2086207, 7.1075663 49.2085592, 7.1073958 49.208531, 7.107372 49.2085925))",Saarbrücken,101A,66131,Hauptstraße,,,,,,,"Holger Baltes, Technischer Service",,,,,,"[1516888554, 1516888595, 1516888549, 1516888527, 1516888554]",DE,,,commercial,,,,,,,,,,,,,,,,,,,,outside,,,,,,,,,,,,,+4968938010983,,,,,,,,,,,,,,,,,,,,,,,,,,,,,
way,144712159,,,"POLYGON ((6.9590362 49.2406446, 6.9593432 49.2406387, 6.9593339 49.2403128, 6.959031 49.2403146, 6.9590362 49.2406446))",Saarbrücken,4,66115,Käthe-Kollwitz-Straße,,,,,,https://www.polo-motorrad.com/de-de/stores-polo-motorrad-store-saarbruecken/,POLO Motorrad Store Saarbrücken,,,,,,"[1582352657, 1582352656, 1582352624, 1582352625, 1582352657]",,,,commercial,"Mo-Fr 10:00-19:00; Sa 10:00-18:00; PH,Su closed",motorcycle,,,,+49 681 57038,,,,,,,,,,,,,,,,,,,,,,,,,,,,,,,,,,,,,,,,,,,,,,,,,,,,,,,,
way,153214064,,,"POLYGON ((7.0134892 49.2731207, 7.0135442 49.2731905, 7.0136795 49.2731451, 7.0136245 49.2730752, 7.0134892 49.2731207))",Saarbrücken,23,66125,Karlstraße,,,,,,,Kaltnaggischer Lädchen,,,Öffnungszeiten: Mo-Fr: 08:00 - 12:00 Uhr und 15:00 - 18:00 Uhr Sa: 08:00 - 12:00 Uhr,,,"[1659259448, 1659259453, 1659259449, 1659259447, 1659259448]",,,,commercial,,,,,,,,,,,,,,,http://www.kaltnaggischer-laedchen.de/,,,,,,,,,,,,,,,,,,+496897777930,http://www.kaltnaggischer-laedchen.de/,,,,,,,,,,,,,,,,,,,,,,,,,,,,
way,182705661,,,"POLYGON ((7.019505 49.2283604, 7.0193583 49.2283153, 7.0192262 49.2283578, 7.0191962 49.2283667, 7.0190826 49.2284041, 7.0189406 49.2285233, 7.0191967 49.2286681, 7.0195648 49.228388, 7.019505 49.2283604))",Saarbrücken,6,66121,Am Kieselhumes,,,,,,,,,,,,,"[1068844885, 1068844931, 2198288307, 2198288330, 1068844865, 1068844909, 1068844933, 1068844904, 1068844885]",DE,,,commercial,,,,,flat,,,,,,,,,,,,,,,,,,,,,,,,,,,,,,,,,,,,,,,,,,,,,,,,,,,,,,,,,
way,182710649,,,"POLYGON ((7.0302013 49.2318325, 7.0291794 49.2314556, 7.0290816 49.231568, 7.0296428 49.2317787, 7.0299432 49.2318915, 7.0299223 49.2319102, 7.0300912 49.2319725, 7.0301049 49.2319505, 7.0301588 49.2318816, 7.0302013 49.2318325))",,,,,,,,,,,,,,,,,"[6707911153, 1089193026, 1089191593, 9130322523, 9130322621, 9130322689, 1089192976, 9130322607, 6707911154, 6707911153]",,,,commercial,,,,1,gabled,,,,,,,,,,,,along,,,,,,,,,,,,,,,,,,,,,,,,,,,,,,,,,,,,,,,,,,,,,
way,194537126,,,"POLYGON ((7.0514227 49.27134, 7.0514502 49.2712681, 7.0512597 49.271237, 7.0512321 49.2713089, 7.0514227 49.27134))",Saarbrücken,5,66125,Rentrischer Straße,,,,,,,Bäckerei Keller,,,,,,"[2050375801, 2050375780, 2050375777, 2050375786, 2050375801]",,,,commercial,,,,,,,,,,,,,,,,,,,,,,,,,,,,,,,,,+49689772509,,,,,,,,,,,,,,,,,,,,,,,,,,,,,
way,209655835,,,"POLYGON ((7.0182457 49.2276209, 7.0182772 49.2276692, 7.0183057 49.227713, 7.0183093 49.2277187, 7.0183443 49.2277086, 7.018506 49.2276626, 7.0185366 49.2276539, 7.0184694 49.2275559, 7.0184397 49.2275645, 7.0184121 49.2275724, 7.0182796 49.2276112, 7.0182457 49.2276209))",Saarbrücken,183,66121,Mainzer Straße,,,,,,,,,,,,,"[2198459605, 5218501927, 1076974504, 8116908790, 6250430938, 8116908776, 1076976291, 1076973825, 8116908730, 2268085531, 2268085529, 2198459605]",,,,commercial,,,,,,,,,,,,,,,,,,,,,,,,,,,,,,,,,,,,,,,,,,,,,,,,,,,,,,,,,,,,,,
way,213191645,yes,,"POLYGON ((6.9930113 49.2367394, 6.9930017 49.2367346, 6.9929542 49.2367141, 6.9928466 49.2366694, 6.9927887 49.236645, 6.9927104 49.2367252, 6.9927682 49.2367495, 6.9928942 49.2368034, 6.9929313 49.2368193, 6.9930113 49.2367394))",Saarbrücken,68,66111,Bahnhofstraße,bank,,,,,https://www.psd-rheinneckarsaar.de/,PSD Bank,,,,,,"[2229290987, 7069172281, 7069172280, 10232401232, 1032928839, 2229291011, 10232401230, 2229297581, 2229291022, 2229290987]",DE,,Q2044656,commercial,"Mo,Th 09:30-18:00; Tu-We,Fr 09:30-16:00; PH,Su off; open ""und nach Vereinbarung """,,,5,flat,,,,,,,,1,,,,,,,,,,PSD Bank RheinNeckarSaar,,,,,,,,,,,,yes,,,,,,,,,,,,,,,,,,,,,,,,,,,
way,216943403,,,"POLYGON ((6.974788 49.231731, 6.9747888 49.2318004, 6.9751393 49.2317959, 6.9751388 49.2317306, 6.9752284 49.2317284, 6.975225 49.2316169, 6.974785 49.2316256, 6.974788 49.231731))",Saarbrücken,3,66117,Gersweilerstraße,,,,,Glas Hornung,,,,,,,,"[1175403788, 1175403309, 1175403564, 1175403533, 1175404415, 1175404069, 2262631783, 1175403788]",DE,,,commercial,,,,2,flat,,,,,,,,,,,,,yellow,,,gray,,,,,,,,,,,,,,,yes,,,,,,,,,,,,,,,,,,,,,,,,,,
way,217657779,,,"POLYGON ((7.028404 49.2317704, 7.0285607 49.2318214, 7.0286829 49.2316611, 7.0285262 49.2316102, 7.0284518 49.2317077, 7.028404 49.2317704))",Saarbrücken,33,66123,Quellenstraße,events_venue,,,,,https://www.o-haefele.de/loft,The Loft,,,,,,"[1089192949, 1089191838, 1089193281, 1089191510, 1089192019, 1089192949]",,,,commercial,,,,,,,,,,,,,,,,,,,,,,,,,,,,,,,,,,,,,,,,,,,,,,,,,,,,,,,,,,,,,,
way,217742509,,,"POLYGON ((7.0202931 49.2298983, 7.0203552 49.2298742, 7.0203242 49.2298393, 7.0203171 49.2298313, 7.0202549 49.2298553, 7.0202931 49.2298983))",,,,,,,,,,,,,,,,,"[2270433932, 2270433944, 10262794462, 2270433906, 2270433929, 2270433932]",,,,commercial,,,,1,skillion,,,,,,,,,,,,along,yellow;green,,,,,,,,,,,,,,,,,,,,,,,,,,,,,,,,,,,,,,,,,,,,
way,218601930,,,"POLYGON ((6.9863026 49.2450673, 6.9863512 49.2450223, 6.9864008 49.2449775, 6.9864057 49.244973, 6.9863825 49.2449622, 6.9863468 49.2449455, 6.9863287 49.2449371, 6.9863135 49.2449511, 6.9862867 49.2449764, 6.9862659 49.2449967, 6.9861894 49.2449634, 6.9861649 49.2449527, 6.986118 49.2449986, 6.9861427 49.2450093, 6.9862191 49.2450426, 6.9862274 49.2450345, 6.9863026 49.2450673))",Saarbrücken,55,66113,Sittersweg,car_wash,,,,,,Handwäsche CarCleanSaar,,,,,,"[2278368083, 10138422832, 10138422761, 2278368114, 8558020542, 8558020578, 2278368129, 10138422744, 10138422907, 2278368069, 10138422762, 2278368120, 2278368057, 10138422839, 2278368087, 2278368152, 2278368083]",DE,,,commercial,,,,1,flat,,,,,,,,,,,,,,,,,no,,no,no,,,,,,,,,,,,,,,,,,,,,,,,,,,,,,,,,,,,,
way,219742510,,,"POLYGON ((6.9941038 49.2366603, 6.9941071 49.2366642, 6.9941366 49.2366986, 6.9941661 49.236733, 6.9941689 49.2367364, 6.9943339 49.2366756, 6.9942734 49.2366013, 6.9941038 49.2366603))",Saarbrücken,12,66111,Rotenhofstraße,,,,,,,,,,,,,"[1375540766, 9588674536, 7176275344, 9588674533, 1098431469, 1098432289, 1375540771, 1375540766]",,,,commercial,,,,2,flat,,,,,,,,,,,,,,,,,,,,,,,,,,,,,,,,St. Johann,,,,,,,,,,,,,,,,,,,,,,,,,
way,289388424,,,"POLYGON ((7.0152265 49.2175651, 7.0152008 49.2175801, 7.0151189 49.2176279, 7.0151725 49.2176689, 7.0151912 49.2176832, 7.0152444 49.2176528, 7.0153137 49.2176137, 7.015271 49.2175879, 7.0152265 49.2175651))",,,,,,,,,,,,,,,,,"[8347126802, 8613189066, 2929378413, 5730335941, 2929378412, 5759680175, 8347126805, 2929378427, 8347126802]",,,,commercial,,,,,,,,,,,,,,,,,,,,,,,,,,,,,,,,,,,,,,,,,,,,,,,,,,,,,,,,,,,,,,
way,292040902,,,"POLYGON ((7.0288226 49.2885942, 7.029402 49.2882554, 7.0291597 49.2880792, 7.0292751 49.2880117, 7.0291541 49.2879238, 7.0284594 49.28833, 7.0288226 49.2885942))",Saarbrücken,6,66125,Hedwig-Stalter-Straße,,,,,,,WM Fahrzeugteile SE,,,,,,"[2955529399, 2955529398, 5427581468, 5427581469, 5427581470, 2955529417, 2955529399]",,,,commercial,,,,2,,,,,company,,,,,,https://www.wm.de/de/unternehmen/standorte/details/saarbruecken.html,,,,,,,,,,,,,,,,,,,,,,,,,,,,,,,,,,,,,,,,,,,,,,,
way,298521714,,,"POLYGON ((7.0320655 49.2526643, 7.0320667 49.2526658, 7.0320863 49.2526907, 7.0321235 49.2527077, 7.0321686 49.2527114, 7.0322112 49.2527011, 7.0322416 49.2526791, 7.0322504 49.2526562, 7.0322527 49.2526503, 7.0322421 49.2526215, 7.0322411 49.2526208, 7.0322122 49.2525991, 7.0321699 49.2525884, 7.0321247 49.2525918, 7.0320872 49.2526085, 7.0320841 49.2526124, 7.0320699 49.2526297, 7.0320658 49.2526347, 7.0320655 49.2526643))",Saarbrücken,138,66123,Meerwiesertalweg,restaurant,,,,,,UHU Pavillion,,,,,,"[3024355473, 10061840660, 3024355476, 3024355462, 3024355465, 3024355466, 3024355467, 10061840658, 3024355468, 3024355469, 10061840657, 3024355470, 3024355471, 3024355472, 3024355463, 10061840705, 10061840659, 3024355464, 3024355473]",,,,commercial,Mo closed; Tu-Fr 11:30-19:00; Sa-Su 10:30-19:00,,,1,,,,,,,german,,0,,http://uhu-pavillon-wildpark.de/,,,,,outside,,,,,,,,,,,,,,,,,,yes,,,,,,,,,,,,,,,,,,,,,,,,
way,337764068,,,"POLYGON ((7.000937 49.2358924, 7.0010678 49.2359163, 7.0011188 49.2359254, 7.0011454 49.2358568, 7.0011389 49.2358556, 7.0011647 49.2357947, 7.0011556 49.2357929, 7.0011297 49.2357877, 7.0011427 49.2357578, 7.0010942 49.2357483, 7.0011189 49.2356959, 7.0010121 49.2357253, 7.0009721 49.2358136, 7.0009694 49.2358195, 7.000937 49.2358924))",,,,,,,,,,,"Café-Restaurant, Fahrradladen, Veranstaltungsräume",,,,,,"[837535189, 1377393812, 837535190, 10624864880, 837535191, 1377390266, 10624864882, 1377390268, 1377390260, 10624864881, 837535185, 837535188, 1377393277, 10624864891, 837535189]",,,,commercial,,,,,,,,,,,,,,,,,,,,,,,,,,,,,,,,,,,,,,,,,,,,,,,,,,,,,,,,,,,,,,
way,366485589,limited,,"POLYGON ((6.960766 49.2373098, 6.9608085 49.2373029, 6.9607377 49.2371585, 6.9609943 49.2371076, 6.961143 49.2374265, 6.9611176 49.2374313, 6.9608411 49.2374839, 6.960766 49.2373098))",Saarbrücken,15,66115,Käthe-Kollwitz-Straße,,,,,,,Bilotta & Hau,,,,0,,"[3704639308, 3704639309, 3704639310, 3704639311, 3704639312, 9138353284, 3704639313, 3704639308]",,,,commercial,,car,,,,,,,,,,,,,http://www.bilotta-hau.de/,,,,,,,,,,,,,,,,,,,,,,,,yes,yes,yes,yes,yes,yes,yes,yes,yes,yes,yes,yes,,,,,,,,,,,,
way,366635870,yes,,"POLYGON ((6.9645491 49.2511917, 6.9641814 49.2510475, 6.9641586 49.2510395, 6.9640543 49.2511453, 6.9640091 49.251127, 6.9639451 49.251102, 6.9638844 49.2510783, 6.9639129 49.2510492, 6.9636962 49.2509607, 6.9636647 49.2509904, 6.9636412 49.2509808, 6.9636157 49.2509711, 6.9635538 49.2510397, 6.9634923 49.2510163, 6.9634636 49.2510054, 6.9635303 49.250938, 6.9635617 49.2509058, 6.9636508 49.2508133, 6.9633999 49.2507459, 6.9632991 49.2508573, 6.9631828 49.2509967, 6.963079 49.2511172, 6.963115 49.2511309, 6.9641959 49.2515668, 6.9645491 49.2511917))",Saarbrücken,2a,66113,Rastpfuhl,,,,,,,,,,,,,"[3706265842, 3706340637, 4911154595, 4911154596, 9165618443, 9165618418, 7710256989, 7710256990, 7710256991, 7710256992, 9165618442, 10844838888, 10844860548, 10844860515, 3706265845, 10844860441, 10844860488, 4911154592, 3706265848, 7710256997, 7710257001, 3706265849, 5794030904, 3706265850, 3706265842]",DE,,,commercial,,,,1,,,,,,,,,0,,,,,,,,,,,,,,,,,,,,,,,,,,,,,,,,,,,,,,,,,,,,,,,,,
way,400963280,,,"POLYGON ((6.9737202 49.2136211, 6.9739533 49.2135852, 6.9738596 49.2133223, 6.9736265 49.2133582, 6.9736473 49.2134166, 6.9737202 49.2136211))",Saarbrücken,10A,66117,Untertürkheimer Straße,,,,,,,H1,,,,,,"[4034492402, 4034492401, 4034492398, 4034492391, 9788234913, 4034492402]",,,,commercial,,,,,,,,,,,,,,,,,,,,,,,,,,,,,,,,,,,,,,,,,,,,,,,,,,,,,,,,,,,,,,
way,401174994,limited,,"POLYGON ((6.9580153 49.2049822, 6.958062 49.2050013, 6.9580901 49.2050122, 6.9581295 49.2049686, 6.958055 49.2049384, 6.9580153 49.2049822))",Saarbrücken,149,66117,Metzer Straße,,,,,,,Toto-Lotto,,,,0,,"[4036243742, 10728039335, 938405253, 4036243740, 4036243743, 4036243742]",,,,commercial,"Mo-Sa 07:00-19:00; PH,Su closed",kiosk,,1,flat,,,,,,,,,,,,,,,,,,,,,,,,,,,,,,,,,,,,,,,,,,,,,,yes,,,,,,,,,,,
way,401590986,,,"POLYGON ((7.0236454 49.1965894, 7.0234817 49.1967312, 7.0236559 49.1968162, 7.0238196 49.1966743, 7.0236454 49.1965894))",Saarbrücken,5,66119,Am Felsbrunnen,,,,,,,Werner,,,,,,"[1070510369, 4039984456, 1070509907, 1070508726, 1070510369]",,,,commercial,,,,,flat,,,,,,,,,,,,,,,,,,,,,,,,,,,,,,,,,,,,,,,,,,,,,,,,,,,,,,,,,
way,454674207,,,"POLYGON ((6.964026 49.2352954, 6.9639337 49.2357008, 6.9641427 49.235721, 6.9642053 49.235727, 6.9642977 49.2353217, 6.964026 49.2352954))",,,,,,,,,,,Götten Buswerkstatt,,,,,,"[4512116641, 4512116645, 10688958044, 4512116640, 4512116639, 4512116641]",,,,commercial,,,,,,,,,,,,,,,,,,,,,,,,,,,,,,,,,,,,,,,,,,,,,,,,,,,,,,,,,,,,,,
way,454674212,yes,,"POLYGON ((6.9654058 49.2326513, 6.9647632 49.2326225, 6.9644622 49.232609, 6.9644556 49.232672, 6.9644261 49.2329299, 6.9643769 49.2333596, 6.9650763 49.2333942, 6.9651215 49.2330199, 6.9653656 49.2330288, 6.9654058 49.2326513))",Saarbrücken,68,66117,Gersweilerstraße,,,,,,https://www.moemax.de/filiale/moemax-saarbruecken/DS,mömax,,,,,,"[4512116634, 6600652307, 4512116631, 6600652316, 9915189981, 4512116637, 4512116638, 6600652311, 4512116636, 4512116634]",DE,,Q56388481,commercial,Mo-Fr 10:00-20:00; Sa 09:00-19:00,furniture,,,flat,+49 681 3839410,fil.ds@moemax.de,,,,,,,,,,,,,,,,Mömax,,,,,,,,,,,,,,,,,,,,,,,,,,,,,yes,no,yes,yes,yes,,,,,,
way,457492647,,,"POLYGON ((6.9866395 49.245408, 6.9867042 49.2453765, 6.9867302 49.2453639, 6.9866771 49.2453266, 6.9866079 49.2453041, 6.9865503 49.2453308, 6.9866395 49.245408))",,,,,,,,,,,,,,,,,"[4536305176, 4536305174, 4536305175, 6052284657, 4536305168, 4536305170, 4536305176]",,,,commercial,,,,1,flat,,,,,,,,,,,,,,,,,,,,,,,,,,,,,,,,,,,,,,,,,,,,,,,,,,,,,,,,,
way,499015487,yes,,"POLYGON ((6.9627881 49.2519363, 6.9628882 49.2519572, 6.9629244 49.2518834, 6.9628182 49.2518613, 6.9626739 49.2518312, 6.9626486 49.2518829, 6.9626378 49.2519049, 6.9627881 49.2519363))",,,,,,,,,,,Saar Möbel,,,,0,,"[1359653255, 4903434472, 4903434473, 4903434471, 1033326906, 9165618430, 1359653254, 1359653255]",,,,commercial,,furniture,,1,flat,+49 1573 5598171,,,,,,,,,,,,,,,,,,,no,,,,,,,,,,,,,,,,,,,,,,,,,,,,,,,,,,,,,
way,499031245,,,"POLYGON ((6.9633999 49.2507459, 6.9636218 49.2505204, 6.9636727 49.2504678, 6.9636853 49.2504547, 6.9637873 49.2504949, 6.9639127 49.2505456, 6.963897 49.2505597, 6.9636508 49.2508133, 6.9633999 49.2507459))",Saarbrücken,2,66113,Rastpfuhl,,,,,,,,,,,,,"[3706265848, 7710257003, 4903566709, 8492660531, 8492660563, 4895494754, 8492660602, 4911154592, 3706265848]",DE,,,commercial,,,,,,,,,,,,,,,,,,,,,,,,,,,,,,,,,,,,,,,,,,,,,,,,,,,,,,,,,,,,,,
way,499031246,,,"POLYGON ((6.9636853 49.2504547, 6.9637873 49.2504949, 6.9639127 49.2505456, 6.9641706 49.2502652, 6.9641547 49.2502586, 6.9640602 49.2502189, 6.9640001 49.2501764, 6.9639507 49.2502113, 6.9638135 49.2503132, 6.9637997 49.2503286, 6.9637775 49.2503535, 6.9636853 49.2504547))",Saarbrücken,1,66113,Rastpfuhl,,,,,,,,,,,,,"[8492660531, 8492660563, 4895494754, 4903566710, 9088753206, 4903566711, 4903566712, 8492801743, 4903566713, 7710257004, 7710256999, 8492660531]",DE,,,commercial,,,,,,,,,,,,,,,,,,,,,,,,,,,,,,,,,,,,,,,,,,,,,,,,,,,,,,,,,,,,,,
way,542947208,yes,Der Haupteingang (Gebäuderückseite) ist barrierefrei.,"POLYGON ((7.0059475 49.2459571, 7.0060246 49.2459546, 7.0060703 49.2459536, 7.0061092 49.2459528, 7.0061097 49.2459884, 7.0061782 49.2459867, 7.006263 49.2460608, 7.0062818 49.246089, 7.006223 49.2463209, 7.0062964 49.2463272, 7.0062894 49.2463704, 7.0063683 49.2463765, 7.0063496 49.246471, 7.0062963 49.2464675, 7.0062348 49.2464635, 7.0062008 49.2466668, 7.0061961 49.2466954, 7.0058581 49.2466696, 7.0059115 49.2463055, 7.0059557 49.2460942, 7.0059587 49.2460799, 7.0059475 49.2459571))",Saarbrücken,65,66123,Dudweiler Landstraße,,,,,,https://www.koelle-zoo.de/erlebnismaerkte/saarbruecken/,Kölle Zoo,,,,,,"[1098412738, 5237298252, 9866655656, 1098410776, 2291448806, 2291448854, 9867019558, 1098413744, 1098413800, 1098410321, 6317249992, 6317249991, 5248978477, 6317249994, 5248978476, 9466847080, 1098410002, 1098413827, 1098412481, 5585388130, 1098414711, 1098412738]",DE,,Q76606192,commercial,"Mo-Sa 09:00-20:00; PH,Su closed",pet,,,,+49 681 9103190,,,,,,,,,,,,,,,,,Kölle Zoo,,,,,,,,,,,,,,,,,,,,,,,,,,,,,,,,,,de:Kölle Zoo Holding,,,,,
way,563461473,,,"POLYGON ((7.0351221 49.285135, 7.0350404 49.2850586, 7.0351034 49.2850299, 7.0350563 49.2849859, 7.0352307 49.2849065, 7.0352632 49.2849369, 7.0353145 49.2849135, 7.0354049 49.2849979, 7.0353648 49.2850162, 7.0354026 49.2850515, 7.0352687 49.2851124, 7.0352369 49.2850827, 7.0351221 49.285135))",Saarbrücken,33a,66125,Fischbachstraße,,,,,,,,,,,,,"[5429891281, 5429891282, 5429891283, 5429891284, 5429891285, 5429891286, 5429891287, 5429891288, 5429891289, 5429891290, 5429891291, 5429891292, 5429891281]",,,,commercial,,,,1,,,,,,,,,,,,,,,,,,,,,,,,,,,,,,,,,,,,,,,,,,,,,,,,,,,,,,,,,,
way,581422582,,,"POLYGON ((7.006034 49.2510142, 7.0059222 49.2510241, 7.0059353 49.2510817, 7.0059429 49.2511151, 7.006006 49.2511274, 7.0060212 49.2511256, 7.0060943 49.2511171, 7.0061113 49.2511152, 7.006086 49.2510093, 7.006034 49.2510142))",Saarbrücken,159,66123,Dudweiler Landstraße,,,,,,,,,,,,,"[5563208669, 5563208674, 6470309682, 5563208673, 5563208672, 6470309681, 6470309679, 5563208671, 5563208658, 5563208669]",,,,commercial,,,,5,,,,,,,,,0,,,,,,,,,,,,,,,,,,,,,,,,,,,,,,,,,,,,,,,,,,,,,,,,,
way,607830581,,,"POLYGON ((7.0176875 49.2133698, 7.017676 49.2133991, 7.017753 49.2134109, 7.0178084 49.2132748, 7.0177283 49.2132616, 7.0177155 49.2132958, 7.0176875 49.2133698))",Saarbrücken,198,66119,Saargemünder Straße,,,,,,,,,,,,,"[5759691729, 8613189041, 5759692606, 5759692607, 5759692608, 5759690640, 5759691729]",,,,commercial,,,,1,flat,,,,,,,,,,,,,,,,,,,,,,,,,,,,,,,,,,,,,,,,,,,,,,,,,,,,,,,,,
way,609838781,,,"POLYGON ((6.9604019 49.2070772, 6.9603371 49.2070961, 6.9602386 49.206953, 6.9603008 49.2069327, 6.9603684 49.2070293, 6.9604019 49.2070772))",Saarbrücken,1B,66117,Am Hauptfriedhof,,,,,,,,,,,,,"[1270809475, 1270809477, 5775994401, 5775994402, 8151303211, 1270809475]",,,,commercial,,,,1,flat,,,,,,,,,,,,,,,,,,,,,,,,,,,,,,,,,,,,,,,,,,,,,,,,,,,,,,,,,
way,610033047,,,"POLYGON ((6.9772633 49.2316003, 6.9772787 49.231684, 6.977378 49.2316761, 6.9774343 49.2316712, 6.9774186 49.231586, 6.9773433 49.2315926, 6.9772633 49.2316003))",Saarbrücken,29-31,66117,Deutschherrnstraße,,,,,,,,,,,,,"[5777713755, 5777712638, 8081921488, 5777712639, 5777712632, 5777712633, 5777713755]",,,,commercial,,,,1,flat,,,,,,,,,,,,,gray,university,,,,,,,,,,,,,,,,,,,,,,,,,,,,,,,,,,,,,,,stone,,,,
way,612057377,,,"POLYGON ((6.9781517 49.2337301, 6.9781582 49.2336279, 6.9781593 49.2335878, 6.9782436 49.2335897, 6.9782422 49.233616, 6.9782374 49.2337073, 6.9782361 49.233732, 6.9781517 49.2337301))",Saarbrücken,31,66117,Heuduckstraße,,,,,,,,,,,,,"[7016843616, 1039755373, 5794234954, 5794234955, 7016843617, 7016901417, 5794234956, 7016843616]",,,,commercial,,,,1,flat,,,,,,,,,,,,,,,,,,,,,,,,,,,,,,,,,,,,,,,,,,,,,,,,,,,,,,,,,
way,636405183,,,"POLYGON ((6.9444814 49.2390441, 6.9443351 49.2390841, 6.9442677 49.2389817, 6.944186 49.2388575, 6.944169 49.2388317, 6.9442397 49.2388119, 6.9443139 49.2387913, 6.9444814 49.2390441))",Saarbrücken,32,66115,Burbacher Straße,,,,,,,,,,,,,"[1140685244, 6001453216, 6001456124, 8010735338, 6001456122, 8010735316, 1147904095, 1140685244]",DE,,,commercial,,,,,,,,,,,,,,,,,,,,,,,,,,,,,,,,,,,,,,,,,,,,,,,,,,,,,,,,,,,,,,
way,636405187,,,"POLYGON ((6.9443351 49.2390841, 6.9442677 49.2389817, 6.9441394 49.2390161, 6.9440326 49.2388334, 6.9438894 49.2388692, 6.9440633 49.2391583, 6.9443351 49.2390841))",,,,,,,,,,,,,,,,,"[6001453216, 6001456124, 6001456125, 6001456126, 6001456127, 6001456128, 6001453216]",,,,commercial,,,,,,,,,,,,,,,,,,,,,,,,,,,,,,,,,,,,,,,,,,,,,,,,,,,,,,,,,,,,,,
way,641656507,,,"POLYGON ((7.0375738 49.2824001, 7.0375861 49.2823782, 7.0375984 49.2823563, 7.0376844 49.2823768, 7.0376786 49.2823871, 7.0376598 49.2824206, 7.0375738 49.2824001))",Saarbrücken,1a,66125,Rehbachstraße,,,,,,,,,,,,,"[6042316387, 10096380169, 6042316388, 6042316389, 10096380170, 6042316390, 6042316387]",,,,commercial,,,,1,skillion,,,,,,,,,,,,,,,,,,,,,,,,,,,,,,,,,,,,,,,,,,,,,,,,,,,,,,,,,
way,659069215,yes,,"POLYGON ((7.005607 49.2334206, 7.0057134 49.2333924, 7.0057193 49.2334042, 7.0058103 49.233565, 7.0059838 49.2335234, 7.0058777 49.2333344, 7.0062844 49.2332401, 7.0061214 49.2329513, 7.0060655 49.2329638, 7.0060305 49.2329717, 7.005997 49.2329801, 7.0058275 49.2326782, 7.0057414 49.2326988, 7.0056619 49.2327163, 7.0058231 49.2329846, 7.005831 49.2329979, 7.0057784 49.2330104, 7.005716 49.2330258, 7.005428 49.2330953, 7.005607 49.2334206))",Saarbrücken,1,66121,Halbergstraße,,,,,,,AOK Rheinland-Pfalz/Saarland - Landesdirektion Saarland,,,,,,"[1077033595, 9458878261, 2282552613, 1077032825, 1077033392, 1077032161, 1077032330, 1077033314, 9458878229, 1425404758, 1077032899, 1077034103, 7223490995, 1077034205, 9664131699, 2282552609, 7223451429, 9664131691, 1077033376, 1077033595]",,,Q2632331,commercial,"Mo-Th 08:00-16:00; Fr 08:00-15:00; PH,Sa-Su closed",,,7,,,,,insurance,,,,0,,https://rps.aok.de/,,,,,,,,AOK Rheinland-Pfalz/Saarland,,,,,,,,,,+49 681 60010,,,,,,,,,,,,,,,,,,,,,,,,,,,,,
way,697134048,,,"POLYGON ((7.0274387 49.221167, 7.027288 49.2211115, 7.0271132 49.2213134, 7.0271853 49.2213397, 7.0272679 49.2213697, 7.0274387 49.221167))",,,,,,,,,,,,,,,,,"[1076861112, 1076860913, 1076861639, 8017185736, 1076862018, 1076861112]",,,,commercial,,,,,flat,,,,,,,,,,,,,,,,,,,,,,,,,,,,,,,,,,,,,,,,,,,,,,,,,,,,,,,,,
way,697134054,,,"POLYGON ((7.0268076 49.2221505, 7.0266688 49.2223408, 7.0267287 49.2223599, 7.0268674 49.2221696, 7.0268076 49.2221505))",,,,,,,,,,,,,,,,,"[6547546264, 6547546261, 6547546262, 6547546263, 6547546264]",,,,commercial,,,,,,,,,,,,,,,,,,,,,,,,,,,,,,,,,,,,,,,,,,,,,,,,,,,,,,,,,,,,,,
way,697134055,,,"POLYGON ((7.0264703 49.2222878, 7.0266259 49.2223422, 7.0267841 49.2221441, 7.0266286 49.2220898, 7.0264703 49.2222878))",,,,,,,,,,,,,,,,,"[6547546268, 6547546267, 6547546266, 6547546265, 6547546268]",,,,commercial,,,,,,,,,,,,,,,,,,,,,,,,,,,,,,,,,,,,,,,,,,,,,,,,,,,,,,,,,,,,,,
way,697134075,,,"POLYGON ((7.026678 49.2239966, 7.026353 49.2239198, 7.0263345 49.223956, 7.0263153 49.2239962, 7.0262978 49.224029, 7.0261623 49.2239971, 7.0261187 49.224075, 7.0260844 49.2241365, 7.0262434 49.2241741, 7.0265409 49.2242445, 7.0266607 49.2240335, 7.026678 49.2239966))",,,,,,,,,,,,,,,,,"[1076861115, 1076861701, 8002014604, 8002014605, 1076861895, 1076861908, 7973638156, 1076862045, 7993815196, 1076862093, 6547546225, 1076861115]",,,,commercial,,,,,,,,,,,,,,,,,,,,,,,,,,,,,,,,,,,,,,,,,,,,,,,,,,,,,,,,,,,,,,
way,743365689,yes,,"POLYGON ((6.9605422 49.2369106, 6.9606231 49.2368883, 6.9607154 49.2368628, 6.9604662 49.2364778, 6.9603737 49.2365029, 6.9602928 49.236525, 6.9605422 49.2369106))",Saarbrücken,17,66115,Käthe-Kollwitz-Straße,car_wash,,,,,https://www.waschwerk-sb.de/,Waschwerk Saarbrücken Saarterrassen,,,,,,"[6958128467, 9139112662, 6958128468, 6958128469, 9139112663, 6958128470, 6958128467]",,,,commercial,"Mo-Sa 06:00-22:00; PH,Su closed",,,,flat,,,,,,,,,,,,,red;gray,,,,yes,,yes,,,,,,,,,,,,,,,,,,,,,,,,,,,,,,,,,,,,,,
way,746231842,,,"POLYGON ((7.0112907 49.2301969, 7.0117046 49.2301218, 7.012095 49.2300509, 7.0120763 49.2300122, 7.0120332 49.2299174, 7.0120148 49.2299208, 7.0119939 49.2299246, 7.0117998 49.2295272, 7.0117917 49.2295083, 7.01177 49.2294568, 7.0117601 49.2294319, 7.0116141 49.229454, 7.0113864 49.2294877, 7.0113542 49.2294924, 7.0113201 49.2294975, 7.0112052 49.2295147, 7.0112193 49.229555, 7.0110752 49.2295813, 7.0110798 49.2295961, 7.0111606 49.2297688, 7.0113034 49.2300557, 7.0112745 49.2300613, 7.01124 49.230068, 7.0112907 49.2301969))",,,,,,,,,,,,,,,,,"[2271951291, 2271951297, 1383351680, 7538940570, 5236861148, 9330630628, 5236861149, 7522298775, 7522298774, 5236861137, 6983382719, 1327576741, 5236861138, 5236861139, 5236861140, 2271991086, 7431159032, 5236861144, 6983382718, 7431159074, 1076975646, 1327569032, 9330630619, 2271951291]",,,,commercial,,,,,,,,,,,,,,,,,,,,,,,,,,,,,,,,,,,,,,,,,,,,,,,,,,,,,,,,,,,,,,
way,749109339,,,"POLYGON ((6.9868078 49.2431504, 6.9870169 49.2431362, 6.9869602 49.2427706, 6.9872126 49.2427543, 6.9872693 49.2431195, 6.9874335 49.2431086, 6.9873576 49.2426193, 6.9870663 49.2426379, 6.9867318 49.2426607, 6.9867335 49.2426714, 6.9868078 49.2431504))",Saarbrücken,11,66113,Europaallee,,,,,,,,,,,,,"[7005365922, 7005365923, 7005365924, 7005365925, 7005365926, 7005365927, 8558020611, 8779430086, 8558020545, 10767210931, 7005365922]",,,,commercial,,,,6,flat,,,,,,,,,,,,,,,,white,,,,,,,,,,,,,,,,,,,,,,,,,,,,,,,,,,,,,,,,,
way,753657602,,,"POLYGON ((6.9763918 49.2418817, 6.9763941 49.2418666, 6.9764008 49.2418223, 6.9764466 49.241825, 6.976479 49.2418269, 6.9764804 49.2418172, 6.976482 49.2418071, 6.97652 49.24181, 6.976707 49.2418218, 6.976698 49.2419003, 6.9763918 49.2418817))",,,,,,,,,,,,,,,,,"[7041446146, 9581378423, 7041446147, 9581378425, 9581378427, 9581378424, 9581378428, 9581378419, 7041446148, 7041446149, 7041446146]",,,,commercial,,,,2,flat,,,,,,,,,,,,,white,,,,,,,,,,,,,,,,,,,,,,,,,,,,,,,,,,,,,,,,,,,,
way,755599480,,,"POLYGON ((6.9459009 49.2448669, 6.9461128 49.2448669, 6.9461048 49.2446182, 6.9458956 49.2446252, 6.9459009 49.2448669))",,,,,,,,,,,,,,,,,"[7057725701, 7057725702, 7057725703, 7057725704, 7057725701]",,,,commercial,,,,,,,,,,,,,,,,,,,,,,,,,,,,,,,,,,,,,,,,,,,,,,,,,,,,,,,,,,,,,,
way,755599481,,,"POLYGON ((6.9461936 49.2447531, 6.9465235 49.2447496, 6.9465315 49.244613, 6.9461855 49.2446165, 6.9461936 49.2447531))",,,,,,,,,,,,,,,,,"[7057725705, 7057725706, 7057725707, 7057725708, 7057725705]",,,,commercial,,,,,,,,,,,,,,,,,,,,,,,,,,,,,,,,,,,,,,,,,,,,,,,,,,,,,,,,,,,,,,
way,760728121,,,"POLYGON ((6.9716094 49.2122505, 6.9718982 49.2122046, 6.9717226 49.2117339, 6.9714664 49.2118533, 6.9714863 49.211908, 6.9715863 49.2121863, 6.9716094 49.2122505))",,,,,,,,,,,EVS Neubau,,,,,,"[7106615755, 9781539959, 7106615759, 7106615762, 1015502647, 1015502597, 7106615755]",,,,commercial,,,,6,flat,,,,,,,,,,,,,,,,,,,,,,,,,,,,,,,,,,,,,,,,,,,,,,,,,,,,,,,,,
way,764564440,,,"POLYGON ((6.9637826 49.2367165, 6.9638453 49.2364134, 6.9635137 49.2363841, 6.9635081 49.2363836, 6.9634969 49.2363826, 6.9634955 49.2363893, 6.9634637 49.2365429, 6.9634623 49.2365496, 6.9634577 49.2365719, 6.9634371 49.2366713, 6.9634341 49.2366857, 6.9637826 49.2367165))",Saarbrücken,17,66115,Wiesenstraße,,,,,,,Alexander Bürkle,,,,,,"[7142580680, 7142580681, 10000461733, 10000363428, 7142580682, 10000363429, 10000363431, 10000363432, 10000363433, 10000363430, 7142580683, 7142580680]",,,,commercial,,,,3,,+49 681 954517-0,saarbruecken@alexander-buerkle.de,+49 681 954517-90,company,,,,,,,,,,,,,,,,,,,,,,,,,,,,,,,,,,,,,,,,,,,,,,,,,,,,,
way,776607086,,,"POLYGON ((7.0173065 49.2413455, 7.0175187 49.2412363, 7.0174867 49.2412095, 7.0174418 49.2411724, 7.0174097 49.2411469, 7.0173333 49.2411881, 7.0172707 49.2412213, 7.0172027 49.2412576, 7.0173065 49.2413455))",,110,,Ilsestraße,,,,,,,,,,,,,"[10003262993, 7246072505, 7246072503, 7246072502, 7246072504, 8222991282, 8222991310, 2216508861, 10003262993]",,,,commercial,,,,1,flat,,,,,,,,,,,,,,,,,,,,,,,,,,,,,,,,,,,,,,,,,,,,,,,,,,,,,,,,,
way,857389192,,,"POLYGON ((7.0275318 49.2211199, 7.0275794 49.2210659, 7.0276297 49.2210839, 7.0276663 49.2210977, 7.0276225 49.2211535, 7.0275318 49.2211199))",,,,,,,,,,,,,,,,,"[1076861243, 7993717710, 8002014643, 8017184879, 8017184882, 1076861243]",,,,commercial,,,,,flat,,,,,,,,,,,,,,,,,,,,,,,,,,,,,,,,,,,,,,,,,,,,,,,,,,,,,,,,,
way,871370127,,,"POLYGON ((7.0269467 49.2230676, 7.0268572 49.223067, 7.0268566 49.2229647, 7.0269367 49.2229631, 7.0269467 49.2230676))",,,,,,,,,,,,,,,,,"[8116457598, 8116457603, 8116463729, 8116457575, 8116457598]",,,,commercial,,,,1,flat,,,,,,,,,,,,,,,,,,,,,,,,,,,,,,,,,,,,,,,,,,,,,,,,,,,,,,,,,
way,873193071,,,"POLYGON ((7.0368504 49.2284646, 7.0368735 49.2284599, 7.0369938 49.2284356, 7.036977 49.2283982, 7.0369584 49.2283579, 7.0369243 49.2283656, 7.0369457 49.2284145, 7.0368389 49.2284352, 7.0368504 49.2284646))",,,,,,,,,,,,,,,,,"[8131574004, 9505967749, 8131574008, 8131576421, 8131574001, 8131574016, 366083275, 366083274, 8131574004]",,,,commercial,,,,1,flat,,,,,,,,,,,,,,,,,,,,,,,,,,,,,,,,,,,,,,,,,,,,,,,,,,,,,,,,,
way,879396231,limited,,"POLYGON ((7.0063836 49.2260472, 7.0064636 49.2260236, 7.0064486 49.2260018, 7.0063688 49.2260254, 7.0063836 49.2260472))",,,,,biergarten,,,,,,Ulanen Pavillon,,,,,,"[8180578906, 8180578902, 8180578897, 8180578905, 8180578906]",,,,commercial,,,,1,flat,,,,,,,,,,,,,brown,,,,,,,no,,,,,,,,,,,,,,,,,,,,,,,,,,,,,,,,,,,,,
way,880001464,,,"POLYGON ((7.0242441 49.2272233, 7.0241971 49.2273065, 7.0240295 49.2272715, 7.0240751 49.2271866, 7.0242441 49.2272233))",,,,,,,,,,,,,,,,,"[8185747575, 8185747574, 8185747573, 8185747572, 8185747575]",,,,commercial,,,,1,flat,,,,,,,,,,,,,,,,,,,,,,,,,,,,,,,,,,,,,,,,,,,,,,,,,,,,,,,,,
way,884208207,,,"POLYGON ((7.016016 49.2399847, 7.0160477 49.2399318, 7.0159524 49.2399074, 7.0159202 49.2399611, 7.0159488 49.2399684, 7.016016 49.2399847))",,,,,,,,,,,,,,,,,"[8223037525, 8223037558, 8222991285, 8223037543, 2216244847, 8223037525]",,,,commercial,,,,1,flat,,,,,,,,,,,,,,,,,,,,,,,,,,,,,,,,,,,,,,,,,,,,,,,,,,,,,,,,,
way,884208213,,,"POLYGON ((7.0145662 49.2396219, 7.0145348 49.2396117, 7.0145292 49.2396189, 7.0145006 49.2396525, 7.0145978 49.2396847, 7.0146165 49.2396597, 7.0145539 49.2396389, 7.0145662 49.2396219))",,,,,,,,,,,,,,,,,"[8223037527, 8222991309, 8222991316, 8222991313, 8222991279, 8222991307, 1094123558, 8223037527]",,,,commercial,,,,1,flat,,,,,,,,,,,,,,,,,,,,,,,,,,,,,,,,,,,,,,,,,,,,,,,,,,,,,,,,,
way,950230911,,,"POLYGON ((6.9793475 49.2400008, 6.9792913 49.2400999, 6.979472 49.2401393, 6.9794934 49.2400991, 6.9795031 49.240081, 6.979514 49.2400606, 6.9795248 49.2400403, 6.9794333 49.2400199, 6.9793475 49.2400008))",Saarbrücken,13,66115,Auf der Werth,,,,,,,,,,,,,"[8796907144, 1100470247, 1100470378, 8999427618, 5646528255, 5646528253, 1100470456, 8796907139, 8796907144]",,,,commercial,,,,1,,,,,,,,,,,,,,,,,,,,,,,,,,,,,,,,,,,,,,,,,,,,,,,,,,,,,,,,,,
way,975366195,,,"POLYGON ((6.9422356 49.236708, 6.9422672 49.2367844, 6.9427021 49.236709, 6.9426705 49.2366326, 6.9425306 49.2366555, 6.9424302 49.2366738, 6.9422356 49.236708))",Saarbrücken,50,66117,Burbacher Straße,,,,,,,,,,,,,"[1015560086, 2981942721, 8023693013, 1015560134, 9831945266, 902735456, 1015560086]",DE,,,commercial,,,,,,,,,,,,,,,,,,,,,,,,,,,,,,,,,,,,,,,,,,,,,,,,,,,,,,,,,,,,,,
way,977572874,,,"POLYGON ((7.0369735 49.2254146, 7.0373574 49.2254132, 7.0374779 49.2254127, 7.0376418 49.2254121, 7.0376995 49.2254119, 7.0377067 49.2254119, 7.0377287 49.2254118, 7.0377702 49.2254116, 7.037779 49.2254116, 7.0377852 49.2254116, 7.0379995 49.2254108, 7.038296 49.2254098, 7.0385368 49.2254088, 7.0386455 49.2254076, 7.0386892 49.2254082, 7.038965 49.2253878, 7.0390978 49.2253779, 7.0390358 49.2250724, 7.0386346 49.2251061, 7.0386264 49.2250535, 7.0389124 49.2249285, 7.0388879 49.2249024, 7.0389927 49.2248571, 7.0390887 49.2248505, 7.0391413 49.225132, 7.0391601 49.2251305, 7.039186 49.2251285, 7.0392513 49.2251236, 7.0393197 49.2251185, 7.0393624 49.2251151, 7.0392946 49.2247498, 7.0392294 49.2244449, 7.0390397 49.224599, 7.0388983 49.2247289, 7.0387775 49.2247872, 7.0385459 49.2248895, 7.0384973 49.2248446, 7.0383284 49.2249225, 7.0383096 49.2249058, 7.0381526 49.2249749, 7.0381248 49.2249554, 7.0378078 49.225018, 7.0378117 49.2250286, 7.0378247 49.2250673, 7.0375659 49.2250784, 7.0374827 49.2250834, 7.0371368 49.2252108, 7.0369735 49.2254146))",Saarbrücken,1,66121,Am Halberg,,,,,,,,,,,,,"[1015653874, 9045525209, 9045525215, 7188615760, 1015653917, 9048995367, 9045525214, 9045525213, 9048995381, 9045525211, 9048981398, 9048995263, 9048995363, 9048981404, 1015653860, 9048995298, 1015653799, 1015653901, 1015653834, 9045525202, 9045525201, 7660978826, 7660978827, 7660978828, 1015653936, 7785581330, 9487567220, 7782432201, 9487527510, 1015653924, 1015653883, 4536304525, 4536304526, 7660978829, 1072641714, 7660978832, 1072641793, 7660978834, 7660978835, 1015653905, 1015653843, 9045544420, 9488660287, 9045544419, 1015653887, 9045544421, 1015653821, 1015653874]",,,,commercial,,,,5,,,,,,,,,,,,,,,,,,,,,,,,,,,,,,,,,,,,,,,,,,,,,,,,,,,,,,,,,,
way,988682284,,,"POLYGON ((6.9601371 49.2363302, 6.9603992 49.2362724, 6.9602059 49.2359153, 6.9599438 49.235973, 6.9601371 49.2363302))",,,,,,,,,,,,,,,,resurvey – nur ungefähr eingezeichet,"[9138384757, 9138353251, 9138384789, 9138384768, 9138384757]",,,,commercial,,,,,flat,,,,,,,,,,,,,,,,,,,,,,,,,,,,,,,,,,,,,,,,,,,,,,,,,,,,,,,,,
way,1013382592,,,"POLYGON ((7.0194205 49.228835, 7.0198088 49.2285247, 7.0195648 49.228388, 7.0191967 49.2286681, 7.0191678 49.2286895, 7.0194205 49.228835))",Saarbrücken,8,66121,Am Kieselhumes,,,,,,,,,,,,,"[9349474551, 1930676096, 1068844904, 1068844933, 9349474552, 9349474551]",DE,,,commercial,,,,,flat,,,,,,,,0,,,,,,,,,,,,,,,,,,,,,,,,,,,,,,,,,,,,,,,,,,,,,,,,,
way,1030786329,,,"POLYGON ((6.9029149 49.2295418, 6.9027585 49.2295799, 6.9027405 49.2295486, 6.9027324 49.2295344, 6.9027614 49.2295273, 6.9027277 49.2294684, 6.9028551 49.2294373, 6.9029149 49.2295418))",,98a,66127,Kreisstraße,,,,,,,,,,,,,"[9501537440, 9501516795, 9501537443, 9501516792, 9501516793, 9501537431, 9501516788, 9501537440]",DE,,,commercial,,,,2,flat,,,,,,,,,,,,,,,,,,,,,,,,,,,,,,,,,,,,,,,,,,,,,,,,,,,,,,,,,
way,1055762655,,,"POLYGON ((7.0285987 49.2090903, 7.0285783 49.2090487, 7.0286685 49.2090283, 7.0287448 49.2090087, 7.0287571 49.2090287, 7.0287706 49.2090505, 7.0286889 49.2090693, 7.0285987 49.2090903))",,,,,,,,,,,,,,,,,"[617550288, 9701019831, 9701019847, 9701019841, 9701019844, 9701019845, 9701019835, 617550288]",,,,commercial,,,,,,,,,,,,,,,,,,,,,,,,,,,,,,,,,,,,,,,,,,,,,,,,,,,,,,,,,,,,,,
way,1065726046,,,"POLYGON ((6.9729326 49.2137357, 6.9727175 49.2137711, 6.9726182 49.2135136, 6.9728332 49.2134782, 6.9729326 49.2137357))",,,,,,,,,,,,,Cetecom ICT services,,,,"[9786926784, 9786926837, 9786926787, 9786926954, 9786926784]",,,,commercial,,,,5,flat,,,,,,,,,,,,,,,,,,,,,,,,,,,,,,,,,,,,,,,,,,,,,,,,,,,,,,,,,
way,1065726047,,,"POLYGON ((6.9736549 49.2136304, 6.9735795 49.2134282, 6.9735573 49.2133688, 6.9730017 49.2134573, 6.9729868 49.2134597, 6.9729901 49.2134684, 6.9730844 49.2137213, 6.9736549 49.2136304))",,,,,,,,,,,H4,,,,,,"[9786926940, 9788234912, 9786926737, 9786926850, 9786926831, 9786926667, 9786926621, 9786926940]",,,,commercial,,,,,,,,,,,,,,,,,,,,,,,,,,,,,,,,,,,,,,,,,,,,,,,,,,,,,,,,,,,,,,
way,1065858877,,,"POLYGON ((6.9736549 49.2136304, 6.9737202 49.2136211, 6.9736473 49.2134166, 6.9735795 49.2134282, 6.9736549 49.2136304))",,,,,,,,,,,,,,,,,"[9786926940, 4034492402, 9788234913, 9788234912, 9786926940]",,,,commercial,,,,,,,,,,,,,,,,,,,,,,,,,,,,,,,,,,,,,,,,,,,,,,,,,,,,,,,,,,,,,,
way,1067398734,,,"POLYGON ((6.9474791 49.2439289, 6.9474744 49.2440105, 6.9473074 49.2440054, 6.9473095 49.2440422, 6.9470601 49.2440415, 6.9470687 49.2439253, 6.9474791 49.2439289))",,,,,,,,,,,,,,,,,"[9800272752, 9800272742, 9800272868, 9800272874, 9800272652, 9800272651, 9800272752]",,,,commercial,,,,,,,,,,,,,,,,,,,,,,,,,,,,,,,,,,,,,,,,,,,,,,,,,,,,,,,,,,,,,,
way,1085429331,,,"POLYGON ((6.9770043 49.2400239, 6.976906 49.2401448, 6.9768667 49.2401954, 6.9770218 49.2402465, 6.977156 49.2400786, 6.9770043 49.2400239))",,,,,,,,,,,,,,,,,"[5960309399, 9945821704, 9945821694, 9945800601, 5960309401, 5960309399]",,,,commercial,,,,1,flat,,,,,,,,,,,,,,,,,,,,,,,,,,,,,,,,,,,,,,,,,,,,,,,,,,,,,,,,,
way,1110145309,,,"POLYGON ((7.010454 49.2314713, 7.0108094 49.2314035, 7.0107935 49.2313666, 7.0107875 49.2313524, 7.0107509 49.2312673, 7.010608 49.2312931, 7.0105718 49.2312095, 7.0103572 49.2312488, 7.0104211 49.2313928, 7.0104486 49.2314585, 7.010454 49.2314713))",Saarbrücken,63,66121,Lessingstraße,,,,,,,,,,,,,"[1077031847, 1077033050, 5792835151, 6316616122, 10155835669, 10155835668, 1077031860, 1077032421, 5654071259, 8765593153, 1077031847]",,,,commercial,,,,1,flat,,,,,,,,,,,,,,,,,,,,,,,,,,,,,,,,,,,,,,,,,,,,,,,,,,,,,,,,,
way,1126783897,,,"POLYGON ((7.0580177 49.2422815, 7.0583519 49.2422566, 7.0583463 49.2421923, 7.0583363 49.2420778, 7.058332 49.2420292, 7.0582878 49.2418602, 7.0582534 49.2417551, 7.0579218 49.2417967, 7.0580177 49.2422815))",,,,,,,,,,,,,,,,,"[10303344123, 10303344536, 10602905217, 10303344432, 10303344445, 10303344268, 10303344409, 10303344117, 10303344123]",,,,commercial,,,,1,flat,,,,,,,,,,,,,,,,,,,,,,,,,,,,,,,,,,,,,,,,,,,,,,,,,,,,,,,,,
way,1174373673,,,"POLYGON ((6.9182698 49.2230811, 6.9182833 49.2230519, 6.9183109 49.2229914, 6.9181797 49.2229998, 6.9181483 49.223055, 6.9181967 49.2230653, 6.9182698 49.2230811))",,,,,,,,,,,,,,,,,"[10912047336, 10912047377, 10912047388, 10912047352, 10912047375, 1017633762, 10912047336]",,,,commercial,,,,1,flat,,,,,,,,,,,,,,,,,,,,,,,,,,,,,,,,,,,,,,,,,,,,,,,,,,,,,,,,,
way,1174463893,yes,,"POLYGON ((6.9233279 49.2316802, 6.9233274 49.2316752, 6.9233133 49.2316653, 6.9233056 49.2316664, 6.9232843 49.2316521, 6.923252 49.2316733, 6.9232725 49.2316863, 6.9232725 49.2316911, 6.9232884 49.2317017, 6.9232974 49.2317002, 6.9233279 49.2316802))",,,,,fast_food,,,,,,Grill-Stube,,,,,,"[10913204766, 10913204714, 10913201935, 10913204706, 10913204964, 10913204976, 10913204911, 10913204902, 10913201983, 928501914, 10913204766]",,,,commercial,,,,1,flat,,,,,,sausage,,,,,,,,,,,,,,no,,,,,,,,,,,,,,,,,,,,,,,,,,,,,,,,,,,,,
way,1174463912,,,"POLYGON ((6.9274681 49.2370988, 6.927531 49.2370747, 6.9275516 49.2370667, 6.9274464 49.2369501, 6.9273625 49.2369809, 6.9273936 49.2370158, 6.9274681 49.2370988))",,,,,,,,,,,,,,,,,"[1037354573, 10913204733, 10913204751, 10913204798, 10913204885, 1037354827, 1037354573]",,,,commercial,,,,1,flat,,,,,,,,,,,,,,,,,,,,,,,,,,,,,,,,,,,,,,,,,,,,,,,,,,,,,,,,,
way,1176112109,,,"POLYGON ((6.8969187 49.2300809, 6.8969013 49.2300967, 6.8968626 49.2301318, 6.896761 49.2300775, 6.8967421 49.2300663, 6.8967797 49.230036, 6.8969187 49.2300809))",,,,,,,,,,,,,,,,,"[1014504297, 7850906440, 10927831239, 1014504271, 10927831188, 1014504282, 1014504297]",,,,commercial,,,,1,flat,,,,,,,,,,,,along,,,,,,,,,,,,,,,,,,,,,,,,,,,,,,,,,,,,,,,,,,,,,
way,1177344095,yes,,"POLYGON ((7.0655837 49.1985948, 7.0655963 49.1986013, 7.0656092 49.1986079, 7.0656412 49.1985811, 7.0656156 49.1985681, 7.0655837 49.1985948))",,,,,fast_food,,,,,,Andys Imbiss,,,,,,"[10937987159, 10937986854, 2225222336, 10937987121, 10937986898, 10937987159]",,,,commercial,,,,1,,,,,,,,yes,,,,,,,,,,,,,no,,,,,,,yes,,,,,,,,,,,,,,,,,,,,,,,,,,,no,,,
relation,8036258,,,"POLYGON ((6.9736406 49.2335686, 6.9740698 49.2335868, 6.9742052 49.2335918, 6.9742088 49.2335422, 6.9743588 49.2335485, 6.9743657 49.2334774, 6.9743669 49.2334658, 6.9743811 49.2333186, 6.9740994 49.2333092, 6.9739396 49.2333038, 6.9739311 49.2333766, 6.9742221 49.2333873, 6.9742147 49.233473, 6.9738723 49.2334603, 6.9738304 49.2334831, 6.9737035 49.2334781, 6.9736469 49.2334764, 6.9736415 49.2335622, 6.9736406 49.2335686))",Saarbrücken,91,66117,Heuduckstraße,,,,,,,GSI SLV,,,,,,"[[[1039754703, 10977038833, 5423201454, 1039755576, 1039755333, 1039754709, 2981821031, 1039755424, 5794352792, 2103381282, 1039754703], [1039755948, 7474426519, 1039755870, 2981821031, 1039754709, 1039754930, 1039754998, 5423201456, 1039755565, 5777834396, 1039755948]]]",DE,,,commercial,,,,2,,,,,,,,,,,,,,,,,,,,,,,,,,,,,,,,,,,,,,,,,,,,,,,,,,,,,,,,"[89719399, 89719352]",multipolygon,
relation,11568933,,,"POLYGON ((6.9574005 49.2410726, 6.9573494 49.2410811, 6.9573177 49.2411042, 6.9573074 49.2411283, 6.9573132 49.2411597, 6.9573352 49.2411873, 6.9573677 49.2412049, 6.9571618 49.2412198, 6.9571708 49.2413285, 6.9574659 49.2413093, 6.9577737 49.2412884, 6.9577589 49.2411773, 6.9575647 49.2411839, 6.9575252 49.2408427, 6.9573768 49.2408528, 6.9573974 49.241044, 6.9574005 49.2410726))",,61,66115,Hochstraße,,,,,,,WPW,,,,,,"[[[7866120003, 7866120004, 1582352681, 7866120001], [7866120001, 2021945148, 2021945150, 3453585133, 3453585136, 3453585134, 2021945154, 3453585135, 880665781, 10686855323, 880665772, 880665894, 2021945152, 7866120003]]]",,,,commercial,,,,5,,,,,,,,,,,,,,,,,,,,,,,,,,,,,,,,,,,,,,,,,,,,,,,,,,,,,,,,"[338283332, 843249593]",multipolygon,WPW
