element_type,osmid,geometry,natural,barrier,name,wheelchair,access,opening_hours,operator,website,leisure,addr:city,addr:housenumber,addr:postcode,addr:street,operator:type,nodes,source,source:position,name:etymology:wikidata,name:etymology:wikipedia,wikidata,wikipedia,landuse,dog,lit,surface,leaf_type,place,note,loc_name,start_date,fixme,ways,type
node,9852869244,POINT (8.2164232 50.0186997),,,Am Roten Berg,,,,Stadt Mainz,,park,,,,,,,,,,,,,,,,,,,,,,,,
node,10839574669,POINT (8.2227332 50.0135951),,,Mombacher TV - Tennisanlage,,,,Mombacher TV,https://www.mtv-tennisabteilung.de/,park,Mainz,1a,55120,Auf der Langen Lein,community,,,,,,,,,,,,,,,,,,,
way,4514821,"POLYGON ((8.2641708 49.9940019, 8.2642343 49.9937642, 8.2644672 49.9937632, 8.264694 49.9933066, 8.2652218 49.9933668, 8.2654753 49.9930952, 8.2659505 49.9931879, 8.2660694 49.9929576, 8.2660739 49.9928889, 8.2660863 49.9928093, 8.2660747 49.9927339, 8.2660387 49.992695, 8.2660073 49.9926575, 8.2645888 49.9923021, 8.2645255 49.9922939, 8.2643477 49.9922822, 8.2617352 49.9935301, 8.2616639 49.9936, 8.2612665 49.993795, 8.2608302 49.9940105, 8.2606907 49.9941518, 8.2607095 49.9943381, 8.2607796 49.994647, 8.2611426 49.9952856, 8.2613758 49.9952292, 8.2616455 49.9951672, 8.2616683 49.9951606, 8.2616938 49.9946907, 8.2626755 49.9947191, 8.2628029 49.9946355, 8.2630702 49.9946663, 8.2631368 49.9946732, 8.2631994 49.9942573, 8.2632544 49.9939106, 8.2634726 49.9939326, 8.2641708 49.9940019))",,,,,,,,,park,,,,,,"[5417199800, 27630471, 2490674196, 27630467, 27630466, 5334521678, 5334521679, 5417225415, 4728576524, 5370019935, 5370019936, 5370019938, 27630463, 5370019940, 5370019939, 27630459, 4728576601, 5370019942, 5334571107, 27630435, 2490674192, 27630443, 27630447, 27630492, 3597296834, 3597296833, 27630490, 27630482, 27630478, 2490674202, 5417199801, 5411673290, 5411686786, 5411686787, 5411686788, 5417199800]",yahoo sat,,,,,,,,,,,,,,,,,
way,23575709,"POLYGON ((8.2556089 50.0109726, 8.2549949 50.0112577, 8.2537678 50.0102676, 8.2548895 50.0096537, 8.2549987 50.0095939, 8.2552733 50.0098091, 8.2554735 50.0097166, 8.255693 50.0096123, 8.2559827 50.0098334, 8.2560666 50.0098234, 8.2561908 50.0099438, 8.2559408 50.0101275, 8.2559156 50.0101416, 8.2559584 50.0103148, 8.2559542 50.0104233, 8.2559091 50.0106037, 8.2557674 50.010811, 8.2556089 50.0109726))",,,Goetheplatz,,,,,,park,Mainz,,55118,Goetheplatz,,"[255307492, 2421199337, 255307484, 7858836345, 255307485, 255307486, 255307487, 255307488, 5863484972, 2421199339, 2421199338, 5635023124, 2421199347, 255307489, 2421199336, 255307490, 255307491, 255307492]",,,,,,,,,,,,,,,,,,
way,23578507,"POLYGON ((8.2510899 50.0129213, 8.2520543 50.0124731, 8.2514478 50.0119189, 8.2513492 50.0119675, 8.2510998 50.0119852, 8.2509234 50.0120314, 8.2507611 50.0121024, 8.2504902 50.0118622, 8.2500893 50.0120479, 8.2510899 50.0129213))",,,Valenciaplatz,,,,,,park,,,,,,"[255330109, 255330110, 255330111, 5863262122, 5863262121, 5863262120, 255330112, 255330113, 255330114, 255330109]",,,,,,,,,,,,,,,,,,
way,23583060,"POLYGON ((8.2620003 50.0023413, 8.2618872 50.0023863, 8.2618675 50.0023657, 8.2614956 50.0025138, 8.2615178 50.0025369, 8.261401 50.0025834, 8.2613544 50.0026022, 8.2615215 50.0027799, 8.2615708 50.0028323, 8.2618059 50.0030637, 8.2619343 50.0031762, 8.262119 50.0032905, 8.262286 50.003386, 8.2623197 50.0033717, 8.2623492 50.0033592, 8.2624024 50.0033367, 8.2626281 50.0032411, 8.2626898 50.003215, 8.2627238 50.0032006, 8.2627398 50.0031938, 8.2626366 50.002967, 8.2625635 50.002843, 8.2622349 50.0024975, 8.2620645 50.0023137, 8.2620003 50.0023413))",,,,,,,,,park,,,,,,"[249332244, 249332243, 249332240, 249332239, 249332238, 249332237, 255380175, 1783958043, 1224439045, 1413508520, 1783663075, 1224439018, 1565061812, 1783958065, 1783958064, 1783958053, 1783958047, 1783958045, 1783958044, 1565061810, 1413508513, 1413508474, 1783958036, 255380173, 249332244]",,HiRes aerial imagery,,,,,,,,,,,,,,,,
way,23658221,"POLYGON ((8.2691236 49.9961765, 8.2692506 49.9962705, 8.2693525 49.9963521, 8.269507 49.9962977, 8.2696042 49.9962522, 8.2696948 49.9962112, 8.2697687 49.9961778, 8.2697909 49.9961395, 8.2696563 49.9960702, 8.2695179 49.9959738, 8.2693736 49.9961234, 8.2691236 49.9961765))",,,Willigisplatz,,,,,,park,,,,,,"[256325685, 4002490413, 256325686, 4002490412, 3087400294, 10967541719, 8317656826, 5356302120, 264522702, 264522701, 3087400293, 256325685]",,,Q77564,de:Willigis,Q15061914,de:Willigisplatz,,,,,,,,,,,,
way,23660131,"POLYGON ((8.270249 49.9911615, 8.2700304 49.9907755, 8.2730266 49.989872, 8.2731124 49.9898638, 8.2733983 49.9902301, 8.270249 49.9911615))",,,,,,,,,park,,,,,,"[256342325, 256342326, 1293129909, 256342327, 256342328, 256342325]",,,,,,,,,,,,,,,,,,
way,24164127,"POLYGON ((8.2652926 50.0058528, 8.265242 50.0058773, 8.2650822 50.0059547, 8.2650045 50.0059923, 8.2649599 50.0060139, 8.2653513 50.0064247, 8.2653859 50.0064814, 8.2654218 50.0065597, 8.2654831 50.0067056, 8.2655551 50.0068585, 8.2655909 50.0069232, 8.2656016 50.0069425, 8.2657347 50.0071252, 8.2658167 50.0072117, 8.2658772 50.0071879, 8.266576 50.0069126, 8.2666311 50.0068908, 8.2665349 50.0067958, 8.2663462 50.0066421, 8.2662943 50.006605, 8.2662763 50.0065922, 8.2661961 50.0065382, 8.26604 50.0064534, 8.2659115 50.0063902, 8.2658742 50.0063718, 8.2657869 50.0063303, 8.2657113 50.0062761, 8.2652926 50.0058528))",,,,,,,,,park,,,,,,"[261733627, 1883676836, 1883676838, 1883676840, 261733628, 261733629, 1883676895, 1883676923, 1883676943, 1883676967, 1883676973, 936583946, 261733630, 1883676981, 5330001551, 5330001568, 1883676976, 261733631, 261733632, 1883676929, 1883676927, 1883676918, 1883676885, 1883676873, 1883676871, 1883676864, 261733633, 261733627]",,HiRes aerial imagery,,,,,,,,,,,,,,,,
way,24164273,"POLYGON ((8.2593921 50.0058587, 8.2604431 50.0054493, 8.2602752 50.0052712, 8.2592241 50.0056806, 8.2593921 50.0058587))",,,Gartenfeldplatz,,,,,,park,,,,,,"[261735124, 261735125, 261735126, 261735127, 261735124]",,,,,Q1494644,de:Gartenfeldplatz,,,,,,,,,,,,
way,24340839,"POLYGON ((8.205429 50.0015121, 8.2070112 50.0018202, 8.2070938 50.0017049, 8.2075747 50.001148, 8.2068623 50.0009439, 8.2061414 50.0008501, 8.205429 50.0015121))",,,Pfarrer-Grimm-Anlage,,,,,,park,,,,,,"[264052149, 264052150, 419355728, 264052151, 264052152, 264052153, 264052149]",,,,,,,,,,,,,,,,,,
way,24343672,"POLYGON ((8.2772203 49.999673, 8.2783979 50.0000252, 8.2785388 49.9998793, 8.2773218 49.9995205, 8.2772203 49.999673))",,,Fischtorplatz mit Brunnen,,,,,,park,Mainz,,55116,Fischtorplatz,,"[264093918, 264093920, 264093922, 264093923, 264093918]",,,,,,,,,,,,,,,,,,
way,24461140,"POLYGON ((8.2648164 49.9921427, 8.2659153 49.9924747, 8.2660157 49.9925032, 8.2661166 49.9925029, 8.2661401 49.9924404, 8.2661698 49.9922923, 8.266177 49.9921845, 8.2661301 49.9915717, 8.265835 49.9916515, 8.2655234 49.9917614, 8.2653045 49.9918537, 8.2650494 49.9919893, 8.2648164 49.9921427))",,,Fichteplatz,,,,,,park,,,,,,"[5372197186, 5372197190, 1887318196, 1887318194, 6095201763, 1887318184, 1887318164, 5372197181, 5372197180, 5372197179, 5372197187, 5372197189, 5372197186]",,,,,,,,,,,,,,,,,,
way,27054315,"POLYGON ((8.2823589 49.9920764, 8.2825732 49.9921122, 8.2826521 49.9921398, 8.2860888 49.9908056, 8.2868734 49.9905333, 8.2876405 49.9904208, 8.2892776 49.9902661, 8.2898405 49.9902192, 8.2899311 49.9901788, 8.28995 49.9901269, 8.2898241 49.9899681, 8.2891761 49.9901292, 8.2890813 49.9899645, 8.2887222 49.9900541, 8.2886749 49.9896306, 8.2886609 49.9895429, 8.2886063 49.9894658, 8.2883438 49.9891967, 8.2887401 49.9889578, 8.2886253 49.9888852, 8.2880852 49.988631, 8.287855 49.9886571, 8.2874625 49.9893051, 8.2872513 49.9894998, 8.2868377 49.9895637, 8.2844839 49.9890504, 8.2841456 49.9890598, 8.283127 49.9893501, 8.2834568 49.9899991, 8.2830278 49.990248, 8.283402 49.9908068, 8.2831019 49.9908852, 8.282761 49.9909169, 8.282584 49.9909221, 8.2823717 49.9909197, 8.2819627 49.9908845, 8.2818349 49.9911282, 8.2816958 49.9914217, 8.2818172 49.9914559, 8.2815409 49.9918948, 8.2813545 49.9918361, 8.2811667 49.9922086, 8.2814224 49.9923134, 8.2816067 49.9922789, 8.282184 49.9920906, 8.2823589 49.9920764))",,,Stadtpark,,,,,,park,,,,,,"[296807660, 304346111, 700861658, 1271872924, 296807661, 3838525676, 296807665, 3838525675, 3838525677, 3838525662, 3838525667, 3838525678, 3838525661, 3838525666, 1942439357, 3838525664, 3838525668, 3838525672, 304346090, 304346093, 9663321209, 296807666, 296807668, 296807670, 296807674, 296807676, 9663327533, 2026108184, 2031966673, 296807682, 296807683, 304346112, 664451055, 296807687, 2026108186, 664450976, 2026108188, 664450954, 664451045, 4389309887, 4389309886, 4389310289, 9663327556, 296807688, 9663327557, 296807660]",,,,,Q910516,de:Stadtpark Mainz,,,,,,,,,,,,
way,27054353,"POLYGON ((8.2869012 49.9878843, 8.2873316 49.9875165, 8.2880423 49.9879245, 8.2889329 49.9872831, 8.2882221 49.9868751, 8.2885556 49.9866863, 8.2887288 49.9867953, 8.2901215 49.9858807, 8.2902608 49.9857864, 8.2919957 49.9846483, 8.29183 49.9845439, 8.2919521 49.9844729, 8.2920371 49.9845203, 8.2935948 49.9853895, 8.2934713 49.9855685, 8.2950453 49.9865616, 8.2944646 49.9869478, 8.2954736 49.9875926, 8.2943135 49.9880512, 8.2941214 49.9880923, 8.2939055 49.9880418, 8.2935212 49.9877731, 8.2932991 49.987598, 8.293062 49.9877332, 8.2931261 49.9878102, 8.2930962 49.9878277, 8.2925369 49.9881541, 8.2915593 49.9885993, 8.2916138 49.988921, 8.2898462 49.9897274, 8.289441 49.9893368, 8.2889751 49.9889675, 8.2878706 49.9884073, 8.2869012 49.9878843))",,,Volkspark,,,,,,park,,,,,,"[296811184, 5619514111, 5619514112, 5619514115, 296811188, 310015354, 310015355, 310015356, 310015360, 310015361, 310015362, 9663321181, 296811190, 260024445, 4428993875, 296811192, 309889927, 309889933, 309889932, 4465849055, 4465849054, 309889930, 309889929, 3838541629, 5619240061, 10678310281, 5619240062, 296811193, 296811195, 296811197, 5619514117, 296811199, 5619514116, 296811184]",,,,,,,,,,,,,,,,,,
way,28110360,"POLYGON ((8.277563 49.9870264, 8.2778291 49.9870794, 8.2779011 49.9874263, 8.2784354 49.9869473, 8.278619 49.9869416, 8.2791873 49.9869835, 8.279314 49.9869858, 8.2793915 49.9864358, 8.2794019 49.9863623, 8.2792491 49.9863679, 8.2785485 49.9862839, 8.2781192 49.9856005, 8.2777485 49.9850303, 8.2774739 49.9851145, 8.2772383 49.9851864, 8.2771809 49.9851983, 8.2771382 49.9852049, 8.2770782 49.9852074, 8.2768712 49.9851965, 8.2767062 49.9851878, 8.2755202 49.9851198, 8.2756475 49.9856496, 8.2761162 49.9856971, 8.2766008 49.9857465, 8.276754 49.9852966, 8.277819 49.98542, 8.2779026 49.9858228, 8.2778247 49.9862501, 8.277563 49.9870264))",,,,,,,,,park,,,,,,"[256618986, 2701558488, 222008994, 2034820834, 222008978, 698100485, 243316853, 6944693314, 530102, 698100483, 256618310, 256618311, 308777268, 31390451, 783468050, 5779147477, 5779147499, 5779147500, 5779147468, 308777277, 254805564, 239964736, 2703770252, 5779312709, 2703770250, 256618989, 5779147501, 256618987, 256618986]",,,,,,,,,,,,,,,,,,
way,28111095,"POLYGON ((8.2727581 49.9916681, 8.2722605 49.9916315, 8.271971 49.9919945, 8.2713131 49.9917742, 8.2704009 49.9914748, 8.2703556 49.9913445, 8.2703327 49.9913084, 8.270249 49.9911615, 8.2733983 49.9902301, 8.2731124 49.9898638, 8.2742139 49.9895432, 8.2742694 49.9895196, 8.274384 49.9894811, 8.2744496 49.9895138, 8.2741591 49.9897306, 8.2741552 49.9897535, 8.2742179 49.9897943, 8.2742796 49.9898237, 8.2750817 49.9902732, 8.2754355 49.9904537, 8.2757609 49.9906011, 8.2760787 49.9907096, 8.2763965 49.9908031, 8.2766181 49.9908507, 8.2768221 49.9908656, 8.2771287 49.9908533, 8.2774276 49.9908293, 8.27798 49.9907807, 8.2783187 49.9907399, 8.2781582 49.9910581, 8.2781107 49.9912054, 8.2780869 49.9914549, 8.2774851 49.9914399, 8.2766163 49.9910605, 8.2762057 49.9910417, 8.2759926 49.9910256, 8.2759026 49.991057, 8.2757971 49.9910745, 8.2750093 49.9905585, 8.274763 49.9907436, 8.2748743 49.9909383, 8.274957 49.9910286, 8.2752836 49.9913234, 8.2757634 49.9916647, 8.2761781 49.9918989, 8.2765782 49.992022, 8.2772273 49.9924393, 8.2770995 49.9925277, 8.2764431 49.9921329, 8.2756209 49.9919625, 8.2751124 49.9914505, 8.2744288 49.9909307, 8.2742482 49.9909311, 8.2740984 49.9909762, 8.2732804 49.9918494, 8.2727581 49.9916681))",,,,,,,,,park,,,,,,"[308784575, 1293083615, 308784577, 5370016618, 5370016619, 5370019921, 308784605, 256342325, 256342328, 256342327, 5356557150, 5356557141, 6785127889, 5356557148, 5356557147, 256342683, 2667511842, 5356557144, 5356557145, 6785127895, 5356557146, 6785127896, 256342675, 1193917699, 6785127897, 6785127898, 1193917703, 1193917701, 308784607, 9663327555, 308784615, 308784613, 6785127918, 5356557152, 6450351486, 6450351487, 6450351488, 6450351489, 308784583, 308784585, 6785127921, 6785127922, 308784587, 5407225903, 2029849432, 5407225902, 5407225907, 5407225908, 308784593, 308784597, 308784599, 308784601, 6785122682, 308784603, 664480410, 308784575]",,,,,,,,,,,,,,,,,,
way,28111097,"POLYGON ((8.2786698 49.990836, 8.2784717 49.9908041, 8.2783862 49.9910135, 8.2783447 49.9911909, 8.2782894 49.9914566, 8.2782903 49.991817, 8.2783033 49.9920358, 8.2783112 49.9921685, 8.2783252 49.9924041, 8.2783926 49.9925304, 8.2785508 49.9925985, 8.2798201 49.9926292, 8.2800789 49.9926063, 8.2810872 49.9923729, 8.2811251 49.9923637, 8.2810401 49.9922824, 8.2807627 49.9921875, 8.2802429 49.9919529, 8.2793249 49.9915146, 8.2791626 49.9914105, 8.2786698 49.990836))",,,,,,,,,park,,,,,,"[308784617, 667330456, 664464563, 308784620, 3838541635, 308784622, 664464026, 664464564, 308784624, 3838541626, 308784628, 3838541627, 308784632, 308784634, 9520484280, 9520484283, 9520484279, 9520484278, 308784636, 9520484281, 308784617]",,,,,,,,,,,,,,,,,,
way,28162805,"POLYGON ((8.2560505 49.9904302, 8.254655 49.9911805, 8.2545509 49.9912651, 8.2544666 49.9913606, 8.2544442 49.9914358, 8.2544502 49.9915428, 8.2544774 49.9916203, 8.2544442 49.9920809, 8.2542413 49.9932001, 8.2542807 49.9938779, 8.2543382 49.9941854, 8.2544394 49.9943824, 8.2545261 49.9945297, 8.2548265 49.9947062, 8.2552786 49.9948718, 8.2556414 49.9948798, 8.2557646 49.9956437, 8.2556462 49.9957467, 8.2556259 49.9957758, 8.2556768 49.9958158, 8.25563 49.9958234, 8.2554537 49.9957936, 8.2552763 49.9957556, 8.2550115 49.99568, 8.2549193 49.9956202, 8.2548352 49.9955303, 8.2547969 49.9954824, 8.2547259 49.9954621, 8.254616 49.9954634, 8.2543445 49.9955005, 8.2539969 49.9952269, 8.253699 49.9948584, 8.2535247 49.9947928, 8.2532988 49.9942638, 8.2531424 49.9935515, 8.2531192 49.9932371, 8.253425 49.9932378, 8.2535246 49.9923605, 8.2535266 49.9923226, 8.2535636 49.9918864, 8.2536368 49.9914518, 8.2538159 49.9911019, 8.2539899 49.9910162, 8.2543303 49.9908141, 8.2544097 49.9907669, 8.2547015 49.9906859, 8.2547198 49.9906753, 8.255286 49.9903491, 8.2554161 49.9902864, 8.2558902 49.9900986, 8.255839 49.9899169, 8.2553392 49.9896487, 8.255343 49.9896069, 8.2553097 49.989431, 8.2552808 49.9892782, 8.2552663 49.9891275, 8.255074 49.9889433, 8.2549721 49.9888362, 8.2550493 49.9887876, 8.2551338 49.9887272, 8.2554563 49.9886189, 8.2548447 49.9879255, 8.2543694 49.9873866, 8.2542106 49.9870066, 8.2541424 49.9866377, 8.2541361 49.9864088, 8.2541641 49.9864075, 8.2541908 49.9863221, 8.2542927 49.9862503, 8.2546028 49.9861526, 8.2552356 49.9870483, 8.2550469 49.9871515, 8.2549505 49.9872226, 8.2549175 49.9872832, 8.2548975 49.9873473, 8.254892 49.9874437, 8.2549296 49.9875178, 8.2550961 49.9876896, 8.2549423 49.9877485, 8.2555149 49.9883523, 8.2559999 49.9888744, 8.256064 49.9890155, 8.2561938 49.9894015, 8.256162 49.9897709, 8.2561505 49.9898273, 8.2561395 49.989881, 8.2560764 49.9898779, 8.2558698 49.9899028, 8.255947 49.9901962, 8.2559688 49.9903067, 8.2559987 49.9903533, 8.2560505 49.9904302))",,,,,,,,,park,,,,,,"[265875675, 265875679, 2473572610, 1126030537, 4146846878, 4146846873, 265875681, 1126030636, 265875682, 265875684, 2899705885, 265875685, 265875686, 265875687, 265875662, 4102693677, 309335252, 672933761, 9048087013, 5351697969, 9048087014, 4097304610, 4097304611, 4097304607, 9048103718, 9048103717, 309335254, 9048087016, 9048087015, 309335255, 9048103719, 309335256, 309335257, 309335259, 965165014, 309335262, 2472540425, 2472540420, 309335263, 322650429, 309335264, 309335266, 4563260363, 4146921949, 309335267, 309335268, 9784732860, 309335269, 4563260360, 309335271, 1126030666, 4563260362, 309335272, 9321626968, 1126030577, 309335273, 1126030688, 1126030434, 530026, 1126030458, 4563473116, 1126030409, 1126030491, 4563473117, 1126030597, 7281787184, 6177989781, 1126030430, 1126030551, 1126030522, 1126030520, 5733787097, 2959211549, 1126030417, 2959211551, 5733787098, 5733787099, 309335277, 5733787100, 309335278, 309335280, 6177991198, 1126030405, 309335281, 6555788709, 309335283, 6177991187, 1126030702, 309335284, 6177991199, 4563115198, 265875675]",Bing;survey,,,,,,,,,,,,,,,,,
way,29505852,"POLYGON ((8.283914 49.9951495, 8.2840547 49.9952277, 8.2855769 49.9940974, 8.2855717 49.9940842, 8.2856596 49.994023, 8.2861759 49.9936631, 8.2860878 49.9936128, 8.2860428 49.993584, 8.2859996 49.9935566, 8.2856604 49.993762, 8.2850781 49.9941267, 8.2840965 49.99478, 8.2838362 49.9949667, 8.2837696 49.995022, 8.283738 49.9950615, 8.2837307 49.9950888, 8.2837452 49.9951276, 8.2837822 49.9951504, 8.2838212 49.9951543, 8.283914 49.9951495))",,,Rheinufer,,,,,,park,,,,,,"[26773484, 325233609, 325233610, 708219502, 6435483247, 708219507, 5347101379, 5347101380, 325233611, 6342879708, 1844388289, 6342879706, 1844388298, 631830841, 1844388300, 325233612, 1844388302, 1844388303, 1844388304, 26773484]",,,,,,,grass,,,,,,,,,,,
way,29505963,"POLYGON ((8.2724596 49.9947903, 8.2717018 49.9946922, 8.2717915 49.9946594, 8.2718673 49.9946354, 8.2719275 49.9945933, 8.2719837 49.9945236, 8.2720378 49.9943593, 8.2721057 49.9941529, 8.2721341 49.9940694, 8.272165 49.993986, 8.2722224 49.9939038, 8.2722913 49.9938207, 8.272594 49.9939165, 8.2727487 49.9939672, 8.2728967 49.9940207, 8.2730687 49.9941134, 8.273299 49.9942963, 8.2735127 49.9944867, 8.2738046 49.9947722, 8.2738203 49.9948097, 8.2738067 49.9948356, 8.2737797 49.994859, 8.2737442 49.9948785, 8.2737059 49.9949018, 8.2736734 49.9949215, 8.2735781 49.9949506, 8.2734734 49.9949564, 8.2733612 49.9949539, 8.2732714 49.9949412, 8.2731464 49.9949145, 8.2728038 49.9948409, 8.2724596 49.9947903))",,,,,,,,,park,,,,,,"[325234840, 3414554322, 5371250857, 5371250858, 5371250859, 325234841, 3414554319, 3414554318, 5371250860, 3414554307, 5371250861, 325234844, 5371250863, 5371250862, 325234846, 325234854, 5371250864, 325235013, 5371250865, 325234856, 5371250866, 5371250867, 3414554303, 651305029, 3414554299, 325234860, 5371250853, 3414554323, 3414554324, 325234864, 5371250854, 325234840]",,,,,,,,,,,,,,,,,,
way,37741049,"POLYGON ((8.3126965 49.9607451, 8.3127342 49.9607298, 8.3127582 49.9607199, 8.3128232 49.960698, 8.3129184 49.9606573, 8.3130485 49.9605878, 8.3131387 49.9595629, 8.3131485 49.9592821, 8.3131097 49.9590085, 8.3121975 49.9592865, 8.3112554 49.9595259, 8.3113709 49.9598837, 8.3117808 49.9598506, 8.312152 49.9605081, 8.311801 49.9606115, 8.3119962 49.9609171, 8.3120345 49.960977, 8.3126965 49.9607451))",,wall,Laubenheimer Park,,,,,,park,,,,,,"[442667676, 482696129, 4458154386, 4458154382, 8992635029, 442667670, 5349476414, 5349476413, 442667671, 482696135, 442667672, 2871969544, 8992635028, 442667673, 442667674, 9007859909, 442667675, 442667676]",,,,,,,,,,,,,,,,,,
way,39955980,"POLYGON ((8.2930031 49.9723654, 8.2940626 49.9721275, 8.2939431 49.9718864, 8.29434 49.971795, 8.2939265 49.9710323, 8.2940581 49.9710213, 8.294402 49.9712717, 8.2948887 49.9716028, 8.2952192 49.9717594, 8.2954089 49.9719453, 8.2955419 49.9721872, 8.2948474 49.9724685, 8.2940633 49.9727894, 8.2937453 49.9728937, 8.2928617 49.9731836, 8.2925041 49.9732864, 8.2918301 49.9734802, 8.2913324 49.9735661, 8.2905617 49.9735427, 8.2897607 49.9734841, 8.2896454 49.9733905, 8.2893419 49.973168, 8.289369 49.973089, 8.2894256 49.9730595, 8.2899113 49.9729687, 8.2900169 49.9731934, 8.2900368 49.9731887, 8.2902701 49.9731341, 8.2910231 49.9729771, 8.2911173 49.9729541, 8.2906169 49.9720481, 8.2907326 49.97201, 8.2912856 49.972931, 8.2913902 49.9729442, 8.2916953 49.9728542, 8.2921218 49.9727295, 8.2923388 49.9726704, 8.2924799 49.9726209, 8.2928006 49.9725313, 8.2927899 49.9725162, 8.292781 49.9724988, 8.2926327 49.9722844, 8.2921515 49.9715867, 8.2923195 49.9715343, 8.2922305 49.9714163, 8.2921929 49.9713636, 8.292156 49.9713234, 8.2914204 49.9703377, 8.2918325 49.9702175, 8.2919485 49.9704459, 8.2923987 49.9712574, 8.2929405 49.972243, 8.2930031 49.9723654))",,,Gro√übergpark,,,,,,park,,,,,,"[479846692, 479846694, 1676866497, 1251027843, 1251027882, 1251027872, 1251027823, 479846697, 479846699, 479846907, 479846702, 479846905, 479846704, 479846815, 479846706, 479846902, 479846708, 479846710, 479846711, 479846713, 479846717, 479846719, 479846721, 479846954, 479846723, 479846727, 8462230653, 479846847, 479846729, 1251027828, 1251027852, 1251027880, 1251027846, 479846731, 1360356728, 1251024051, 479846779, 1273050986, 479846978, 479846733, 479846735, 6098776258, 6098776257, 6098776256, 1676866495, 2151668312, 6098776254, 479846737, 1251027877, 6098776255, 6098776253, 479846739, 479846692]",,,,,,,,,,,,,,,,,,
way,39955982,"POLYGON ((8.2906678 49.9735053, 8.2912565 49.9735405, 8.2918573 49.9734273, 8.2919483 49.973279, 8.2919153 49.9732246, 8.2916231 49.9731141, 8.2918131 49.9729864, 8.2923465 49.9727427, 8.2923394 49.9726804, 8.2923388 49.9726704, 8.2914028 49.9729319, 8.2910735 49.9730112, 8.2904101 49.9731454, 8.2906678 49.9735053))",,,,limited,,,,,park,,,,,,"[479846761, 479846763, 479846765, 479846773, 497797561, 497797558, 479846775, 479846778, 479846839, 479846779, 2151668376, 479846831, 3969026822, 479846761]",,,,,,,,,,,,,,,,,,
way,43199996,"POLYGON ((8.2511029 50.0014809, 8.250416 50.0014352, 8.2505171 50.0006724, 8.2511972 50.0007121, 8.2511029 50.0014809))",,,,,,,,,park,,,,,,"[541408824, 541408804, 541408803, 541408818, 541408824]",,,,,,,,,,,,,,,,,,
way,43199998,"POLYGON ((8.2495263 50.0013584, 8.2488516 50.0013213, 8.2489513 50.0005757, 8.2496314 50.0006155, 8.2495263 50.0013584))",,,,,,,,,park,,,,,,"[541408808, 541408807, 541408805, 541408806, 541408808]",,,,,,,,,,,,,,,,,,
way,43199999,"POLYGON ((8.2481074 49.9998191, 8.2476047 49.9997897, 8.247699 49.9991225, 8.2482018 49.9991519, 8.2481074 49.9998191))",,,,,,,,,park,,,,,,"[541408799, 541408797, 541408793, 541408794, 541408799]",,,,,,,,,,,,,,,,,,
way,43200000,"POLYGON ((8.2496469 49.9999164, 8.2491455 49.9998869, 8.2492414 49.9992134, 8.2497428 49.999243, 8.2496469 49.9999164))",,,,,,,,,park,,,,,,"[541408800, 541408798, 541408795, 541408796, 541408800]",,,,,,,,,,,,,,,,,,
way,43200001,"POLYGON ((8.2512682 50.0000166, 8.2506826 49.9999812, 8.2507034 49.999839, 8.2507817 49.9993039, 8.2513686 49.9993389, 8.2512682 50.0000166))",,,,,,,,,park,,,,,,"[541408811, 541408802, 1647279168, 541408809, 541408810, 541408811]",,,,,,,,,,,,,,,,,,
way,52575315,"POLYGON ((8.2964541 49.9757998, 8.2965745 49.975703, 8.296465 49.9756333, 8.296367 49.9757066, 8.2964082 49.9757506, 8.2964541 49.9757998))",,,,,,,,,park,,,,,,"[667925002, 667925000, 667925001, 667924999, 2228729988, 667925002]",,,,,,,,,,,,,,,,,,
way,53378789,"POLYGON ((8.2004451 49.9656837, 8.2014156 49.9645299, 8.2041492 49.9651039, 8.2040953 49.965438, 8.2036731 49.9660672, 8.2027573 49.9662866, 8.2004451 49.9656837))",,,,,,,,,park,,,,,,"[675049685, 675049689, 675049693, 1627758713, 1627758742, 1627758764, 675049685]",,,,,,,,,,,,,,,,,,
way,56020803,"POLYGON ((8.277654 49.9734868, 8.2798051 49.9738028, 8.2797911 49.9738579, 8.2797819 49.9738801, 8.2797092 49.9739606, 8.2796534 49.974005, 8.2795674 49.9740407, 8.2784815 49.9738649, 8.2777284 49.9737344, 8.2775805 49.9736865, 8.2774653 49.9736537, 8.2772605 49.9736614, 8.2769726 49.9736331, 8.2764855 49.9735438, 8.2760685 49.973435, 8.2748865 49.9730989, 8.2747008 49.9729398, 8.2746968 49.9728261, 8.2750783 49.972853, 8.2751659 49.972814, 8.275996 49.9729048, 8.2760766 49.9730188, 8.2761573 49.9730993, 8.2763373 49.9731955, 8.2766202 49.9732713, 8.276698 49.9733241, 8.277654 49.9734868))",,,,,,,,,park,,,,,,"[68595439, 699682855, 2506773792, 703179550, 703179552, 703179554, 703179553, 703179549, 5802156151, 5802156150, 703179544, 703179546, 5802156124, 703179540, 703179541, 5802156149, 5802156139, 703179527, 703179525, 5802156118, 699682844, 5802156119, 2506773779, 5802156120, 5802156129, 703179533, 68595439]",,,,,,,,,,,,,,,,,,
way,75577250,"POLYGON ((8.2185123 50.0093186, 8.2193224 50.0074405, 8.2208502 50.0076806, 8.2208262 50.0077549, 8.2202335 50.0096052, 8.2185123 50.0093186))",,,,,,,,,park,,,,,,"[892409292, 1177557342, 892409297, 8869511760, 892409300, 892409292]",,,,,,,,,,,,,,,,,,
way,78448221,"POLYGON ((8.207871 50.0095101, 8.2083109 50.0088586, 8.2090565 50.0090792, 8.2085845 50.0097273, 8.207871 50.0095101))",,,,,,,,,park,,,,,,"[920616888, 920616889, 920616890, 920616893, 920616888]",,,,,,,,,,,,,,,,,,
way,78448223,"POLYGON ((8.2095084 50.0095712, 8.2090478 50.0094364, 8.2093877 50.0089568, 8.2098482 50.0090916, 8.2095084 50.0095712))",,,,,,,,,park,,,,,,"[920616902, 920616903, 920616904, 920616907, 920616902]",,,,,,,,,,,,,,,,,,
way,80051390,"POLYGON ((8.2164334 50.0204143, 8.216426 50.0203058, 8.2166516 50.0203246, 8.2170744 50.0203783, 8.2170374 50.0205794, 8.2174019 50.0206127, 8.2174446 50.020429, 8.2182023 50.0206715, 8.2180699 50.021364, 8.2180715 50.021367, 8.2180701 50.0215744, 8.2180659 50.0215758, 8.2171432 50.0215959, 8.217071 50.0206489, 8.2164334 50.0204143))",,,,,,,,,park,,,,,,"[933914108, 1243769588, 3891743139, 1243769550, 3891743146, 3891743147, 3891743141, 1243769505, 3891743155, 1692594829, 1243769469, 933914111, 255586496, 925549974, 933914108]",,,,,,,,,,,,,,,,,,
way,80138421,"POLYGON ((8.2406868 50.0103656, 8.2398114 50.0104141, 8.2397219 50.0095924, 8.2393077 50.0096054, 8.239276 50.0092787, 8.2392277 50.0085695, 8.2391309 50.008577, 8.2388886 50.0086097, 8.238879 50.0085902, 8.2384916 50.0087052, 8.238789 50.0091457, 8.2388463 50.0094885, 8.238989 50.0099305, 8.2390271 50.010303, 8.238902 50.01161, 8.2389372 50.0119021, 8.2387853 50.0119371, 8.2386649 50.0120193, 8.2385653 50.0122101, 8.2384239 50.0125806, 8.2383214 50.0127666, 8.2381887 50.0129081, 8.2379035 50.0128184, 8.2380633 50.0135382, 8.2382184 50.0139883, 8.2382071 50.014023, 8.2381701 50.0140406, 8.2375155 50.0141798, 8.2375326 50.0142372, 8.2376507 50.014361, 8.2382033 50.0144667, 8.2384218 50.0145357, 8.2392462 50.0147959, 8.239506 50.0146402, 8.2398269 50.014652, 8.2396388 50.0149283, 8.2397745 50.0150443, 8.2398597 50.0151015, 8.2400104 50.0151155, 8.2402658 50.0151173, 8.2404375 50.0151668, 8.240666 50.0147172, 8.2412689 50.0136913, 8.2408059 50.0134518, 8.2410265 50.0131762, 8.2412453 50.012828, 8.2414402 50.0125873, 8.2414146 50.0125028, 8.2415856 50.0122878, 8.2417538 50.0120765, 8.2418329 50.011958, 8.2422381 50.0118034, 8.2423635 50.011752, 8.2425523 50.0117549, 8.2426035 50.0116406, 8.2429847 50.0110693, 8.2427805 50.0110934, 8.2426009 50.0109459, 8.2424749 50.0105954, 8.2422791 50.010276, 8.2422455 50.0101062, 8.2422494 50.0099778, 8.241411 50.0099486, 8.2412206 50.0097721, 8.2413313 50.0093198, 8.2415244 50.0090216, 8.2417541 50.0086671, 8.2414835 50.0085896, 8.2413521 50.0085948, 8.2412474 50.0085775, 8.2408254 50.0084815, 8.24076 50.00847, 8.2408003 50.0089184, 8.2410086 50.0093054, 8.2410216 50.0093972, 8.2408461 50.0099661, 8.2406868 50.0103656))",,,Hartenbergpark,,,24/7,Stadt Mainz,https://www.mainz.de/freizeit-und-sport/im-gruenen/hartenbergpark.php,park,Mainz,,55122,,,"[1687744493, 1687744507, 1687744433, 1687744435, 1687744415, 937037088, 10838122070, 10838122071, 10838122072, 261627481, 261628443, 3191862284, 261628445, 288778021, 286473829, 286473834, 6455635903, 6455635902, 1687744708, 1687744741, 1687744745, 6454753978, 1687744747, 1687744760, 6454753967, 6454753968, 1687744763, 1687780557, 1695039174, 934846177, 934846185, 1695039188, 934846179, 1687780563, 1687780580, 10154516236, 1687780617, 10154516235, 10154516234, 934846173, 934846188, 934846182, 1696858233, 1696858200, 1696858177, 1696858130, 1696858092, 1696858072, 5987080877, 1696858017, 1696858003, 1696857949, 8893381385, 1696857918, 1696857865, 1696857695, 1687780323, 8912062743, 8912062744, 1323661621, 8912062745, 1323661668, 2055922186, 2055922177, 2055922190, 2055922180, 2055922184, 2055922182, 2055922189, 2055922195, 6454754136, 1687744342, 1687744399, 1687744422, 1687744423, 1687744453, 1687744493]",,,,,,,,leashed,,,,,,,,,,
way,92117263,"POLYGON ((8.2313117 50.0088051, 8.2313908 50.0085999, 8.2312455 50.0085751, 8.2311907 50.0085651, 8.2311136 50.0087741, 8.2313117 50.0088051))",,,,,,,,,park,,,,,,"[9547031424, 1069615208, 9547031421, 1404742733, 1404742734, 9547031424]",,,,,,,,,yes,paving_stones,,,,,,,,
way,96876600,"POLYGON ((8.2331697 49.9706467, 8.2335473 49.9706502, 8.2335731 49.9702076, 8.2344935 49.9702345, 8.2351946 49.9702354, 8.2352005 49.9701157, 8.2331024 49.9700779, 8.2319195 49.9692981, 8.2319142 49.9690024, 8.2312451 49.9693958, 8.2316477 49.9695059, 8.2320113 49.9697653, 8.2324362 49.970044, 8.2322561 49.970154, 8.2323557 49.970214, 8.2325581 49.9700838, 8.2329305 49.9703465, 8.2329064 49.9708176, 8.2331591 49.9708166, 8.2331697 49.9706467))",,,,,,,,,park,,,,,,"[1122518424, 1122518431, 1122518447, 6556801710, 1122518398, 1122518435, 1122518397, 1122518414, 1122518388, 1122518410, 1122518350, 1498436376, 1498436420, 1498436430, 1498436436, 1498436423, 1122518376, 1122518365, 1122518352, 1122518424]",Bing;survey,,,,,,,,,,,,,,,,,
way,99221125,"POLYGON ((8.2056722 50.0039862, 8.2066474 50.0042793, 8.2056389 50.0056447, 8.2046823 50.0053707, 8.2056722 50.0039862))",,,,,,,,,park,,,,,,"[1147804231, 1147804224, 1147804222, 1147804228, 1147804231]",,,,,,,,,,,,,,,,,,
way,99588388,"POLYGON ((8.2241307 50.0050371, 8.2242017 50.0049484, 8.2247358 50.0041013, 8.2248212 50.0039294, 8.2248414 50.0038906, 8.2249599 50.0036992, 8.2249522 50.0036731, 8.2245696 50.0036124, 8.2244955 50.0036327, 8.2239413 50.0048275, 8.2239254 50.0048711, 8.223973 50.0049368, 8.2241307 50.0050371))",,,,,,,,,park,,,,,,"[1151656488, 1151657401, 1151657092, 1151656662, 1151656338, 6530507643, 1561849708, 1561849701, 1151656949, 1151656539, 1151656237, 1151657144, 1151656488]",,,,,,,,,,,,,,,,,,
way,99951550,"POLYGON ((8.2257476 50.0056669, 8.2248751 50.005445, 8.2248237 50.005511, 8.2245954 50.0054483, 8.2245701 50.0055963, 8.2245651 50.0057276, 8.2245981 50.0057606, 8.2249217 50.0057749, 8.2251637 50.0057777, 8.2254396 50.0057749, 8.2256263 50.0057659, 8.2257149 50.0056984, 8.2257476 50.0056669))",,,,,,,,,park,,,,,,"[1155409324, 1155409179, 1155409416, 1155409305, 1155409352, 1155409248, 1155409181, 1155409507, 1155409306, 1155409214, 1155409117, 1155409456, 1155409324]",,,,,,,,,,,,,,,,,,
way,117402321,"POLYGON ((8.2177883 49.9996776, 8.2178323 49.9996701, 8.2178779 49.9996708, 8.2179213 49.9996798, 8.217959 49.9996963, 8.2179879 49.999719, 8.2180057 49.9997459, 8.218011 49.9997753, 8.2180031 49.9998044, 8.2179827 49.9998308, 8.2179514 49.9998525, 8.2179118 49.9998675, 8.2178672 49.9998747, 8.2178213 49.9998735, 8.2177784 49.9998641, 8.2177414 49.9998474, 8.2177131 49.9998247, 8.2176958 49.9997978, 8.2176909 49.9997688, 8.2176988 49.9997402, 8.2177189 49.9997141, 8.2177495 49.9996927, 8.2177883 49.9996776))",,,,,,,,,park,,,,,,"[1322558816, 6471080892, 6471080891, 6471080890, 6471080889, 6471080888, 1322558952, 6471080887, 6471080886, 6471080885, 6471079584, 6471079583, 6471079582, 6471080893, 6471079581, 6471079580, 6471079579, 6471079578, 6471079577, 6471079576, 6471079575, 6471079574, 1322558816]",,,,,,,,,,,,,,,,,,
way,125669093,"POLYGON ((8.2406848 49.9744798, 8.2419478 49.9743538, 8.2438091 49.9748327, 8.2439235 49.9746598, 8.2435346 49.9745382, 8.2434553 49.9744747, 8.2433498 49.9743849, 8.2431429 49.9742129, 8.2430269 49.9739637, 8.2432727 49.9738309, 8.2431781 49.9737309, 8.2422073 49.9740513, 8.2422152 49.9741754, 8.2418382 49.9742566, 8.2417217 49.9741485, 8.2406209 49.9742659, 8.2406848 49.9744798))",,,,,,,,,park,,,,,,"[1392982359, 1395218839, 1395218842, 1392982449, 2041278027, 5879596219, 5879596220, 1392982419, 1392982409, 2041278018, 1392982439, 1392982445, 1392982391, 1395218836, 1392982336, 1392982416, 1392982359]",Bing,,,,,,,,,,,,,,,,,
way,143029860,"POLYGON ((8.2625038 50.0035141, 8.26263 50.0036427, 8.2626805 50.0036942, 8.2627388 50.0037536, 8.2627979 50.0038138, 8.2628538 50.0038707, 8.2629124 50.0039305, 8.2629796 50.0039989, 8.2631715 50.0041945, 8.2632034 50.0042271, 8.2632891 50.0043144, 8.263367 50.0043937, 8.2634208 50.0044486, 8.2634889 50.004518, 8.2635435 50.0045736, 8.2636042 50.0046354, 8.2636741 50.0047066, 8.2637357 50.0047695, 8.2638106 50.0048458, 8.2638858 50.0049224, 8.2639538 50.0049917, 8.2640073 50.0050462, 8.2640524 50.0050922, 8.2640843 50.0051247, 8.2642012 50.0052438, 8.2646394 50.0056903, 8.2647067 50.0056841, 8.2648583 50.0056086, 8.264945 50.0055723, 8.2649913 50.0055548, 8.2645633 50.0051196, 8.2641717 50.0047216, 8.2636549 50.0041961, 8.2635513 50.0040909, 8.2635243 50.0040634, 8.2633252 50.0038609, 8.2628444 50.0033721, 8.2627865 50.0033964, 8.2626646 50.0034471, 8.262547 50.0034959, 8.2625038 50.0035141))",,,,,,,,,park,,,,,,"[203775087, 1783982384, 1783982386, 1783982387, 1783982388, 1783982389, 1783982392, 1783958111, 1783958147, 1783958153, 1783958167, 1783982402, 1783982404, 1783982406, 1783982407, 1783982409, 1783982412, 1783982415, 1783958213, 1783982418, 1783982420, 1783982422, 1783958249, 1783958260, 1783958304, 203775088, 1783958359, 1783958329, 1783958324, 203775089, 1783958256, 1783958192, 1783958149, 1783958123, 1783958115, 1783958087, 203775090, 1783958066, 1783958067, 1783958070, 203775087]",,HiRes aerial imagery,,,,,,,,,,,,,,,,
way,148118570,"POLYGON ((8.2591548 49.9958762, 8.2597384 49.9962057, 8.2596635 49.996239, 8.2594754 49.9962933, 8.2590224 49.9963875, 8.2589575 49.9964366, 8.2589317 49.9964776, 8.2589325 49.9964992, 8.2589904 49.9967702, 8.2590294 49.9969828, 8.2591272 49.9971836, 8.2591836 49.9972249, 8.2587176 49.9975321, 8.2589754 49.9975924, 8.2591548 49.9977209, 8.2605528 49.9970075, 8.2614772 49.9977094, 8.2616498 49.9977347, 8.2618391 49.9977968, 8.2613072 49.9973546, 8.2607546 49.9969492, 8.2606367 49.9968202, 8.2603948 49.996524, 8.2608018 49.996408, 8.2604075 49.9957823, 8.2609995 49.9956257, 8.2606923 49.9950778, 8.2605983 49.9950964, 8.2595906 49.9956047, 8.2591548 49.9958762))",,,,,,,,,park,,,,,,"[1612203757, 1612203762, 1612203764, 1612203765, 1612203766, 9048086964, 9048086965, 9048086966, 9048086967, 1612203777, 9048086968, 1612203780, 1612203785, 4728576595, 1612203806, 5411711965, 5411711966, 5411711967, 5411711968, 5411711969, 1612203775, 1612203773, 1612203771, 1612203770, 1612203753, 1612203745, 1612203689, 1612203691, 1612203744, 1612203757]",Bing;survey,,,,,,,,,,,,,,,,,
way,149827309,"POLYGON ((8.207819 49.9628539, 8.2081887 49.9620876, 8.2073017 49.9618829, 8.2073827 49.9617159, 8.2052912 49.9612963, 8.2053401 49.9611954, 8.2053696 49.961111, 8.205572 49.961162, 8.2057097 49.9610087, 8.2061164 49.9611473, 8.2070536 49.9600596, 8.2092721 49.9614525, 8.2088839 49.9622546, 8.2087868 49.9624067, 8.2089105 49.9624451, 8.2086747 49.9629221, 8.2086062 49.9629669, 8.2085088 49.9629871, 8.207819 49.9628539))",,,,,private,,,,park,,,,,,"[1627734573, 1627734569, 258547846, 258547837, 258549408, 258547839, 4555137881, 1627734566, 258549415, 675032429, 3208487868, 1627734570, 3192160348, 1627734571, 1627734572, 5637305924, 5637305923, 1627734574, 1627734573]",,,,,,,,,,,,,,,,,,
way,149829248,"POLYGON ((8.2081126 49.9635023, 8.2079462 49.9633829, 8.2071182 49.9632168, 8.207145 49.9631747, 8.2067212 49.9630886, 8.2065655 49.9630619, 8.2066862 49.9628033, 8.2070794 49.9628657, 8.2108169 49.9636022, 8.2108876 49.963647, 8.2108346 49.9638123, 8.210053 49.9636749, 8.2097448 49.9643041, 8.2079059 49.9639552, 8.2081126 49.9635023))",,,,,,,,,park,,,,,,"[1627758298, 1627758294, 1627758291, 1627758290, 1627758288, 1627758287, 1627758283, 1627758284, 1627758299, 1627758303, 1627758314, 1627758304, 1627758371, 1627758326, 1627758298]",,,,,,,,,,,,,,,,,,
way,149829250,"POLYGON ((8.2121168 49.9666493, 8.212226 49.9666204, 8.2134583 49.964073, 8.2134585 49.9639204, 8.2103904 49.9633191, 8.2105294 49.9630248, 8.2095555 49.9628345, 8.2094165 49.9631287, 8.2091291 49.9630883, 8.2089995 49.9630188, 8.2091508 49.9626903, 8.2091929 49.9625865, 8.209516 49.9626464, 8.2096226 49.9625189, 8.2095898 49.9624858, 8.2099858 49.9621273, 8.2115759 49.9623936, 8.2143571 49.9639063, 8.2144006 49.9640825, 8.214087 49.9640414, 8.2146976 49.9649885, 8.2146298 49.9651422, 8.2144541 49.9655259, 8.2136642 49.9672283, 8.2128947 49.9670991, 8.2120496 49.9669419, 8.2119491 49.9668995, 8.2104748 49.9666146, 8.2081562 49.9661929, 8.2082944 49.9659253, 8.2121168 49.9666493))",,,,,,,,,park,,,,,,"[1627758778, 1627758777, 1627758345, 1627758334, 1474048546, 5637305946, 1474048547, 1474048544, 1627758289, 1627758285, 1627758282, 258552880, 258552881, 4151814801, 258552883, 4151814800, 4151814799, 503714352, 503714353, 258552887, 503714356, 503714357, 503714358, 258207724, 738096965, 738096964, 738096971, 2399898107, 1627758761, 258574662, 1627758778]",,,,,,,,,,,,,,,,,,
way,151795008,"POLYGON ((8.2379181 49.9826197, 8.2384441 49.9827471, 8.2385537 49.9825406, 8.2385374 49.9825142, 8.2379826 49.9826094, 8.237973 49.9825863, 8.2379328 49.9825951, 8.2379184 49.9826013, 8.2379161 49.9826091, 8.2379181 49.9826197))",,,Platz der Jakobiner,,,,,,park,,,,,,"[1646334546, 1646334554, 1646334537, 1646334535, 5421897727, 1646334538, 1646334539, 1646334541, 1646334545, 1646334546]",,,,,,,,,,,,,,,,,,
way,155202111,"POLYGON ((8.2582269 49.9927036, 8.2582044 49.9927247, 8.2572876 49.9923118, 8.2573156 49.9922869, 8.2574662 49.9921546, 8.257609 49.9920265, 8.2576386 49.9920002, 8.2585445 49.9924116, 8.2585201 49.9924335, 8.2583716 49.9925671, 8.2582269 49.9927036))",,,,,,,,,park,,,,,,"[1676182409, 5461620152, 1676182392, 5461620147, 5461620148, 5461620149, 1676182391, 1676182406, 5461620150, 5461620151, 1676182409]",,,,,,,,,,,,,,,,,,
way,157458495,"POLYGON ((8.2679812 50.0109924, 8.2681 50.0109607, 8.2686972 50.0104406, 8.2687395 50.0103529, 8.268745 50.0103413, 8.2687484 50.0103343, 8.2687743 50.0102804, 8.2688017 50.0102234, 8.2690191 50.0100389, 8.268994 50.0100273, 8.2689792 50.0100204, 8.2689615 50.0100113, 8.2689187 50.0099894, 8.2688598 50.0099591, 8.2674921 50.0110992, 8.2673969 50.0111801, 8.2672882 50.0112725, 8.2671933 50.0113531, 8.2668914 50.0116095, 8.2667306 50.0117435, 8.2668961 50.0119394, 8.2670546 50.0118187, 8.267077 50.0117423, 8.2674369 50.0114507, 8.2675491 50.0113591, 8.2677087 50.0112238, 8.2678814 50.0110752, 8.2678892 50.0110688, 8.2679011 50.0110588, 8.2679812 50.0109924))",,,,,,,,,park,,,,,,"[1696740876, 1696740877, 1696740852, 1844322848, 1844322845, 1844322842, 8390558736, 1696740855, 1696740842, 1844322811, 1844322810, 8390558735, 8390558747, 1696740861, 1844322899, 1844322921, 1844322947, 1844322962, 1844323015, 883464694, 883464696, 1696740844, 1696740849, 1844323003, 1844322966, 1844322932, 1844322892, 1844322881, 1844322880, 1696740876]",,,,,,,,,,,,,,,,,,
way,172564806,"POLYGON ((8.2711827 50.0027107, 8.2712599 50.0025466, 8.2712855 50.0025418, 8.2713111 50.00254, 8.2713577 50.0025512, 8.2714231 50.0026159, 8.271515 50.002721, 8.2715179 50.0027418, 8.2715049 50.0027646, 8.271479 50.0027736, 8.2712306 50.0027359, 8.2711965 50.0027272, 8.2711827 50.0027107))",,,Dr.-Maria-Herr-Beck-Platz,,,,,,park,,,,,,"[1834548995, 1834548990, 5424621854, 4397913103, 4397913104, 4397913101, 4397913102, 5424621853, 5424621852, 1834548992, 10577183794, 10577183795, 1834548995]",,,Q1895945,,,,,,,,,,,,,,,
way,182334086,"POLYGON ((8.2165463 50.0194112, 8.2162611 50.0186684, 8.2161678 50.0185884, 8.2162145 50.0180821, 8.2168314 50.0182586, 8.2168262 50.0186151, 8.2169869 50.0190614, 8.2169247 50.0193279, 8.2170958 50.0193712, 8.2169507 50.0194245, 8.2168055 50.0194312, 8.2165463 50.0194112))",,,,,,,,,park,,,,,,"[1926894923, 1926894905, 1926894901, 1926894868, 1926894876, 1926894903, 1926894914, 1926894919, 1926894922, 1926894924, 1926894926, 1926894923]",,,,,,,,,,,,,,,,,,
way,182334087,"POLYGON ((8.212816 50.0190918, 8.2124372 50.018962, 8.2121701 50.0190547, 8.2121377 50.0189087, 8.2122465 50.0182106, 8.2127757 50.0181923, 8.2128557 50.018809, 8.212816 50.0190918))",,,,,,,,,park,,,,,,"[1926894918, 2329881209, 2329881211, 1926894913, 1926894872, 1926894874, 1926894909, 1926894918]",,,,,,,,,,,,,,,,,,
way,191438655,"POLYGON ((8.2645628 50.0059131, 8.264655 50.0059962, 8.2637593 50.0064091, 8.2636399 50.0064601, 8.263573 50.0064855, 8.2634842 50.0065191, 8.2634537 50.0065266, 8.2634274 50.0065315, 8.2633972 50.0065364, 8.2633809 50.0065331, 8.2633705 50.0065221, 8.263372 50.006509, 8.2634009 50.006475, 8.2634531 50.0064141, 8.2634859 50.0063922, 8.2635416 50.0063547, 8.2636735 50.0062997, 8.2638018 50.0062584, 8.2645628 50.0059131))",,,,,,,,,park,,,,,,"[2020145355, 2020145358, 3928522697, 2020145356, 8480381710, 6474593564, 10857694680, 6474593560, 6474593561, 6474593559, 6474593562, 2020145352, 10857694679, 6474593563, 8480381711, 2020145360, 6474715316, 6474715315, 2020145355]",,,,,,,,,,,,,,,,,,
way,196153757,"POLYGON ((8.2066447 50.0089382, 8.2069577 50.0090697, 8.2071985 50.0087963, 8.207355 50.0087654, 8.2076118 50.0088066, 8.2078607 50.0084688, 8.2074746 50.0084024, 8.207135 50.0084941, 8.2069266 50.0087099, 8.2066447 50.0089382))",wood,,,,,,,,park,,,,,,"[2065156258, 2065156267, 2065156220, 2065156215, 2065156225, 2065156171, 2595620449, 2595620450, 2595620452, 2065156258]",,,,,,,,,,,,,,,,,,
way,196153758,"POLYGON ((8.2059986 50.0083159, 8.2058961 50.0083397, 8.205687 50.0086424, 8.2054963 50.0085402, 8.2054396 50.0083834, 8.2055361 50.0082065, 8.2055928 50.0081846, 8.2064583 50.0069426, 8.2066144 50.0069243, 8.2069069 50.0070001, 8.2064323 50.0076748, 8.2059986 50.0083159))",wood,,,,,,,,park,,,,,,"[999207809, 848094699, 848094673, 2065156184, 2065156163, 2065156152, 2065156151, 2065156070, 2065156069, 2065156081, 2065156113, 999207809]",,,,,,,,,,,,,,,,,,
way,196155117,"POLYGON ((8.2064936 50.0091383, 8.2068489 50.0091363, 8.2065376 50.0096629, 8.2069438 50.0097583, 8.2071114 50.0096403, 8.2072523 50.0097473, 8.2073583 50.010023, 8.2063602 50.0100072, 8.2059942 50.0098316, 8.2062407 50.0095128, 8.2064936 50.0091383))",wood,,,,,,,,park,,,,,,"[2065165952, 2065165949, 2065165956, 2065165959, 2065165958, 2065165960, 1321669295, 2065165963, 2065165961, 2065165954, 2065165952]",,,,,,,,,,,broadleaved,,,,,,,
way,196200595,"POLYGON ((8.207547 50.0062323, 8.2099407 50.0068575, 8.211338 50.0071927, 8.2109978 50.0077537, 8.2106715 50.0077466, 8.2072867 50.0067672, 8.207547 50.0062323))",,,,,private,,,,park,,,,,,"[2065526970, 2065527013, 2065527087, 2065527215, 2065527211, 2065526994, 2065526970]",,,,,,,,,,,,,,,,,,
way,200500991,"POLYGON ((8.226195 50.0189023, 8.2264686 50.0186239, 8.2270251 50.0180576, 8.2266448 50.017967, 8.2257139 50.0182886, 8.2251289 50.0186114, 8.226195 50.0189023))",,,Franz-Vlasdeck-Anlage,,,,,,park,,,,,,"[2104779034, 10911345852, 2104779031, 2104779030, 2104779032, 2104779033, 2104779034]",,,,,,,,,,,,,,,,,,
way,204587272,"POLYGON ((8.2562588 49.9872927, 8.2564808 49.9872233, 8.2570107 49.9870238, 8.257314 49.987326, 8.2566125 49.9876396, 8.2562588 49.9872927))",,,,,,,,,park,,,,,,"[2145830611, 2145830608, 2145830601, 2145830612, 2145830627, 2145830611]",Bing,,,,,,grass,,,,,,,,,,,
way,204587273,"POLYGON ((8.257314 49.987326, 8.2581071 49.9869764, 8.2580851 49.9869581, 8.2577703 49.9866962, 8.2577403 49.9866738, 8.2575376 49.9867868, 8.2572314 49.9869314, 8.2570107 49.9870238, 8.257314 49.987326))",,,,,,,,,park,,,,,,"[2145830612, 5829410142, 8894956528, 8894956527, 2145830587, 2145830593, 5343032344, 2145830601, 2145830612]",Bing,,,,,,grass,,,,,,,,,,,
way,218657179,"POLYGON ((8.2172299 50.0180006, 8.2181159 50.0179713, 8.2201075 50.018346, 8.2201074 50.0186879, 8.2201074 50.018775, 8.2169052 50.0182012, 8.2169701 50.0178639, 8.2171649 50.018006, 8.2172299 50.0180006))",,,,,,,,,park,,,,,,"[2278857827, 2278857823, 2278857852, 2278857904, 1926894907, 1926894870, 1926894862, 9882647576, 2278857827]",,,,,,,,,,,,,,,,,,
way,218976768,"POLYGON ((8.2645698 49.9988983, 8.2645246 49.9989481, 8.2646506 49.9989943, 8.2646376 49.999009, 8.2648726 49.9990951, 8.2651208 49.9991867, 8.2652332 49.9992287, 8.26527 49.9991873, 8.2653807 49.9990639, 8.2653908 49.9990512, 8.2658195 49.9993122, 8.2660141 49.9991996, 8.2657389 49.9990359, 8.2658579 49.9989539, 8.2659402 49.9990032, 8.266231 49.9988027, 8.2661087 49.9987294, 8.2660863 49.9986922, 8.2659605 49.9986191, 8.266246 49.9984239, 8.2662076 49.9984302, 8.265757 49.9985046, 8.2657069 49.9985134, 8.2648922 49.9986712, 8.2643195 49.9988001, 8.2645553 49.9988926, 8.2645698 49.9988983))",,,Romano-Guardini-Platz,,,,,,park,,,,,,"[2281829389, 2281829395, 2281829391, 263686273, 263686272, 5851094004, 2281829387, 5851094021, 5851094020, 2281829397, 2281829400, 2281829388, 263686504, 263686503, 263686511, 263686510, 263686509, 1740189961, 1740189970, 1740189965, 5795429880, 2281829393, 5795429879, 5795429878, 2281829398, 5795429881, 2281829389]",,,Q44872,,,,,,,,,square,,,,,,
way,233232806,"POLYGON ((8.1710877 49.9888417, 8.1713056 49.9889119, 8.1713815 49.9889106, 8.1713684 49.9889355, 8.1714626 49.9889546, 8.1715038 49.9888525, 8.1715362 49.9887666, 8.1711826 49.9887124, 8.171093 49.9888333, 8.1710877 49.9888417))",,,,limited,,,,,park,,,,,,"[8855418207, 4460681533, 8855418200, 8855418201, 2415860877, 8855418204, 2415860970, 2415860931, 8855418206, 8855418207]",,,,,,,,,,,,,,,,,,
way,234822824,"POLYGON ((8.2633738 50.0113249, 8.2637917 50.0111047, 8.2646286 50.0117446, 8.2647544 50.0119245, 8.2654694 50.0124963, 8.2654709 50.0125208, 8.2651661 50.0127152, 8.264287 50.0120768, 8.263307 50.0113593, 8.2633738 50.0113249))",,,Feldbergplatz,,,,,,park,,,,,,"[1748826370, 1269638318, 6534797478, 6534797477, 7787365805, 255326633, 2429520178, 6534797476, 6534797468, 1748826370]",,,Q677873,,Q2694354,de:Feldbergplatz,,,,,,,,,,,,
way,236704694,"POLYGON ((8.2685993 49.9980111, 8.2686229 49.9980174, 8.2687316 49.9978695, 8.2687019 49.9978622, 8.2686829 49.9978533, 8.2686703 49.9978407, 8.2686651 49.9978251, 8.2686674 49.9978088, 8.268675 49.9977991, 8.2686919 49.9977843, 8.2685167 49.9978784, 8.2684833 49.9978961, 8.268455 49.9979138, 8.2684365 49.9979361, 8.2684506 49.9979556, 8.2684957 49.9979808, 8.2685993 49.9980111))",,,,,,,,,park,,,,,,"[2446963965, 9310338163, 9310338161, 9310338164, 9310338166, 9310338160, 9310338167, 9310338159, 9310338165, 9310338162, 239968113, 5616705539, 5616705538, 5798466831, 5616705537, 2446963960, 2446963965]",,,,,,,,,,,,,,,,,,
way,237299072,"POLYGON ((8.2686514 50.0003901, 8.2685554 50.0002731, 8.2692064 49.999995, 8.2694124 49.9999078, 8.2696099 49.9998178, 8.269668 49.9997943, 8.2697168 49.9997896, 8.2697592 49.9997922, 8.269804 49.9998022, 8.2698314 49.9998145, 8.2698525 49.999831, 8.2698553 49.9998511, 8.269853 49.9998697, 8.2698394 49.9998945, 8.2698185 49.9999157, 8.2697887 49.9999346, 8.2694472 50.0000749, 8.2686768 50.0003822, 8.2686514 50.0003901))",,,,,,,,,park,,,,,,"[2450879868, 160522333, 2452217994, 1368677266, 160521809, 1424240374, 1885925161, 160521808, 1885925162, 1885925164, 160525169, 1885925168, 160516154, 1885925174, 160521807, 1424240375, 1368677270, 7796094696, 2450879868]",,,,,,,,,,,,,,,,,,
way,237911925,"POLYGON ((8.2645943 50.0074733, 8.2642853 50.0071947, 8.2651878 50.0067972, 8.2654733 50.0070931, 8.2645943 50.0074733))",,,117er Ehrenhof,,,,,,park,,,,,,"[2457837123, 2457837118, 2457837116, 2457837117, 2457837123]",,,,,,,,,,,,,,,,,,
way,239559745,"POLYGON ((8.2366178 49.9921017, 8.2367794 49.9921345, 8.2366489 49.9924, 8.2370638 49.9924843, 8.2374308 49.9925588, 8.2374538 49.992512, 8.2375859 49.9925388, 8.237437 49.9928418, 8.2371461 49.9927835, 8.2370846 49.9929086, 8.2370728 49.9929317, 8.2362896 49.9927696, 8.2366178 49.9921017))",,,Reaktorwiese,,,,,,park,,,,,,"[2473372767, 2473372771, 2473372778, 471072953, 1735302640, 1735302639, 471072998, 471072985, 2175095400, 2175095398, 2473372831, 2473372820, 2473372767]",,,,,,,,,,,,,,,,,,
way,253662688,"POLYGON ((8.2073011 50.008227, 8.2069978 50.0082237, 8.206745 50.0083243, 8.2065443 50.0086209, 8.2064721 50.0087293, 8.2065446 50.0087372, 8.2067183 50.0085884, 8.2069459 50.0083801, 8.2073087 50.0083057, 8.2073011 50.008227))",wood,,,,,,,,park,,,,,,"[2595620446, 2065156153, 2065156157, 2065156192, 2065156207, 2595620453, 2595620451, 2595620448, 2595620447, 2595620446]",,,,,,,,,,,,,,,,,,
way,283053840,"POLYGON ((8.2208993 50.0192508, 8.2208052 50.018886, 8.220747 50.018713, 8.2208179 50.0186939, 8.2209682 50.0189007, 8.221049 50.0192258, 8.2211867 50.0192547, 8.2219622 50.0192797, 8.2219958 50.0193772, 8.2220651 50.0193901, 8.2220188 50.0195762, 8.2218134 50.0200548, 8.2217066 50.0199627, 8.221623 50.0199543, 8.221522 50.0199443, 8.2215212 50.0199324, 8.2215194 50.0199063, 8.2215174 50.0198781, 8.2215639 50.0197972, 8.2214415 50.0196806, 8.2211455 50.0197859, 8.2208872 50.0197833, 8.2208993 50.0192508))",,,De-La-Roche-Anlage,,,,,,park,,,,,,"[2869723761, 2869723758, 2869723757, 2869723756, 2869723759, 2869723760, 2869723762, 2869723763, 8063081424, 8063081423, 2869723764, 2869723767, 8063081426, 1780555874, 8063081427, 9853344915, 9853344914, 8063081428, 8063081429, 2869723765, 8063081425, 2869723766, 2869723761]",,,,,,,,,,,,,,,,,,
way,304213889,"POLYGON ((8.2687246 49.996033, 8.2691939 49.9961428, 8.2692302 49.9961352, 8.2693467 49.996111, 8.2694825 49.9959522, 8.269565 49.9957932, 8.2695375 49.9957339, 8.2694256 49.9958084, 8.2694256 49.9958879, 8.2693667 49.9959964, 8.2691291 49.996052, 8.2690329 49.9960229, 8.2688581 49.9960128, 8.268758 49.9960154, 8.2687246 49.996033))",,,,,,,,,park,,,,,,"[3087403870, 3087403871, 4818454007, 3087403872, 3087403873, 3087403874, 3087403875, 3087403876, 3087403877, 3087403878, 3087403879, 3087403880, 3087403881, 3087403882, 3087403870]",,,,,,,,,,,,,,,,,,
way,313864750,"POLYGON ((8.2722821 49.9878449, 8.2728071 49.988674, 8.2734944 49.9885333, 8.2736196 49.9886673, 8.2743471 49.9888067, 8.2743649 49.9887687, 8.2745168 49.9884459, 8.2736414 49.9883093, 8.2735758 49.9882907, 8.2735325 49.9882507, 8.2731272 49.9875989, 8.2722821 49.9878449))",,,,,,,,,park,,,,,,"[3199066532, 5372071588, 5372071587, 5372071586, 5372071585, 5372071584, 3199066537, 3199066538, 3199066541, 3199066539, 3199066540, 3199066532]",,,,,,,,,,,,,,,,,,
way,318300572,"POLYGON ((8.1816829 49.9869668, 8.1817954 49.9871307, 8.182041 49.9870686, 8.1819273 49.9868989, 8.1816829 49.9869668))",,,,,,,,,park,,,,,,"[3246970863, 3246970864, 3246970865, 3246970867, 3246970863]",,,,,,,,,,,,,,,,,,
way,322318425,"POLYGON ((8.21223 50.0061068, 8.2119222 50.0060276, 8.2121076 50.00573, 8.2124154 50.0058092, 8.21223 50.0061068))",,,,,,,,,park,,,,,,"[3290908393, 3290908391, 3290908395, 3290908388, 3290908393]",,,,,,,,,,,,,,,,,,
way,325683887,"POLYGON ((8.1786557 49.9892144, 8.1787628 49.9891792, 8.1787464 49.9891388, 8.1787358 49.9891115, 8.1787158 49.9890862, 8.1786963 49.989069, 8.1786669 49.989052, 8.178623 49.9890331, 8.1785759 49.9890234, 8.1785228 49.9890179, 8.1784766 49.9890221, 8.178434 49.98903, 8.1783973 49.9890433, 8.178367 49.9890608, 8.178339 49.9890868, 8.1783227 49.9891074, 8.1783119 49.9891292, 8.1783049 49.9891522, 8.1783069 49.989177, 8.1783179 49.9892045, 8.1783345 49.9892289, 8.1783762 49.9892678, 8.1784189 49.9893013, 8.178494 49.9892749, 8.1784795 49.9892572, 8.1786412 49.9891968, 8.1786557 49.9892144))",,,,,,,,,park,,,,,,"[3323020676, 3323020677, 3323020678, 8857510424, 3323020679, 8857510423, 8857502113, 8857510422, 8857502114, 8857510421, 3323020680, 8857510420, 3323020681, 8857510419, 3323020682, 8857510418, 3323020683, 8857510417, 3323020684, 8857502116, 8857502111, 8857502115, 8857502112, 3323020685, 3323020686, 3323020687, 3323020676]",,,,,,,,,,,,,,,,,,
way,325689419,"POLYGON ((8.1787181 49.986851, 8.178673 49.9867137, 8.1786138 49.9866202, 8.1785565 49.9865753, 8.1785659 49.9864881, 8.1786197 49.9859212, 8.1786251 49.9858116, 8.1786194 49.9857262, 8.1785138 49.9855945, 8.1784049 49.9854331, 8.1781541 49.9855149, 8.1784201 49.9857117, 8.1784518 49.9858543, 8.1784224 49.9860166, 8.1783861 49.986277, 8.1783741 49.9864454, 8.1783493 49.9865878, 8.1782479 49.9866327, 8.1784187 49.986768, 8.1785559 49.9868915, 8.17868 49.9868605, 8.1787181 49.986851))",,,,,,,,,park,,,,,,"[3296504527, 8925896784, 8925896783, 8925896782, 3296504536, 8925896779, 8925896780, 3296504537, 3323057777, 3323057778, 3323057779, 3323057780, 8925896812, 8925896811, 3323057781, 3323057782, 3323057783, 3323057784, 8925896810, 3323057785, 8925897322, 3296504527]",,,,,,,,,,,,,,,,,,
way,337775460,"POLYGON ((8.1734758 49.986927, 8.1734523 49.9869063, 8.17344 49.9869003, 8.1722343 49.9867543, 8.1721093 49.9870441, 8.17334 49.9872195, 8.1734227 49.98713, 8.1733325 49.9870889, 8.1734758 49.986927))",,,Ehemaliger Friedhof,yes,,,,,park,,,,,,"[457522971, 457522965, 8856189657, 8856189660, 457522969, 3448323217, 3448323216, 3448323215, 457522971]",bing,,,,,,,,,,,,Dogs not allowed,,,,,
way,359177646,"POLYGON ((8.2132749 50.0035496, 8.2135078 50.0036104, 8.2139242 50.0035448, 8.2140324 50.0035679, 8.2144623 50.0033535, 8.2135274 50.0031004, 8.2135004 50.003136, 8.2132059 50.0035039, 8.2131907 50.0035264, 8.2132749 50.0035496))",,,Josef-Ludwig-Platz,,,,,,park,,,,,,"[3639349857, 3639349866, 3639349856, 3639349859, 3639349848, 3639349844, 3639349846, 3639349853, 3639349854, 3639349857]",,,,,,,,,,,,,,,,,,
way,363531787,"POLYGON ((8.2175087 50.0161502, 8.2170608 50.0162846, 8.2172017 50.0163337, 8.2172431 50.0163466, 8.2172681 50.0163568, 8.2172834 50.0163622, 8.2175871 50.01656, 8.2176034 50.0165707, 8.2176277 50.0165865, 8.2176697 50.0166138, 8.2177206 50.0166103, 8.2177045 50.0165104, 8.2176697 50.0163984, 8.2175087 50.0161502))",,,,,,,,,park,,,,,,"[3676959440, 3676959443, 3676968446, 3732189244, 3676968447, 3676959442, 3676968453, 3732189242, 3676968449, 3676959445, 3676959444, 3676959441, 3676959439, 3676959440]",,,,,,,,,,,,,,,,,,
way,380533346,"POLYGON ((8.2875672 49.9912034, 8.2873552 49.9912463, 8.2871186 49.9907765, 8.2873278 49.9906963, 8.2876926 49.9906972, 8.2877211 49.9905863, 8.2887784 49.990515, 8.2888074 49.9905498, 8.288919 49.990651, 8.2890632 49.9907308, 8.2886078 49.9908767, 8.2875672 49.9912034))",,,,,,,,,park,,,,,,"[3838525658, 3838525253, 3838525255, 5356108270, 3838525660, 5356108271, 3838525669, 3838525674, 3838525254, 3838525671, 8665825590, 3838525658]",,,,,,,,,,,,,,,,,,
way,392462269,"POLYGON ((8.2327366 50.0099423, 8.23287 50.0095844, 8.2331265 50.0096239, 8.2329931 50.0099818, 8.2327366 50.0099423))",,,,,,,,,park,,,,,,"[2471545026, 3956850823, 3956850824, 3956850825, 2471545026]",,,,,,,,,,,,,,,,,,
way,411687064,"POLYGON ((8.2319838 49.9970192, 8.2315466 49.997833, 8.2311389 49.9976433, 8.2315331 49.9973062, 8.2312864 49.9971726, 8.2317421 49.9968362, 8.2341488 49.9973517, 8.234084 49.997483, 8.2350851 49.9976921, 8.2350991 49.9976647, 8.235127 49.9976101, 8.2356628 49.9977279, 8.2357222 49.9977409, 8.2355608 49.9981008, 8.236138 49.9981867, 8.2364903 49.9982845, 8.2364147 49.9984554, 8.2366352 49.9985483, 8.236758 49.9986933, 8.2362135 49.9988692, 8.2359914 49.9985733, 8.233727 49.9975559, 8.2336709 49.9976088, 8.2326847 49.9971841, 8.2325417 49.9973088, 8.2319838 49.9970192))",,,,,,24/7,,,park,,,,,,"[4133111930, 4133111929, 4133111910, 4133111917, 4133111916, 4133111908, 4133111927, 4133111919, 4133111914, 10801780919, 4133111925, 10801780923, 4133111922, 4133111931, 10801780915, 4133111923, 4133111918, 4133111909, 4133111913, 4133111928, 4133111921, 4133111920, 4133111912, 4133111907, 4133111915, 4133111930]",,,,,,,,yes,,,,,,Gr√ºnstreifen,,,,
way,413355708,"POLYGON ((8.2568523 49.9913256, 8.2571288 49.9910645, 8.2565812 49.9908154, 8.2564772 49.9907614, 8.256234 49.9909788, 8.2562142 49.990998, 8.2561719 49.9910356, 8.2562554 49.9910732, 8.2562938 49.9910379, 8.2566945 49.9912184, 8.2566681 49.9912426, 8.2568523 49.9913256))",,,,,,,,,park,,,,,,"[4146886090, 4146886099, 5461589086, 4146886101, 4146886107, 4146886106, 4146886103, 5461589084, 5461589085, 4146886095, 4146886096, 4146886090]",,,,,,,,,,,,,,,,,,
way,459422799,"POLYGON ((8.2305839 50.0109464, 8.2306596 50.0107344, 8.2318475 50.0109202, 8.2317688 50.0111296, 8.2305839 50.0109464))",,,,,,,,,park,,,,,,"[4552743915, 4552743914, 4552743913, 4552743912, 4552743915]",,,,,,,,,,,,,,,,,,
way,464867688,"POLYGON ((8.2670793 49.9582091, 8.2670303 49.9585522, 8.2669906 49.9586436, 8.2669972 49.958737, 8.267029 49.9588194, 8.2671025 49.9589356, 8.2671352 49.9590706, 8.2671153 49.9591062, 8.2670646 49.9591477, 8.2670185 49.9591606, 8.2667869 49.9591715, 8.265261 49.9592577, 8.2652151 49.959254, 8.2651802 49.9592422, 8.2651552 49.9592285, 8.2649517 49.9589301, 8.2648134 49.9587888, 8.264664 49.9586712, 8.2645224 49.9585615, 8.2643624 49.9584802, 8.2640054 49.958332, 8.2639855 49.9583096, 8.2639855 49.9582756, 8.2640336 49.9580809, 8.2640525 49.95795, 8.2644492 49.9579839, 8.2670793 49.9582091))",,,,,,,,,park,,,,,,"[674994489, 4599298761, 4599298784, 4599298762, 4599298783, 4599298782, 4599298763, 4599298781, 4599298778, 4599298764, 4599298765, 4599298769, 674994436, 4599298766, 4599298770, 4599298759, 4599298760, 674994435, 4599298758, 4599298757, 674994434, 4599298767, 4599298768, 804359062, 804359045, 804359034, 674994489]",,,,,,,,,,,,,,,,,,
way,486130147,"POLYGON ((8.2306523 50.0201943, 8.2301804 50.0198025, 8.2303305 50.0197907, 8.2304965 50.0199178, 8.230601 50.0198617, 8.2307289 50.0199532, 8.2310687 50.0197669, 8.2312467 50.019903, 8.2306523 50.0201943))",,,,,,,,,park,,,,,,"[4788385823, 4788385824, 4788385826, 4788385827, 4788385828, 4788385829, 4788385830, 4788385831, 4788385823]",,,,,,,,,,,,,,,,,,
way,497742093,"POLYGON ((8.2304198 50.0106937, 8.2306231 50.0107419, 8.2305764 50.0108718, 8.230589 50.0108736, 8.2305852 50.010886, 8.2305719 50.0108846, 8.2305571 50.010926, 8.2303427 50.010913, 8.2304198 50.0106937))",,,,,,,,,park,,,,,,"[4892617434, 4892617433, 9545105154, 9545105156, 9545105157, 9545105155, 4892617432, 4892617431, 4892617434]",,,,,,,,,,,,,,,,,,
way,502071093,"POLYGON ((8.281562 49.997319, 8.2813656 49.9972405, 8.2813178 49.9972234, 8.2806385 49.9978994, 8.2805093 49.9980338, 8.2797315 49.9988268, 8.2787663 49.9998102, 8.2789626 49.9998574, 8.2790268 49.9998833, 8.2791956 49.9997139, 8.2792144 49.9997223, 8.2792523 49.999713, 8.2792824 49.9996987, 8.2793251 49.999678, 8.2793581 49.9996539, 8.2793998 49.9996236, 8.2794546 49.9995733, 8.2798734 49.9991494, 8.2799008 49.9991247, 8.280094 49.9989298, 8.2800886 49.9989277, 8.2807976 49.998202, 8.2808103 49.9982069, 8.2810065 49.997998, 8.2810342 49.9979649, 8.2817274 49.9972606, 8.2816895 49.9972448, 8.2816454 49.9972293, 8.2816146 49.9972626, 8.281586 49.9972918, 8.281562 49.997319))",,,,,,,,,park,,,,,,"[1844388336, 1844388327, 4926595819, 504621353, 504621352, 504621357, 4926595820, 1844322134, 1619472147, 1619472141, 1619472144, 1619472139, 1619472138, 1619472130, 1619472127, 1619472124, 1619472105, 1619472100, 1619472097, 1619472082, 1619472080, 1619472056, 1619472059, 1619472048, 1619472043, 1619472032, 1619472030, 4926607021, 1619472033, 1844388335, 1844388336]",,,,,,,,,,,,,,,,,,
way,508678481,"POLYGON ((8.2147546 50.0039525, 8.2146621 50.0040784, 8.2148123 50.0041637, 8.2150631 50.0042404, 8.2153434 50.0043025, 8.2155673 50.0043206, 8.2156156 50.0043102, 8.2156451 50.0042887, 8.2156612 50.0042602, 8.2156572 50.0042344, 8.2156397 50.0042102, 8.2156035 50.0041878, 8.2153943 50.0041016, 8.2151569 50.0040223, 8.214941 50.0039732, 8.2147546 50.0039525))",,,,,,,,,park,,,,,,"[4979361324, 4979361323, 4979361322, 4979361321, 4979361120, 4979361119, 4979361118, 4979361117, 4979361116, 4979361115, 4979361114, 4979361113, 4979361112, 4979361111, 4979361110, 4979361324]",,,,,,,,,,,,,,,,,,
way,537480355,"POLYGON ((8.1739762 49.9864782, 8.1740393 49.9865037, 8.1741462 49.9865454, 8.1742878 49.986413, 8.174293 49.9863605, 8.1741534 49.9863599, 8.1741337 49.9863607, 8.174116 49.9863618, 8.1740944 49.9863618, 8.1739762 49.9864782))",,,,,,,,,park,,,,,,"[5204667359, 5204667362, 5204667348, 5204667347, 5204667346, 8865756655, 5204667364, 8865756656, 3847917530, 5204667359]",,,,,,,,,,,,,,,,,,
way,561865685,"POLYGON ((8.2641311 49.9941295, 8.263439 49.9940637, 8.2633999 49.9942622, 8.2633096 49.9946817, 8.2642398 49.99473, 8.2643374 49.9944584, 8.2640561 49.994425, 8.2641311 49.9941295))",,,,,,,,,park,,,,,,"[5417199798, 5417199799, 5411686789, 5411673289, 267037258, 267037257, 2490674194, 5417199798]",yahoo sat,,,,,,,,,,,,,,,,,
way,562747842,"POLYGON ((8.2689838 49.9997144, 8.2688057 49.9995588, 8.2689538 49.9994882, 8.2689296 49.999463, 8.2690065 49.9994004, 8.2689984 49.9993941, 8.2690359 49.9993762, 8.2690433 49.9993816, 8.2692861 49.9995869, 8.2689838 49.9997144))",,,,,,,,,park,,,,,,"[5863391037, 5424621836, 5424621837, 5863391041, 5863391040, 1368677260, 1368677257, 5863391035, 263684616, 5863391037]",,,,,,,,,,,,,,,,,,
way,573417876,"POLYGON ((8.2523405 50.0090316, 8.2522354 50.0089567, 8.2526478 50.0086126, 8.2530345 50.0082774, 8.2532972 50.0084719, 8.2532004 50.0085282, 8.2528543 50.0087294, 8.2523405 50.0090316))",,,Peter-Cornelius-Platz,,,,,,park,,,,,,"[5507354470, 5507354469, 255380381, 255380382, 255380383, 5530976807, 255380380, 5507354470]",,,Q57257,de:Peter Cornelius (Komponist),Q1494109,de:Peter-Cornelius-Platz,,,,,,,,,,,,
way,575094051,"POLYGON ((8.2720163 50.0010535, 8.2720316 50.0009796, 8.2721978 50.0009922, 8.272221 50.0010107, 8.2722349 50.0010025, 8.2722188 50.0009899, 8.2724371 50.000998, 8.272576 50.001004, 8.2725928 50.0010036, 8.2726107 50.0010031, 8.2726091 50.0010166, 8.2728641 50.0010259, 8.273025 50.0010187, 8.2730239 50.0010557, 8.2730228 50.0010907, 8.2727723 50.001093, 8.2727822 50.0014622, 8.272286 50.0014539, 8.2723234 50.0013269, 8.2722706 50.0012985, 8.2721887 50.0012636, 8.2721184 50.0012404, 8.2720919 50.0012317, 8.2719814 50.0012127, 8.2720163 50.0010535))",,,,,permissive,,,,park,,,,,,"[1782392360, 5519035879, 6175354794, 6175354793, 6175354792, 5519035880, 1782392351, 1782392352, 1782392348, 5519035884, 1782392353, 1782392345, 5519035885, 3982557088, 5519035886, 3982542484, 1782392399, 1782392396, 1782392381, 6780513508, 6780513507, 6780513536, 6780513537, 6780513506, 1782392360]",,,,,,,,,,,,,,,,,,
way,577317304,"POLYGON ((8.2404118 49.9909578, 8.2404354 49.9909143, 8.2404603 49.9908684, 8.2405021 49.990791, 8.2406577 49.9908249, 8.2409118 49.9908804, 8.2410312 49.9909064, 8.2412533 49.9909549, 8.2413311 49.9909719, 8.2415302 49.991019, 8.2415462 49.9910129, 8.2424034 49.9912082, 8.2423538 49.9913041, 8.2423001 49.9913998, 8.2418961 49.9912889, 8.2416985 49.991247, 8.2413519 49.9911722, 8.2410687 49.9911076, 8.2404118 49.9909578))",,,Rabatten,,,,,,park,,,,,,"[447754738, 6215845502, 5532618437, 5532618451, 6215845340, 5556940483, 6911902291, 6215844571, 5556940482, 5556940481, 6215845527, 5532618461, 5556940480, 5532581777, 5556940479, 5556940478, 5556940477, 6215844583, 447754738]",,,,,,,,,,,,,,,,,,
way,577391618,"POLYGON ((8.242209 49.9917839, 8.2422297 49.9916944, 8.242196 49.9916073, 8.2417793 49.9915126, 8.2417609 49.9915574, 8.2418269 49.9916484, 8.2418734 49.9916846, 8.2419097 49.9917128, 8.2419232 49.9917206, 8.2420079 49.9917697, 8.2421079 49.9917922, 8.242209 49.9917839))",,,Orient,,,,,,park,,,,,,"[5545711578, 5556888889, 5535321289, 5535321277, 5545711567, 5535321279, 5556918192, 5556918193, 5545711568, 5545711577, 5556888891, 5545711578]",,,,,,,,,,,,,,,,,,
way,586378683,"POLYGON ((8.2320268 49.991954, 8.2330888 49.9921762, 8.2331123 49.9921298, 8.233221 49.991915, 8.2331646 49.9918317, 8.2332621 49.9917984, 8.2332762 49.9917812, 8.2332432 49.9917357, 8.2332654 49.9916992, 8.2333476 49.9916736, 8.2333517 49.9916504, 8.2322927 49.9914288, 8.2320268 49.991954))",,,,,,,,,park,,,,,,"[5602628296, 5602628297, 8656204583, 5602628637, 5602628636, 5602628638, 5602628639, 5602628641, 5602628640, 5602628642, 5602628298, 5602628299, 5602628296]",,,,,,,,,,,,,,,,,,
way,603133477,"POLYGON ((8.2315359 49.9923761, 8.2316031 49.9922394, 8.2327519 49.9924728, 8.2326847 49.9926096, 8.2315359 49.9923761))",,,,,,,,,park,,,,,,"[5700036485, 5726631396, 5726631395, 5726631394, 5700036485]",,,,,,,,,,,,,,,,,,
way,617967468,"POLYGON ((8.2192225 50.0046658, 8.2204302 50.0049326, 8.2205294 50.0047343, 8.2199682 50.0045964, 8.2198904 50.0047257, 8.2193056 50.0045874, 8.2192225 50.0046658))",,,,,,,,,park,,,,,,"[5841361021, 5841361020, 5841361019, 5841361018, 5841361017, 5841361016, 5841361021]",,,,,,,,,,,,,,,,,,
way,654178253,"POLYGON ((8.1756287 49.9903783, 8.1755959 49.990354, 8.1755784 49.9903499, 8.1755875 49.9903337, 8.1756068 49.9902989, 8.175644 49.9903015, 8.1756909 49.9903005, 8.1757181 49.9902955, 8.1757472 49.9902902, 8.1757842 49.9902726, 8.1758156 49.9902528, 8.175821 49.9902569, 8.1757415 49.9903922, 8.1756914 49.9904625, 8.1756589 49.9904956, 8.1756208 49.9905214, 8.1755836 49.99054, 8.1755338 49.9905565, 8.1754884 49.9905647, 8.1754414 49.9905679, 8.1754156 49.9905622, 8.1753114 49.9905394, 8.17521 49.9905127, 8.1751819 49.9904992, 8.1751646 49.990485, 8.1751711 49.9904744, 8.1752099 49.9904658, 8.1752489 49.9904645, 8.1752969 49.9904548, 8.1753224 49.9904448, 8.1753506 49.9904379, 8.1754253 49.9904305, 8.1754677 49.9904306, 8.1755111 49.9904329, 8.1755424 49.990425, 8.1755526 49.9904067, 8.17557 49.9904107, 8.1756131 49.9904069, 8.1756287 49.9903783))",,,,,,,,,park,,,,,,"[7242443075, 3399926884, 3399926883, 3399926880, 7242443690, 7242443691, 8904695124, 9009936797, 6130209227, 8904695125, 8904695126, 8904695127, 8904695128, 8904695129, 8904695130, 7242443084, 7242443685, 6130209229, 7242443686, 6130209230, 9009936798, 8904695131, 6130209231, 8904695132, 6130209232, 8904695133, 8904695134, 8904695135, 8904695136, 8904695137, 6130209234, 6130209235, 6130209236, 6130209237, 3399926887, 3399926886, 3399926885, 7242443076, 7242443075]",,,,,,,,,,,,,,,,,,
way,654178255,"POLYGON ((8.151257 49.972286, 8.1512683 49.9722711, 8.151287 49.972259, 8.1513096 49.9722491, 8.1513351 49.9722402, 8.1513671 49.9722352, 8.1513976 49.9722359, 8.1514518 49.9722456, 8.1516458 49.97229, 8.1516934 49.972304, 8.1517243 49.9723247, 8.1517451 49.9723461, 8.1517613 49.9723689, 8.1517518 49.9723978, 8.1516491 49.9725525, 8.1515231 49.9725237, 8.1513199 49.972441, 8.1513294 49.9724138, 8.1513845 49.9723155, 8.151257 49.972286))",,,,,,,,,park,,,,,,"[6130209244, 9034164043, 9034164035, 9034164042, 6130209245, 9034164041, 9034164036, 6130209246, 9034164037, 6130209247, 9034164038, 9034164039, 6130209248, 9034164040, 6130209249, 6130209250, 9034164044, 2385101126, 2385101119, 6130209244]",,,,,,,,,,,,,,,,,,
way,656342269,"POLYGON ((8.2718981 49.9973238, 8.2718908 49.9972846, 8.2718965 49.9972832, 8.2718976 49.9972615, 8.2718948 49.997208, 8.2718932 49.997178, 8.2718913 49.9971439, 8.2718836 49.9970867, 8.2719582 49.9970601, 8.2719884 49.9970505, 8.2721575 49.9970713, 8.2722935 49.9970938, 8.2723272 49.9971081, 8.2723833 49.9970882, 8.27245 49.9970602, 8.2725239 49.9970392, 8.2725794 49.9970294, 8.2726252 49.9970237, 8.2727415 49.997023, 8.2727654 49.9970254, 8.2729444 49.9970974, 8.2728302 49.9971688, 8.2729867 49.9972477, 8.2727762 49.9974, 8.2718981 49.9973238))",,,,,private,,,,park,,,,,,"[2121656182, 1620923690, 2121682040, 1620923689, 2121682036, 1620923664, 2121682032, 6148455914, 2121682023, 2121682022, 6148441434, 2121682028, 2121682031, 2121682030, 6148455915, 2121682018, 2121682017, 2121682016, 2121682014, 2121682015, 6148455916, 6148455917, 6148455918, 6148455919, 2121656182]",,,,,,,,,,,,,,,,,,
way,659403906,"POLYGON ((8.1729278 49.9930836, 8.1724058 49.9932415, 8.1720684 49.9933544, 8.1719784 49.9934053, 8.1718974 49.9934648, 8.1718525 49.9935138, 8.1718208 49.9935688, 8.1718094 49.9936006, 8.1718032 49.993641, 8.171813 49.9937251, 8.1718387 49.9938081, 8.1718838 49.9938656, 8.1719336 49.9939193, 8.1720316 49.9940059, 8.1720515 49.9940095, 8.1720714 49.9940079, 8.1720879 49.9940003, 8.1720975 49.9939892, 8.172145 49.99392, 8.17214 49.9939039, 8.1721323 49.9938928, 8.1723556 49.9935423, 8.1724812 49.9933712, 8.1725185 49.993334, 8.1725424 49.9933181, 8.1727888 49.9931879, 8.1728975 49.9931282, 8.1729791 49.9930788, 8.172979 49.9930735, 8.1729714 49.993072, 8.1729535 49.9930761, 8.1729278 49.9930836))",,,K√∂nigsborn,,,,,,park,,,,,,"[6173713808, 6173713809, 6173713810, 8904778038, 6173713811, 8904778036, 6173713812, 8904778035, 6173713813, 8904778034, 6173713814, 8904778033, 6173713815, 6173713816, 8904778030, 6173713817, 8904778031, 6173713818, 6173713819, 8904778032, 6173713820, 6173713821, 8904778029, 8904778028, 6173713822, 8904778026, 8904778027, 8904778025, 8904778024, 8904778023, 8904778022, 6173713808]",,,,,,,,,,,,,,,,,,
way,688440078,"POLYGON ((8.2316002 50.002933, 8.2317567 50.0027389, 8.2314154 50.0025536, 8.2312112 50.0027821, 8.2316002 50.002933))",,,,,,,,,park,,,,,,"[1157457827, 1162195619, 1157457829, 6454332899, 1157457827]",,,,,,,,,,,,,,,,,,
way,695940263,"POLYGON ((8.2671535 50.0075725, 8.2671728 50.0075759, 8.2671775 50.0076296, 8.2671651 50.0076813, 8.2671374 50.0077384, 8.267082 50.0077893, 8.2670109 50.0078274, 8.2669417 50.0078515, 8.2668645 50.007868, 8.2667578 50.0078706, 8.2666668 50.0078579, 8.266566 50.0078198, 8.2665657 50.0078082, 8.266774 50.0077253, 8.2667347 50.0076845, 8.266893 50.0076215, 8.2669312 50.007661, 8.2671535 50.0075725))",,,,,,,,,park,,,,,,"[2251235859, 5330001564, 5330001563, 5330001562, 5330001561, 5330001560, 5330001559, 5330001558, 5330001557, 5330001556, 5330001555, 5330001554, 2251235879, 2251235876, 2251235874, 2251235863, 2251235870, 2251235859]",,,,,,,,,,,,,,,,,,
way,721029577,"POLYGON ((8.2779579 49.9668143, 8.2786037 49.966433, 8.2786372 49.9664242, 8.2786569 49.9664292, 8.2786668 49.9664444, 8.2786569 49.9664571, 8.2783045 49.966756, 8.2782277 49.966832, 8.2781745 49.9669168, 8.2779579 49.9668143))",,,,,,,,,park,,,,,,"[6765182256, 6765182257, 6765182258, 6765182259, 6765182260, 6765182261, 6765182262, 6765182263, 6765182264, 6765182256]",,,,,,,,,,,,,,,,,,
way,721558270,"POLYGON ((8.2613668 50.0109049, 8.2616082 50.0107851, 8.2612031 50.0107359, 8.2611736 50.0107567, 8.2613668 50.0109049))",,,,,,,,,park,,,,,,"[6768948885, 6768948886, 6768948888, 6768948887, 6768948885]",,,,,,,,,,,,,,,,,,
way,722883432,"POLYGON ((8.2721688 50.0015308, 8.2722156 50.0015799, 8.272213 50.0016255, 8.2722529 50.0016747, 8.2726462 50.0017697, 8.2728678 50.0017526, 8.2728297 50.0015193, 8.2727851 50.0015163, 8.2727823 50.0014987, 8.2722749 50.0014896, 8.2722663 50.0015083, 8.2721813 50.001503, 8.2721688 50.0015308))",,,,,private,,,,park,,,,,,"[6780552130, 6780552131, 1156200608, 1156200624, 1156200527, 1156200506, 3982542490, 1156200524, 1782392409, 1782392405, 5251221874, 1782392404, 6780552130]",,,,,,,,,,,,,,,,,,
way,755647117,"POLYGON ((8.1676209 49.9874598, 8.1676448 49.9874625, 8.1676675 49.9874704, 8.167679 49.9874785, 8.1676694 49.9874925, 8.1675233 49.9876816, 8.1673548 49.9875422, 8.1676209 49.9874598))",,,,,,,,,park,,,,,,"[7058156539, 8857526672, 8857526673, 7190391217, 7058156540, 7058156541, 7058156542, 7058156539]",,,,,,,,,,,,,,,,,,
way,779554924,"POLYGON ((8.2603152 49.9868537, 8.2601864 49.9869142, 8.2596155 49.9863842, 8.2597415 49.986334, 8.2603152 49.9868537))",,,,,,,,,park,,,,,,"[7279509282, 7279509283, 7279509284, 7279509285, 7279509282]",,,,,,,,,,,,,,,,,,
way,779835281,"POLYGON ((8.2529234 49.9857071, 8.2529452 49.9856553, 8.2529977 49.9856034, 8.2532179 49.9858076, 8.2533345 49.9859179, 8.2533831 49.9859731, 8.2534804 49.9859665, 8.25362 49.9862423, 8.2536136 49.9863609, 8.2535662 49.9863831, 8.2536187 49.9864235, 8.2535648 49.9864886, 8.2534952 49.9864212, 8.2534305 49.9863376, 8.2533804 49.9862384, 8.2534343 49.9862333, 8.2533485 49.9860982, 8.253314 49.9859525, 8.2530489 49.9857549, 8.2529234 49.9857071))",,,,,,,,,park,,,,,,"[7281787168, 7281787169, 7281787170, 7281787171, 7281787172, 7281787173, 7281787174, 7281787175, 7281787176, 7281787177, 7281787178, 7281787179, 4566447155, 8553963979, 4611428135, 7281787180, 7281787181, 7281787182, 7281787183, 7281787168]",,,,,,,meadow,,,,,,,,,,,
way,819312898,"POLYGON ((8.2776412 49.9979865, 8.2774455 49.9979139, 8.2776342 49.9976857, 8.2778167 49.9977359, 8.2776412 49.9979865))",,,,,,,,,park,,,,,,"[7651241156, 7651241157, 1764636024, 7651241158, 7651241156]",https://www.allgemeine-zeitung.de/lokales/mainz/nachrichten-mainz/aus-schandfleck-in-mainz-wird-ein-schmuckstuck_21852183,,,,,,,,,,,,,,,grobe Skizze nach Bild in AZ,,
way,925750138,"POLYGON ((8.2349802 49.9924954, 8.2349446 49.9924883, 8.2349089 49.9924811, 8.2346407 49.9924255, 8.2346146 49.9924205, 8.234595 49.9924112, 8.2345916 49.9924088, 8.2345784 49.9923992, 8.2345623 49.9923842, 8.2345561 49.9923719, 8.2345587 49.9923562, 8.2345663 49.9923393, 8.2345832 49.9923424, 8.2346049 49.9922961, 8.2345904 49.9922922, 8.2346079 49.9922614, 8.234746 49.991979, 8.2347618 49.9919823, 8.2348006 49.9919905, 8.2348333 49.9919228, 8.2347967 49.9919149, 8.234781 49.9919115, 8.2348092 49.9918532, 8.2348333 49.9918036, 8.2348373 49.991798, 8.2348462 49.9917853, 8.2348649 49.991769, 8.2349029 49.9917554, 8.2349281 49.9917549, 8.2349395 49.9917546, 8.234981 49.9917593, 8.2350048 49.991764, 8.2350201 49.9917672, 8.2356795 49.9919058, 8.2356943 49.9919089, 8.2357965 49.9919304, 8.2357907 49.9919419, 8.2356122 49.9922975, 8.2358466 49.9923486, 8.2358235 49.9924102, 8.2357163 49.9926315, 8.235693 49.9926446, 8.2349802 49.9924954))",,,Campusgarten an der Johannes Gutenberg-Universit√§t Mainz,,,,,,park,,,,,,"[9802349985, 9802349936, 9802349986, 9802349987, 8591411883, 9802370038, 9802349935, 9802370037, 9802370036, 9802370035, 9802349933, 9803522300, 9803522302, 9803522303, 9803522304, 9802350001, 9802370033, 9802376502, 9802370032, 9802370031, 9802376501, 9802370030, 9802370021, 9802370029, 9802350014, 9802370028, 9802370027, 8591411884, 9802350015, 9802370026, 9802370025, 9802370024, 9802381624, 9802376515, 9802376514, 1735380484, 9802376512, 9802376511, 9802436225, 9802376508, 9802376507, 9802436224, 9802349985]",,,,,,,,,,,,,,,2022,,,
way,938275902,"POLYGON ((8.2115631 50.0186266, 8.2115841 50.0186342, 8.2116476 50.0185733, 8.2116557 50.0185655, 8.2116688 50.018553, 8.211738 50.0184867, 8.2115744 50.0184116, 8.2114559 50.018438, 8.2114345 50.0184597, 8.2114238 50.0184706, 8.2114156 50.0184789, 8.2113528 50.0185426, 8.211429 50.0185717, 8.2114477 50.0185794, 8.2114848 50.0185946, 8.2115631 50.0186266))",,,,,,,,,park,,,,,,"[2329861537, 8692454950, 9656327486, 9656327506, 9656327498, 8692454949, 8692454948, 8692454947, 9656327505, 9656327507, 9656327497, 8692454946, 2329861534, 9656327492, 9656327491, 2329861537]",,,,,,,,,,compacted,,,,,,,,
way,957203555,"POLYGON ((8.1784467 49.9893285, 8.1787496 49.9892128, 8.1787968 49.9894803, 8.1788173 49.989478, 8.1788561 49.98971, 8.1788151 49.9897172, 8.1787563 49.9896281, 8.1786975 49.9895537, 8.1786262 49.9894821, 8.1785309 49.9893961, 8.1784467 49.9893285))",,,,,,,,,park,,,,,,"[8857510425, 8857510426, 8857510427, 8857510428, 8857510429, 8857510430, 8857510431, 8857510432, 8857510433, 8857510434, 8857510425]",,,,,,,,,,,,,,,,,,
way,957203556,"POLYGON ((8.1782123 49.9894138, 8.1783852 49.989351, 8.1785864 49.989526, 8.1785751 49.989529, 8.178448 49.9894955, 8.1784527 49.9894772, 8.1782123 49.9894138))",,,,,,,,,park,,,,,,"[8857510435, 4816620018, 4816620017, 8857510436, 8857510437, 8857510438, 8857510435]",,,,,,,,,,,,,,,,,,
way,957203557,"POLYGON ((8.1780699 49.9893762, 8.1781602 49.9894012, 8.1783762 49.9893182, 8.1783353 49.9892867, 8.1783046 49.9892568, 8.1782808 49.9892244, 8.1782682 49.9891962, 8.1782591 49.9891666, 8.1782612 49.9891371, 8.1782728 49.9891102, 8.1782924 49.9890813, 8.1783096 49.9890579, 8.1782988 49.9890552, 8.1782612 49.9890456, 8.1780699 49.9893762))",,,,,,,,,park,,,,,,"[8857510439, 8857510440, 8857510441, 8857510442, 8857510443, 8857510444, 8857510445, 8857510446, 8857510447, 8857510448, 8857510449, 8857510450, 8857560951, 8857510451, 8857510439]",,,,,,,,,,,,,,,,,,
way,961590239,"POLYGON ((8.260849 49.9875185, 8.2609684 49.9874581, 8.261195 49.9876685, 8.2610757 49.9877237, 8.260849 49.9875185))",,,,,,,,,park,,,,,,"[8894921211, 8894921212, 8894921213, 8894921214, 8894921211]",,,,,,,,,,,,,,,,,,
way,961590241,"POLYGON ((8.2608933 49.9873917, 8.2607659 49.9874573, 8.2602589 49.9869796, 8.2603944 49.9869192, 8.2608933 49.9873917))",,,,,,,,,park,,,,,,"[8894956519, 8894956520, 8894956521, 8894956522, 8894956519]",,,,,,,,,,,,,,,,,,
way,972481407,"POLYGON ((8.2739971 49.9724429, 8.2738275 49.9723684, 8.273694 49.9723167, 8.2735591 49.9722797, 8.2734123 49.9722693, 8.2732987 49.9722774, 8.2727655 49.9724111, 8.2725406 49.9724429, 8.2723245 49.972432, 8.2720333 49.972394, 8.2717029 49.9723414, 8.2715576 49.9723006, 8.2715163 49.9722807, 8.2713887 49.9723542, 8.2715001 49.9728233, 8.2715089 49.9728674, 8.2716004 49.9728807, 8.2720222 49.9729954, 8.2721579 49.9730125, 8.2723998 49.9730448, 8.2725266 49.9730581, 8.2726254 49.9730514, 8.2727611 49.9730305, 8.2728732 49.973003, 8.2729838 49.9729689, 8.2730841 49.97293, 8.2731903 49.9728712, 8.2732744 49.9728086, 8.2733747 49.972726, 8.2734956 49.9725686, 8.2735532 49.9724528, 8.2735959 49.9723817, 8.2739971 49.9724429))",,,Klara-Schapiro-Anlage,,,,,,park,,,,,,"[9000629194, 9000629193, 9000629192, 9000629191, 9000629190, 9000629189, 9000629188, 9000629187, 9000629186, 9000629185, 9000629184, 9000629183, 9000629182, 9000629181, 9000629180, 9000629179, 9000629178, 9000629177, 9000629176, 9000629175, 9000629174, 9000629173, 9000629172, 9000629171, 9000629170, 9000629169, 9000629168, 9000629167, 9000629166, 9000629165, 9000629164, 9000629163, 9000629194]",,,,,,,,,,,,,,,,,,
way,1031261756,"POLYGON ((8.2326799 50.0101102, 8.2327307 50.0099735, 8.2329758 50.0100111, 8.2329251 50.0101478, 8.2326799 50.0101102))",,,,,,,,,park,,,,,,"[9504967235, 9504967236, 9504967237, 9504967238, 9504967235]",,,,,,,,,,,,,,,,,,
way,1109980750,"POLYGON ((8.2320206 50.0083729, 8.2319834 50.0083652, 8.2319641 50.0083548, 8.2319526 50.00834, 8.2319472 50.0083281, 8.2319488 50.0083206, 8.2319834 50.0083258, 8.232005 50.0082651, 8.231972 50.0082599, 8.2319895 50.0082489, 8.2320088 50.0082419, 8.2320311 50.0082375, 8.2320535 50.0082382, 8.2320743 50.0082424, 8.2320935 50.0082499, 8.2322276 50.0083682, 8.2322345 50.0083796, 8.2322291 50.0083895, 8.2322145 50.0083984, 8.2321914 50.0083999, 8.2321756 50.0083982, 8.2321828 50.00838, 8.2320278 50.0083547, 8.2320206 50.0083729))",,,,,,,,,park,,,,,,"[10154495472, 10154495473, 10154495474, 10154495475, 10154495476, 10154495477, 10154495478, 10154495479, 10154495480, 10154495481, 10154495482, 10154495483, 10154495494, 10154495484, 10154495485, 10154495486, 10154495487, 10154495488, 10154495489, 10154495490, 10154495491, 10154495492, 10154495493, 10154495472]",,,,,,,,,,,,,,,,,,
way,1165232686,"POLYGON ((8.2198035 50.0226282, 8.2199636 50.0226552, 8.2201025 50.0226822, 8.2201135 50.0227095, 8.2201087 50.0227387, 8.220095 50.0227708, 8.2200683 50.0227992, 8.220035 50.0228162, 8.2199795 50.022839, 8.2198395 50.0228754, 8.2197839 50.0227928, 8.2197749 50.0227209, 8.2198035 50.0226282))",,,,,,,,,park,,,,,,"[10838121044, 3573175625, 3573175626, 3573175628, 10838121048, 6536925652, 3573175629, 7310412774, 3573175632, 10838121045, 10838121047, 10838121046, 10838121044]",,,,,,,,,,,,,,,,,,
way,1171602979,"POLYGON ((8.2795344 49.9574048, 8.2799126 49.9572943, 8.2799462 49.9571986, 8.2801245 49.9568414, 8.2800387 49.9564712, 8.2793914 49.9567053, 8.2794233 49.9567458, 8.279133 49.9568476, 8.2791025 49.9568098, 8.2790557 49.9568267, 8.2795344 49.9574048))",,,,,,,,,park,,,,,,"[10886583945, 10886583946, 10886583947, 10886583948, 10886583949, 10901319940, 10901319943, 10901319942, 10901319941, 10886583950, 10886583945]",,,,,,,,,,,,,,,,,,
way,1174277029,"POLYGON ((8.2267254 50.019668, 8.2267719 50.0196806, 8.2268147 50.0196895, 8.2268728 50.0196965, 8.2269244 50.0196956, 8.2269708 50.0196876, 8.2270122 50.0196746, 8.2270485 50.0196578, 8.2270805 50.0196358, 8.2271168 50.0196046, 8.2271379 50.0195719, 8.2271546 50.0195378, 8.226859 50.0194767, 8.2268299 50.0195304, 8.2268321 50.0195518, 8.2268494 50.0195644, 8.2269001 50.019498, 8.227029 50.0195387, 8.2269382 50.0196575, 8.2268093 50.0196168, 8.2268009 50.0196321, 8.22679 50.0196419, 8.2267719 50.0196456, 8.2267254 50.019668))",,,,,,,,,park,,,,,,"[10911313797, 10911313798, 10911313799, 10911313800, 10911313801, 10911313802, 10911313803, 10911313804, 10911344805, 10911344806, 10911344807, 10911344808, 10911344809, 10911344810, 10911344811, 10911344812, 527879531, 527879530, 527879535, 527879534, 10911344813, 10911344814, 10911344815, 10911313797]",,,,,,,,,,,,,,,,,,
relation,532919,"POLYGON ((8.239263 50.0002049, 8.2390042 50.0007331, 8.238517 50.0017809, 8.2405854 50.0021133, 8.2407439 50.0023802, 8.2408174 50.0021943, 8.2408653 50.0020827, 8.2410824 50.0019326, 8.2412406 50.0016408, 8.241595 50.0017039, 8.2419952 50.0018833, 8.2420264 50.0015437, 8.2428853 50.0016109, 8.2429201 50.001402, 8.2421129 50.0013407, 8.2420124 50.0012472, 8.2409152 50.0011211, 8.2407162 50.0010722, 8.2408767 50.0001999, 8.2409401 50.0001179, 8.2409947 50.0000698, 8.2410623 49.9999831, 8.2413566 49.9994917, 8.2416229 49.9993969, 8.2419473 49.9993792, 8.2424691 49.9994236, 8.2429691 49.9994709, 8.2434241 49.999509, 8.2435527 49.9995238, 8.2436742 49.9995461, 8.2438985 49.9996155, 8.2441563 49.9997304, 8.2442643 49.9998138, 8.2443614 49.9998274, 8.2444074 49.9995778, 8.244726 49.9996025, 8.2447143 49.9996671, 8.2450035 49.999694, 8.2451021 49.9991311, 8.2451179 49.9990862, 8.2452969 49.9990131, 8.2455652 49.9989825, 8.2455084 49.9986601, 8.2457393 49.9984862, 8.2462614 49.998307, 8.245219 49.9984021, 8.2449898 49.9981323, 8.2442517 49.9982812, 8.2428233 49.9986391, 8.2425236 49.9989418, 8.2418817 49.99925, 8.2411462 49.9992852, 8.240333 49.9994935, 8.2393966 49.9997474, 8.239263 50.0002049), (8.2433846 49.9994114, 8.2434447 49.9988983, 8.2435219 49.99865, 8.2436335 49.9985617, 8.2437279 49.998639, 8.2436507 49.9991631, 8.2435391 49.9995052, 8.2434361 49.9994996, 8.2433846 49.9994114))",,,,,,,,,park,,,,,,"[[[1323661602, 1153618359, 1153618380, 538991776, 2063342891, 2063342888, 538991768, 538991769, 538991770, 2063342883], [2063342883, 5149839142, 5149839143, 202878775, 202878777, 538991771, 417785040, 2063342898, 9526622830, 3936213078, 538991773, 9526622829, 538991774, 1825260103, 538991775, 1825260105, 6561566470, 1153618406, 1825260080, 2063342895, 1825260063, 1153618403, 1153618365, 3936213073, 3936213097, 2028175281, 3936213075, 3936212453, 2028175285, 2028175287, 2060698331, 1808618075, 2060698341, 5476317866, 5476317879, 2060698345, 2028175290, 1153618409, 1323661659, 2060698394, 3900404510], [566474830, 566474823, 566474824, 566474825, 566474826, 566474827, 566474828, 566474829, 566474830], [1323661602, 1153618352, 1323661667, 1153618375, 1153618371, 3900404510]]]",,,,,,,forest,,,,,,,,,,"[99798895, 342903444, 43026504, 386685244]",multipolygon
relation,1205336,"POLYGON ((8.265242 50.0058773, 8.2650822 50.0059547, 8.2650045 50.0059923, 8.2649599 50.0060139, 8.2653513 50.0064247, 8.2653859 50.0064814, 8.2654218 50.0065597, 8.2654831 50.0067056, 8.2655551 50.0068585, 8.2655909 50.0069232, 8.2656016 50.0069425, 8.2657347 50.0071252, 8.2658167 50.0072117, 8.2658772 50.0071879, 8.266576 50.0069126, 8.2666311 50.0068908, 8.2665349 50.0067958, 8.2663462 50.0066421, 8.2662943 50.006605, 8.2662763 50.0065922, 8.2661961 50.0065382, 8.26604 50.0064534, 8.2659115 50.0063902, 8.2658742 50.0063718, 8.2657869 50.0063303, 8.2657113 50.0062761, 8.2652926 50.0058528, 8.265242 50.0058773), (8.2656838 50.0067333, 8.2660683 50.006576, 8.266175 50.0066842, 8.2657905 50.0068415, 8.2656838 50.0067333))",,,,,,,,,park,,,,,,"[[[261733627, 1883676836, 1883676838, 1883676840, 261733628, 261733629, 1883676895, 1883676923, 1883676943, 1883676967, 1883676973, 936583946, 261733630, 1883676981, 5330001551, 5330001568, 1883676976, 261733631, 261733632, 1883676929, 1883676927, 1883676918, 1883676885, 1883676873, 1883676871, 1883676864, 261733633, 261733627], [840789312, 840789297, 840789235, 840789254, 840789312]]]",,,,,,,,,,,,,,,,,"[24164127, 70482027]",multipolygon
relation,1711029,"POLYGON ((8.2631273 50.0084815, 8.2632267 50.0084029, 8.263361 50.0082968, 8.2634413 50.0082375, 8.2631782 50.0080335, 8.2629823 50.0078816, 8.2623817 50.0081759, 8.2629333 50.0086348, 8.2631273 50.0084815), (8.2629334 50.0085171, 8.2629158 50.0085095, 8.2629088 50.0084955, 8.2629146 50.0084842, 8.2629281 50.0084768, 8.2629507 50.0084754, 8.262968 50.0084823, 8.2629759 50.0084943, 8.2629705 50.0085081, 8.262956 50.008516, 8.2629334 50.0085171))",,,Frauenlobplatz,,,,,,park,,,,,,"[[[1693552381, 6868350815, 6868350801, 1693552365, 30696525, 6868350802, 1693552326, 261734259, 1693552381], [1398511347, 1398511345, 1398511342, 1398511340, 1398511338, 1398511339, 1398511341, 1398511343, 1398511346, 1398511348, 1398511347]]]",,,Q62702,,,,,,,,,,,,,,"[24164194, 126064200]",multipolygon
relation,9477377,"POLYGON ((8.2673457 49.9984041, 8.2672436 49.9984928, 8.2671614 49.9985614, 8.2672529 49.9986142, 8.2673146 49.9986554, 8.2674226 49.9986046, 8.2675374 49.9985419, 8.2676595 49.9984698, 8.2678286 49.9983769, 8.2678818 49.9983365, 8.2680237 49.9982299, 8.2680578 49.998203, 8.2681087 49.9981556, 8.2681162 49.9981235, 8.2681354 49.9981034, 8.2681843 49.9980442, 8.2679536 49.9979662, 8.2679021 49.9979503, 8.2678407 49.9979451, 8.2677931 49.9979489, 8.2677521 49.9979678, 8.2677116 49.9980148, 8.2674503 49.9982967, 8.2673457 49.9984041), (8.2680788 49.998016, 8.2680953 49.9980315, 8.2681031 49.9980496, 8.2681013 49.9980684, 8.2680902 49.9980858, 8.268071 49.9980999, 8.2680456 49.9981093, 8.2680166 49.998113, 8.2679874 49.9981103, 8.2679611 49.9981016, 8.2679406 49.9980879, 8.2679283 49.9980707, 8.2679253 49.9980518, 8.2679322 49.9980333, 8.267948 49.9980173, 8.2679708 49.9980056, 8.2679984 49.9979992, 8.2680276 49.9979989, 8.2680554 49.9980047, 8.2680788 49.998016), (8.2675378 49.998389, 8.2675321 49.9983823, 8.2675359 49.9983747, 8.2675311 49.9983678, 8.2675276 49.9983567, 8.26753 49.9983444, 8.2676952 49.9981632, 8.2677051 49.9981666, 8.2677063 49.9981811, 8.2677148 49.9981998, 8.2677257 49.9982108, 8.2677483 49.9982231, 8.2677728 49.9982287, 8.2678031 49.9982304, 8.2678335 49.9982232, 8.2678472 49.9982306, 8.2675993 49.9983857, 8.2675864 49.9983882, 8.2675716 49.9983879, 8.2675587 49.9983855, 8.2675513 49.9983896, 8.2675378 49.998389))",,,Schillerplatz,,,,,,park,,,,,,"[[[2130605779, 5424620476, 1425402288, 5616680316, 5616680317, 5424620479, 1425402294, 5616691323, 5389499011, 5389499010, 5389499009, 3923717884, 2446963989, 3923717886, 3923717887, 3923717888, 3923717889, 3923717891, 1425402326, 2130605788, 2130605785, 2130605783, 2130605781, 2130605779], [5327059182, 5327059183, 5327059184, 5327059185, 5327059186, 5327059187, 5327059188, 5327059189, 5327059171, 5327059172, 5327059176, 5327059177, 5327059178, 5327059179, 5327059180, 5327059181, 5327059173, 5327059174, 5327059175, 5327059182], [5389498985, 5834228691, 5834228692, 5834228693, 5834228694, 5834228695, 5389498986, 5389498987, 5389498988, 5389498989, 5834228687, 5389498990, 5389498991, 5389498992, 5389498993, 5389498994, 5389498995, 5389498996, 5834228688, 5834228689, 5834228690, 5389498985]]]",,,,,,,,,,paving_stones,,,,,,,"[29506117, 551612017, 558773871]",multipolygon
relation,12852502,"POLYGON ((8.2665435 49.992044, 8.2665449 49.9921506, 8.2665415 49.9921727, 8.2667246 49.992223, 8.2668194 49.9922966, 8.2675511 49.9924279, 8.2676541 49.9922632, 8.2678243 49.9921669, 8.2679791 49.9920836, 8.2681579 49.9920638, 8.268346 49.9921135, 8.2687128 49.9920812, 8.2688609 49.9920183, 8.2689521 49.9919836, 8.2690601 49.9920249, 8.2690424 49.9920782, 8.268926 49.9921039, 8.2691325 49.9926343, 8.2694618 49.9926703, 8.2694574 49.9926542, 8.2692228 49.9925536, 8.2692036 49.992528, 8.2692169 49.9925081, 8.2692626 49.9924882, 8.2693379 49.9924711, 8.2703575 49.99251, 8.2703339 49.9927614, 8.2705006 49.9927737, 8.2705331 49.9927633, 8.2705493 49.9927395, 8.2702188 49.9915025, 8.2701653 49.9913606, 8.2698378 49.9908093, 8.2687618 49.9911243, 8.2681588 49.9912677, 8.2677482 49.9913459, 8.2671962 49.9914248, 8.2666378 49.9914711, 8.2665444 49.9915371, 8.2665403 49.9919199, 8.2665435 49.992044), (8.2692519 49.9920399, 8.2695294 49.9921219, 8.2700434 49.9919968, 8.2700732 49.9920028, 8.2701654 49.9923296, 8.2701067 49.9923985, 8.2695173 49.9923649, 8.2694298 49.9924146, 8.2693627 49.992432, 8.2692519 49.9920399))",,,,,,,,,park,,,,,,"[[[256342321, 5370177978, 5370177979, 5370177980, 5370177981, 8837022808, 8837022812, 8837022802, 8837022806, 8837022805, 8837022804, 8837022803, 8837022800, 8837022799, 8837022798, 8837022797, 8837022796, 4728576514, 4728576515, 5371171031, 5371171030, 5371171032, 5371171033, 5371171034, 5371171037, 5371171038, 5371171039, 5371171040, 5371171042, 5371171041, 5371171043, 5371171054, 256342322, 10258022463, 10258022461, 10258022456, 10258022460, 10258022459, 10258022458, 10258022457, 256342321], [8837065704, 8837065703, 8837065702, 8837065701, 8837065700, 8837065699, 8837065698, 8837065697, 8837065696, 8837065704]]]",,,,,,,,,,,,,,,,,"[23660130, 954753679]",multipolygon
