element_type,osmid,geometry,amenity,name,addr:city,addr:country,addr:housenumber,addr:postcode,addr:street,wheelchair,addr:suburb,contact:email,contact:fax,contact:phone,website,addr:housename,alt_name,int_name,toilets:wheelchair,operator,contact:website,email,phone,nodes,note,old_name,fax,building,opening_hours,sport,building:levels,roof:shape,roof:levels,start_date,isced:level,short_name,wikidata,wikipedia,leisure,ref,source,grades,building:roof,operator_type
node,132454899,POINT (6.6444137 49.7557366),school,Dommusikschule Domchor,,,,,,,,,,,,,,,,,,,,,,,,,,,,,,,,,,,,,,,,
node,380401618,POINT (6.7111121 49.7852032),school,Grundschule Ruwer,Trier,DE,1,54292,Franz-Altenhofen-Straße,no,,,,,,,,,,,,,,,,,,,,,,,,,,,,,,,,,,
node,1254090892,POINT (6.6932896 49.7394353),school,Grundschule Tarforst,Trier,,206,54296,Am Trimmelter Hof,,Tarforst,gstriertarforst@web.de,+49 651 9679185,+49 651 10326,http://www.grundschule-tarforst.de/,,,,,,,,,,,,,,,,,,,,,,,,,,,,,
node,1421259571,POINT (6.6422902 49.7570952),school,VHS Trier,Trier,DE,1b,54290,Domfreihof,yes,,,,,,Palais Walderdorff,Volkshochschule,adult education centre,yes,,,,,,,,,,,,,,,,,,,,,,,,,
node,4576835141,POINT (6.6488828 49.7569778),school,Kaufmännische Privatschule Eberhard,,,,,,,,info@privatschule-eberhard.de,,+49 651 73485,,,,,,Privatschule Eberhard GmbH,http://www.eberhard-plus.de/,,,,,,,,,,,,,,,,,,,,,,,
node,4679983189,POINT (6.6354235 49.7593244),school,Berufsbildende Schule für Gestaltung und Technik,,DE,15,54290,Langstraße,yes,,,,,http://www.bbsgut-trier.de,,,,yes,,,info@bbsgut-trier.de,+49 651 7181719,,,,,,,,,,,,,,,,,,,,,
node,6934610287,POINT (6.6829966 49.7747215),school,Dekra Akademie,Trier,,5-7,54292,Ohmstraße,,,,,,https://www.dekra-akademie.de/de/trier/,,,,,,,gerolstein.akademie@dekra.com,+49 651 1467810,,,,,,,,,,,,,,,,,,,,,
node,6934614786,POINT (6.6829106 49.7748213),school,Kosmetik & Massageschule Meuser,Trier,,5-7,54292,Ohmstraße,,,,,,https://www.wellness-schule-meuser.de/,,,,,,,info@wellness-schule-meuser.de,+49 6506 910755,,,,,,,,,,,,,,,,,,,,,
way,23026466,"POLYGON ((6.6615909 49.7586645, 6.6616029 49.758696, 6.661657 49.7587786, 6.6617204 49.7589128, 6.6617204 49.7590341, 6.6618277 49.759041, 6.6624017 49.758892, 6.6621496 49.7584935, 6.6616883 49.7585212, 6.6616185 49.7585697, 6.6615909 49.7586645))",school,Egbert-Grundschule,Trier,DE,3,54295,Soterstraße,,,,,,,,,,,Stadt Trier,http://www.egbert-grundschule.de/,,,"[248397483, 248397498, 248397487, 2806334380, 2806334379, 248397491, 2806334378, 248397494, 2806334377, 2806334376, 248397483]",Bis zur Sanierung der alten Gebäude in der Olwiger Straße befindet sich hier die Egbert-Grundschule.,Grundschule Kürenz,,,,,,,,,,,,,,,,,,
way,92712804,"POLYGON ((6.6383546 49.7512093, 6.6384043 49.7511998, 6.6387077 49.751126, 6.6390171 49.7510438, 6.6389136 49.7508072, 6.638837 49.750649, 6.6388149 49.7506122, 6.6388253 49.7506009, 6.6388083 49.7505662, 6.6387997 49.7505499, 6.6387781 49.7505079, 6.6381793 49.750629, 6.6380316 49.7506498, 6.63808 49.7508104, 6.637817 49.7508451, 6.6377759 49.7507019, 6.6377693 49.7507036, 6.63774 49.7506416, 6.6375798 49.7506756, 6.6376073 49.7507433, 6.6376317 49.7507384, 6.6377165 49.7510154, 6.6377651 49.7511727, 6.6381774 49.7511186, 6.6382119 49.7512287, 6.6383546 49.7512093))",school,Bischöfliches Angela-Merici-Gymnasium,Trier,,35,54290,Neustraße,yes,,,,,http://amg-trier.de,Bischöfliches Angela-Merici-Gymnasium,,,yes,kath. Bistum Trier,,verwaltung@amg-trier.de,+49 651 14598-0,"[729536472, 4571755540, 4571755546, 729536485, 1428974112, 1428974091, 1428974081, 1428974079, 1428974075, 1428974071, 729536477, 1075247745, 1075247765, 1075247762, 1075247752, 1428974101, 1428974102, 1075247768, 1075247750, 1428905149, 1428905148, 3331645225, 1428974144, 1428974147, 6835760578, 729536472]",,,+49 651 14598-29,,,,,,,,,,,,,,,,,
way,110256230,"POLYGON ((6.6775416 49.788392, 6.6777372 49.7883014, 6.6777995 49.7883575, 6.6778095 49.7883528, 6.6778814 49.7884175, 6.6778679 49.7884237, 6.6779809 49.7885254, 6.6780537 49.7885909, 6.6780626 49.7885868, 6.6782006 49.788711, 6.6781045 49.7887555, 6.6780531 49.7887093, 6.6779595 49.7887527, 6.6779767 49.7887682, 6.6778777 49.7888141, 6.677777 49.7887234, 6.6777954 49.7887149, 6.6777692 49.7886913, 6.6777136 49.7887171, 6.6775768 49.788594, 6.677591 49.7885874, 6.677567 49.7885658, 6.6775506 49.7885734, 6.6775325 49.7885571, 6.6774684 49.7885868, 6.677334 49.7884658, 6.6772848 49.7884886, 6.6771992 49.7884116, 6.6773938 49.7883215, 6.6775622 49.7884731, 6.6775699 49.7884695, 6.6775864 49.7884844, 6.6776045 49.788476, 6.677633 49.7884628, 6.6776166 49.788448, 6.6776082 49.7884519, 6.6775416 49.788392))",school,Friedrich-Spee-Gymnasium Trier,,,,,,,,,,,https://fsg-trier.de,,,,,Stadt Trier,,info@fsg-trier.de,+49 651 96798-10,"[1259621076, 1259621077, 1632957387, 1632957384, 1632957410, 1632957411, 3372987778, 1632957457, 1632957452, 1259621078, 1259621079, 1259621080, 1632957508, 1632957522, 1259621081, 1632957499, 1632957491, 1259621082, 1259621083, 1632957462, 1632957454, 1632957440, 1632957446, 1259621084, 1259621085, 1259621086, 1259621087, 1259621088, 1259621089, 1259621090, 1632957429, 1632957434, 1632957432, 1632957420, 1259621091, 1632957415, 1259621076]",,,+49 651 96798-28,school,SH closed,,,,,,,,,,,,,,,
way,110561920,"POLYGON ((6.6764888 49.7871823, 6.6766431 49.7871109, 6.6766565 49.787123, 6.6767434 49.7870828, 6.6769783 49.7872944, 6.6769883 49.7872898, 6.6770044 49.7873043, 6.6770511 49.7872827, 6.676997 49.7872339, 6.6770936 49.7871892, 6.6772349 49.7873166, 6.6770946 49.7873815, 6.6771415 49.7874237, 6.6772763 49.7875452, 6.6773468 49.7876087, 6.6773604 49.7876209, 6.6773792 49.7876378, 6.6774285 49.787615, 6.6776359 49.7878018, 6.6775375 49.7878474, 6.6774858 49.7878008, 6.6774175 49.7878324, 6.6773875 49.7878463, 6.6774072 49.787864, 6.6773121 49.7879081, 6.6771347 49.7877483, 6.6771523 49.7877402, 6.6771151 49.7877067, 6.6770967 49.7877152, 6.6768894 49.7875285, 6.6769059 49.7875209, 6.6768719 49.7874903, 6.6768548 49.7874983, 6.6767803 49.7874311, 6.6768655 49.7873917, 6.676838 49.7873668, 6.6768285 49.7873583, 6.6768217 49.7873522, 6.6767059 49.7872479, 6.6766106 49.787292, 6.6764888 49.7871823))",school,Moseltal Realschule plus Trier,Trier,DE,1,54293,Mäusheckerweg,,,,,,https://moseltalschule.de,,,,,Stadt Trier,,mail@moseltalschule.de,+49 651 96798-60,"[1262335445, 1262335447, 1262335449, 1262335450, 1262335452, 1632957234, 1632957238, 1632957233, 1632957230, 1262335454, 1262335456, 1262335458, 1632957243, 3364728470, 1632957268, 3406929458, 1262335461, 1262335462, 1262335463, 1262335465, 1262335468, 1632957282, 1262335470, 1262335472, 1262335474, 1632957279, 1632957278, 1632957274, 1632957276, 1632957255, 1632957254, 1632957249, 1632957250, 1262335477, 1262335480, 9893149715, 3366281307, 9893149710, 1262335482, 1262335484, 1262335445]",,Johann-Amos-Comenius Realschule,+49 651 96798-68,school,SH closed,,3,,,,,,,,,,,,,
way,117517723,"POLYGON ((6.6299257 49.7476438, 6.6298904 49.7475335, 6.6297872 49.7475509, 6.6297409 49.7474315, 6.6295996 49.7474558, 6.6294596 49.7474906, 6.6292546 49.7474683, 6.6292906 49.7477639, 6.6292946 49.747808, 6.6291052 49.7478426, 6.6291598 49.7480908, 6.6292141 49.748088, 6.6292362 49.7482, 6.6293874 49.7481876, 6.629638 49.7481674, 6.6296392 49.7481672, 6.6297697 49.7481358, 6.6297298 49.7480665, 6.6298723 49.7480337, 6.6299053 49.7480258, 6.6300582 49.747989, 6.6301191 49.7479717, 6.6299257 49.7476438))",school,Barbara-Grundschule,,,,,,,,,,,,,,,,,,,,"[1732696460, 603034020, 603034019, 603034023, 603034024, 1323841272, 603034015, 603034026, 1323770292, 1323770275, 1323770306, 1231220305, 1231220219, 1725105044, 1231220245, 1231220216, 1231220237, 1231220283, 1231220282, 1725105015, 1231220228, 2594285328, 1732696460]",,,,,,,,,,,,,,,,,,,,
way,134203064,"POLYGON ((6.6940031 49.7385567, 6.6926017 49.7392439, 6.6934297 49.7398948, 6.6934728 49.7398923, 6.6935298 49.7398672, 6.6936185 49.7398192, 6.6937884 49.7396703, 6.6944323 49.7391293, 6.694477 49.7391007, 6.6944664 49.7390822, 6.6940031 49.7385567))",school,Grundschule Tarforst,,,,,,,,,,,,,,,,,,,,"[1476117335, 1485519168, 1476117357, 3408207390, 3408207389, 3408207386, 3408207385, 1476117339, 1476117361, 1620540596, 1476117335]",,,,,,,,,,,,,,,,,,,,
way,136505431,"POLYGON ((6.637077 49.7596129, 6.6371837 49.759746, 6.6372566 49.7597242, 6.6374798 49.7600109, 6.6371312 49.7601226, 6.6371105 49.7600958, 6.6370981 49.7600797, 6.6370051 49.7601096, 6.6370841 49.7602119, 6.6369922 49.7602415, 6.6369863 49.7602338, 6.6369449 49.7602472, 6.6369618 49.760269, 6.636875 49.760297, 6.6367825 49.7601773, 6.636738 49.7601916, 6.6365849 49.7599933, 6.6365409 49.7600074, 6.636548 49.7600166, 6.6364497 49.7600482, 6.6363074 49.7598639, 6.6364003 49.759834, 6.6364143 49.7598522, 6.6364744 49.7598328, 6.636547 49.7598094, 6.6364978 49.7597457, 6.6365825 49.7597184, 6.6366145 49.7597598, 6.637077 49.7596129))",school,"Berufsbildende Schule für Ernährung, Hauswirtschaft und Sozialpflege",,,,,,,,,,,http://www.bbs-ehs-trier.de/,,,,,,,,,"[1497310434, 1497310454, 1497310451, 1497310485, 1497310503, 1497310496, 1497310495, 1497310501, 1497310517, 1497310523, 1497310522, 1497310525, 1497310527, 1497310531, 1497310510, 1497310512, 1497310482, 1497347805, 1497347807, 1497347809, 1497347803, 1497347798, 1497347801, 1497310464, 1497310463, 1497310455, 1497310452, 1497310459, 1497310434]",,,,school,,,4,flat,1,,,,,,,,,,,
way,149997899,"POLYGON ((6.6622425 49.7799827, 6.6623879 49.7799333, 6.662431 49.7799864, 6.6624655 49.7799747, 6.662505 49.7800234, 6.6624629 49.7800377, 6.6626311 49.7802452, 6.6624825 49.7802957, 6.6624679 49.7802777, 6.6623625 49.7803135, 6.6623072 49.7802453, 6.6624234 49.7802058, 6.6622425 49.7799827))",school,Grundschule am Biewerbach,Trier,DE,9,54293,Johannes-Kerscht-Straße,,,,,,,,,,,,,,,"[1629395900, 1629395883, 1629395902, 1629395899, 1629395903, 1629395905, 1629395944, 1629395958, 1629395956, 1629395960, 1629395946, 1629395929, 1629395900]",,,,school,,,,,,1955,,,,,,,,,,
way,152379283,"POLYGON ((6.6354167 49.7602119, 6.6352159 49.7598445, 6.6351912 49.7597878, 6.6351637 49.7597246, 6.6349762 49.7592943, 6.6346026 49.7593676, 6.6345195 49.7593662, 6.6343876 49.7594347, 6.6343304 49.7594644, 6.6341697 49.7595726, 6.6343898 49.759704, 6.6343255 49.7597597, 6.6347479 49.7599952, 6.634802 49.7599455, 6.6348948 49.7599861, 6.634967 49.7600176, 6.6350748 49.7600677, 6.6354167 49.7602119))",school,Ausonius-Grundschule,,,,,,,,,,,https://ausonius-grundschule.de/,,,,,,,,,"[1652008596, 1652008591, 10928135945, 10926833660, 1652008551, 1652008577, 1652008571, 10928135946, 1652008581, 1652008585, 1652008588, 1652008590, 1652008593, 1652008592, 10928135940, 1652008595, 4612536691, 1652008596]",,,,,,,,,,,,,,,,,,,,
way,160211513,"POLYGON ((6.6386689 49.7446203, 6.6390712 49.7444932, 6.6394953 49.7444007, 6.6397575 49.7444062, 6.640347 49.7442712, 6.6403306 49.7442488, 6.6407368 49.7441324, 6.6408921 49.7441785, 6.6411883 49.7440566, 6.6413701 49.7444247, 6.6409647 49.7446256, 6.6405796 49.7449395, 6.6408399 49.745137, 6.6410258 49.7452631, 6.6407863 49.7456587, 6.6403642 49.7455399, 6.6403715 49.7454977, 6.640124 49.7453793, 6.6399311 49.7453256, 6.6397203 49.7452031, 6.6394135 49.745162, 6.6388868 49.7450915, 6.6388641 49.7449928, 6.6389082 49.7449908, 6.6389091 49.7449588, 6.6388663 49.744959, 6.6388985 49.7448678, 6.6388088 49.7448553, 6.6387907 49.7447999, 6.6386689 49.7446203))",school,Blandine-Merten-Realschule,,,,,,limited,,,,,,,,,,,,,,"[1722766087, 1722766072, 1722766045, 1722766047, 1722766041, 1722766038, 1722776483, 1722776498, 1722766036, 1722766065, 1722766106, 1722766140, 1722766157, 599925172, 599925170, 599925167, 599925166, 1722731831, 599925163, 1722766158, 6315724794, 1722766155, 1722766148, 1722766142, 1722766132, 1722766135, 1722766120, 1722766112, 1722766108, 1722766087]",,,,,,,,,,,,,,,,,,,,
way,160269594,"POLYGON ((6.6460132 49.7289301, 6.6461268 49.7289164, 6.6464136 49.7287522, 6.6467022 49.7286822, 6.6474233 49.7287543, 6.6477952 49.7288715, 6.6482064 49.7288741, 6.6484084 49.7288929, 6.648416 49.7290782, 6.6481269 49.729282, 6.6478254 49.7292715, 6.6478646 49.7296052, 6.647734 49.7298353, 6.6477216 49.7300605, 6.6477961 49.7302803, 6.6467885 49.7306327, 6.6463144 49.7301458, 6.6461016 49.7298919, 6.6458878 49.7292892, 6.645922 49.7291371, 6.6460132 49.7289301))",school,Waldorfschule Trier,,,,,,,,,,,http://www.waldorfschule-trier.de/,,,,,,,,+49 651 9930136,"[1722603770, 1722643891, 1722603765, 1723237190, 1723237192, 1723237214, 1723237216, 1723237219, 1723237321, 1723237505, 1723237565, 1723237698, 1723237936, 1723238083, 1723238196, 1723238226, 1722643895, 1722643894, 1722643892, 1723237372, 1722603770]",,,,,,,,,,,,,,,,,,,,
way,160272905,"POLYGON ((6.649612 49.7286245, 6.6492943 49.7288594, 6.6491047 49.7294548, 6.6490422 49.7303192, 6.6492367 49.7306199, 6.6499287 49.7309497, 6.6501512 49.7309736, 6.6506326 49.7308452, 6.6508621 49.7307662, 6.6509725 49.7308115, 6.6509766 49.7309636, 6.6516031 49.7310472, 6.651707 49.7307332, 6.6518148 49.7302134, 6.6513316 49.7302164, 6.6512717 49.7301339, 6.6512101 49.7297242, 6.6525582 49.7296079, 6.6526642 49.7293132, 6.653206 49.7286336, 6.6526925 49.7285089, 6.6508228 49.7284082, 6.6505973 49.7284022, 6.6505778 49.7286714, 6.649612 49.7286245))",school,Integrierte Gesamtschule Trier,,,,,,,,,,,https://igs-trier.de/,,,,,,,,,"[1723275982, 1723276049, 1723276097, 1723276379, 1723276394, 1723276402, 1723276405, 1723276398, 8040694132, 8040694113, 8040694120, 1723276397, 8040694131, 8040694115, 8040694123, 1723276358, 1723276196, 1723276244, 6672685933, 6672685932, 1723275946, 1723275909, 1723275906, 1723275997, 1723275982]",,,,,,,,,,,,,,,,,,,,
way,160774113,"POLYGON ((6.6291908 49.7381418, 6.6290231 49.7380706, 6.6289617 49.7379523, 6.6288856 49.7374695, 6.6289624 49.7374624, 6.6291755 49.7374233, 6.6292034 49.7374869, 6.6295472 49.7374163, 6.6295541 49.7374313, 6.6297051 49.7374003, 6.6296711 49.7373455, 6.629724 49.7373398, 6.6297551 49.7373336, 6.6298337 49.7373101, 6.629932 49.7374455, 6.6305063 49.7382254, 6.6304599 49.738244, 6.6302556 49.738272, 6.6291122 49.7383339, 6.6291044 49.7382896, 6.6290967 49.7382205, 6.6292043 49.7382143, 6.6291908 49.7381418))",school,Medard-Schule,Trier,DE,2,54294,Medardstraße,yes,,,,,,,,,yes,,,,,"[1728121385, 1728121375, 1728121344, 1728121231, 1728121230, 1728121209, 1728121233, 1728121205, 1728121212, 1728121202, 1728121188, 1728121185, 1728121182, 1728121180, 1728121227, 1728121409, 1728121418, 1728121425, 1728121431, 1728121430, 1728121406, 1728121396, 1728121385]",,,,,,,,,,,,,,,,,,,,
way,160944479,"POLYGON ((6.6290929 49.7248789, 6.6290993 49.7255466, 6.6290065 49.7255515, 6.6289986 49.7258509, 6.6290155 49.7258504, 6.629017 49.7259323, 6.6285989 49.7257617, 6.6285767 49.7257191, 6.6285895 49.7256037, 6.6285943 49.725534, 6.6286279 49.7252215, 6.6286795 49.7250033, 6.6287112 49.7249185, 6.6288315 49.7248743, 6.6291022 49.724822, 6.6290929 49.7248789))",school,Grundschule Trier-Feyen,Trier,DE,11,54294,Estricher Weg,,,,,,,,,,,,,,,"[1729104968, 1729104983, 1729104985, 1729104990, 1729097238, 1729097363, 1729104988, 1729097057, 1729096883, 1729104974, 1729104973, 1729104971, 1729104969, 1729104967, 1729104965, 1729104968]",,,,,,,,,,,,,,,,,,,,
way,201917031,"POLYGON ((6.6404947 49.7649218, 6.6402001 49.7651215, 6.6400078 49.7650037, 6.6396453 49.765246, 6.6396285 49.7652586, 6.6396281 49.7652738, 6.6396329 49.7653005, 6.6396574 49.7653169, 6.6396844 49.7653372, 6.6395652 49.7654206, 6.6402011 49.7658506, 6.6407266 49.7654535, 6.6410008 49.7652429, 6.6404947 49.7649218))",school,Grundschule Martin,,,,,,,,,,,,,,,,,,,,"[2119246707, 4512536651, 4512536652, 4512536646, 4512536650, 4512536649, 4512536648, 4512536647, 4512536645, 2119246884, 2119246586, 4512536653, 2119246734, 2119246707]",,,,,,,,,,,,,,,,,,,,
way,209977484,"POLYGON ((6.6879476 49.779123, 6.6879211 49.7792637, 6.6875835 49.7792371, 6.6875848 49.7792302, 6.6875429 49.7792269, 6.6875526 49.7791754, 6.6875913 49.7791784, 6.6876068 49.7790962, 6.6879476 49.779123))",school,,,,,,,,,,,,,,,,,,,,,"[2201335531, 2201335534, 4454557572, 4454557571, 2201332700, 4454557569, 4454557570, 2201332689, 2201335531]",,,,yes,,multi,,,,,,,,,sports_centre,,,,,
way,226796880,"POLYGON ((6.6509134 49.7604317, 6.6510109 49.76051, 6.6512159 49.7606746, 6.6515107 49.7605271, 6.6513605 49.7604065, 6.6513794 49.7603031, 6.6515662 49.7602044, 6.6514941 49.7601448, 6.6515347 49.7601231, 6.6514494 49.7600531, 6.6514097 49.7600752, 6.6513332 49.760014, 6.6510432 49.7601652, 6.6510273 49.7602197, 6.6509855 49.760215, 6.6509802 49.7602464, 6.650976 49.7602709, 6.6509959 49.7602845, 6.6509272 49.7603229, 6.6509134 49.7604317))",school,Privatschule Sankt Maximin,Trier,,18b,54292,Maximinstraße,,,,,,www.st-maximin.de,,,,,,,,,"[2355440532, 4501179876, 2355440540, 2355440544, 2355440529, 2355440525, 2355440546, 2355440557, 2355440531, 2355440533, 2355440536, 2355440530, 2355440526, 4489564614, 4489564612, 4501179881, 4489564613, 2355440543, 2355440545, 2355440532]",,,,yes,,,2,flat,,,,,,,,,,,,
way,226812512,"POLYGON ((6.650882 49.761025, 6.6511472 49.7608939, 6.6512116 49.7609483, 6.6511781 49.7609648, 6.651218 49.7609985, 6.6508096 49.7612005, 6.6507053 49.7611125, 6.6508564 49.7610377, 6.650882 49.761025))",school,Bischöfliche Förderschule Sankt Josef,Trier,DE,2,54292,Schöndorfer Straße,,,foerderschule@sankt-josef-trier.de,,+49 651 28421,,,,,,,,,,"[2355515426, 2355515504, 4504699028, 4504699029, 2355515506, 2355515465, 2355515469, 4504699034, 2355515426]",,,,yes,,,3,hipped,1,,,Bischöfl. Förderschule St. Josef,,,,,,,,
way,315324051,"POLYGON ((6.6280552 49.7470445, 6.628019 49.7474966, 6.628065 49.7478507, 6.6283785 49.747828, 6.6283727 49.747794, 6.6287216 49.7477688, 6.6287204 49.7476581, 6.6289737 49.7476347, 6.6289431 49.7474958, 6.6292546 49.7474683, 6.6294596 49.7474906, 6.6293539 49.7472876, 6.6293212 49.7472472, 6.629222 49.7472638, 6.6290612 49.7471302, 6.6289269 49.7471554, 6.6289047 49.7471596, 6.6288757 49.7470345, 6.6288554 49.7469465, 6.6286089 49.7469705, 6.6286159 49.7470009, 6.6283483 49.747022, 6.6281408 49.7470391, 6.6280552 49.7470445))",school,Nelson Mandela Gesamtschule,Trier,DE,12b,54290,Speestraße,,,,,,,,,,,,,,,"[1725104751, 602764513, 206184656, 1323770287, 1323770303, 1323770281, 1323770274, 330795394, 330795395, 603034015, 1323841272, 1725104870, 1725104847, 1323841290, 3214347491, 3214347488, 3214347496, 3336905240, 330795399, 1725104707, 3214347490, 1725104745, 330795392, 1725104751]",,Pestalozzi-Hauptschule,,,,,,,,,,,,,,,,,,
way,337799484,"POLYGON ((6.5785467 49.719488, 6.5785681 49.7195005, 6.5786397 49.7195422, 6.578735 49.7195963, 6.5787459 49.7196041, 6.5787575 49.7196124, 6.5788871 49.7196845, 6.5789337 49.7197151, 6.5790293 49.7197687, 6.5790956 49.7198096, 6.5791277 49.7198294, 6.5791752 49.7198655, 6.5797581 49.7194948, 6.5793452 49.7190869, 6.579253 49.7190029, 6.5789784 49.7191181, 6.5786745 49.7193186, 6.5785467 49.719488))",school,Grundschule Zewen,,,,,,,,,,,http://www.ghs-zewen.de/,,,,,,,,,"[3448572312, 3448572314, 1644708968, 1644709072, 4061862241, 1644709103, 1644709224, 1644709265, 1644709317, 3448572317, 582456940, 1644709418, 3448572313, 3448572118, 3448572117, 3448572119, 3448572121, 3448572312]",,,,,,,,,,,,,,,,,,,,
way,341126621,"POLYGON ((6.6312037 49.7540363, 6.6309527 49.753598, 6.6307782 49.7536398, 6.6310292 49.754078, 6.6312037 49.7540363))",school,Karl Borromäus Schule,,,,,,,,,,,,,,,,,,,,"[3483472178, 3483472923, 3483472180, 3483472157, 3483472178]",,,,school,,,4,flat,,,,,,,,Gebäude G,,,,
way,472644430,"POLYGON ((6.6587246 49.7307713, 6.6597817 49.7307181, 6.6594387 49.7300359, 6.658683 49.7300822, 6.6587179 49.7306599, 6.6587246 49.7307713))",school,,,,,,,,,,,,,,,,,,,,,"[4668427321, 4668427322, 4668427323, 4668427324, 4668427325, 4668427321]",,,,,,,,,,,,,,,,,Bing,,,
way,492658238,"POLYGON ((6.6313888 49.7414441, 6.631325 49.74127, 6.6315747 49.7412606, 6.6317576 49.7412437, 6.6318559 49.741235, 6.6320828 49.7412037, 6.6321256 49.7411971, 6.6324342 49.7411426, 6.6324429 49.7411869, 6.6325739 49.7416484, 6.6325775 49.7416952, 6.6318091 49.7417127, 6.6316462 49.7417351, 6.631508 49.7417572, 6.6314009 49.7417743, 6.6311221 49.7418173, 6.6310014 49.7415027, 6.6313888 49.7414441))",school,Matthias-Grundschule,Trier,DE,2-4,54290,Kentenichstraße,,,info@matthias-grundschule.de,,+49 651 30625,https://matthias-grundschule.eu,,,,,,,,,"[1229369782, 4846474900, 4846474901, 4846474913, 4846474902, 4846474903, 4846474904, 1678198229, 1726721388, 1726721441, 4846474906, 4846474907, 4846506541, 4849874448, 4846474908, 4849874446, 4849874445, 1229369782]",,,,,,,,,,1914,,,,,,,bing,,,
way,495702305,"POLYGON ((6.6971031 49.7246023, 6.6975993 49.7248277, 6.6977334 49.7246955, 6.6979413 49.7246331, 6.6980566 49.7245056, 6.6982417 49.7244276, 6.6981867 49.7243713, 6.6976355 49.7241051, 6.6971031 49.7246023))",school,Grundschule Trier-Irsch,,,,,,,,,,,,,,,,Stadt Trier,,,,"[4874325454, 4874325458, 4874325457, 4874325455, 4874325451, 4874325445, 4874325442, 4874325439, 4874325454]",,,,,,,,,,,,,,,,,,,,
way,499443926,"POLYGON ((6.6457583 49.7566636, 6.6456398 49.7563422, 6.6455738 49.7561631, 6.6455884 49.7560829, 6.6468206 49.7557901, 6.6468965 49.755841, 6.6472889 49.7560788, 6.6473356 49.7560495, 6.6475318 49.7561705, 6.6476577 49.7562491, 6.6475694 49.7562972, 6.6474899 49.7563384, 6.6473873 49.7562735, 6.6473063 49.7563298, 6.6474674 49.7565092, 6.6475023 49.7564936, 6.6475559 49.7565541, 6.6472395 49.7566703, 6.6472314 49.7566793, 6.647091 49.7567323, 6.6470613 49.7567431, 6.6467468 49.7568575, 6.6467401 49.7568507, 6.6466634 49.7568795, 6.6465889 49.7568021, 6.6465592 49.7568186, 6.6457583 49.7566636))",school,,,,,,,,,,,,,,,,,,,,,"[2531055186, 10903362279, 2531055185, 1433575483, 1433575473, 1433585303, 1433585330, 1433585325, 1433585340, 1433585364, 1433585383, 1433585389, 1433585367, 1433585387, 4498427747, 4498427748, 1433585426, 1433585450, 1433585451, 1433585466, 1531008002, 1531051718, 4498427749, 1531051719, 1429038466, 2531055187, 2531055186]",,,,,,,,,,,,,,,,,,,,
way,499443927,"POLYGON ((6.6457333 49.7577404, 6.6457588 49.7577387, 6.6457856 49.7577352, 6.6458124 49.7577291, 6.6458379 49.7577222, 6.6458687 49.7577144, 6.645905 49.7576997, 6.6459345 49.7576841, 6.6461008 49.7575914, 6.6461542 49.7575549, 6.6462191 49.7575098, 6.6460378 49.75743, 6.6458578 49.7571113, 6.645652 49.7570224, 6.6455888 49.7570978, 6.6455118 49.7571331, 6.6455415 49.7571808, 6.6453806 49.7572225, 6.6454123 49.7572735, 6.6453933 49.7572784, 6.6453753 49.7572831, 6.6453569 49.7572535, 6.6451986 49.7572946, 6.6452184 49.7573264, 6.6451648 49.7573403, 6.6452258 49.7574385, 6.6453124 49.7575784, 6.6451631 49.7576171, 6.6450164 49.7573747, 6.6449836 49.7573896, 6.6446357 49.7575591, 6.6446065 49.7575735, 6.6446396 49.7576723, 6.6446473 49.7576926, 6.6451677 49.7577368, 6.6457333 49.7577404))",school,Auguste-Viktoria-Gymnasium,Trier,,,54290,Flanderstraße,,,,,,http://www.avg-trier.de,,,,,,,,,"[4573611789, 4573611588, 4573611587, 4573611586, 4573611585, 4573611584, 4573611583, 4573611582, 4573611581, 4573611575, 4573611576, 4573611577, 4573611578, 4573611579, 4573611574, 4573611580, 1429042363, 1429042366, 1429042370, 6185798203, 1429042371, 1429042369, 1429042373, 1429042374, 1726511291, 1726511310, 1726511319, 1726511325, 1429042377, 4494880860, 7164574282, 4494880861, 4977179468, 4494880862, 4494880859, 4573611789]",,,,,,,,,,,,AVG Trier,Q766044,de:Auguste-Viktoria-Gymnasium Trier,,,,,,
way,499544996,"POLYGON ((6.6337035 49.7510403, 6.6336885 49.7509975, 6.6339884 49.7509556, 6.6342646 49.7509193, 6.6347931 49.7508501, 6.6348676 49.7510073, 6.6350712 49.7513883, 6.6349259 49.7514205, 6.634829 49.7514486, 6.634742 49.751484, 6.6346792 49.7515166, 6.6346109 49.7515513, 6.6345497 49.7516006, 6.6344644 49.7516654, 6.6337465 49.7512878, 6.6336273 49.7512264, 6.6337343 49.7511397, 6.6337035 49.7510403))",school,Humboldt-Gymnasium,,,,,,,,verwaltung@hgt-trier.de,,+49 651 97950,,,,,,Stadt Trier,https://www.hgt-trier.de/start/,,,"[4576048712, 1428884645, 1428884634, 1428884631, 1428870783, 996210503, 996210504, 996210505, 996210506, 996210508, 996210511, 996210513, 996210516, 996210517, 996210484, 4576048710, 4576048711, 4576048712]",,,,,,,,,,,2;3,HGT Trier,Q1636906,de:Humboldt-Gymnasium Trier,,,,,,
way,500430170,"POLYGON ((6.6436108 49.7482083, 6.6437278 49.7482422, 6.6446611 49.7480621, 6.6446237 49.7480001, 6.6448057 49.7479458, 6.6446737 49.7477711, 6.6447869 49.7477307, 6.644852 49.7477099, 6.6448993 49.7476958, 6.6447503 49.7475147, 6.6446712 49.7473197, 6.6447522 49.747307, 6.6448477 49.7472967, 6.6447362 49.7469505, 6.644726 49.7469221, 6.6440429 49.7470694, 6.6439895 49.7470734, 6.6439066 49.7470684, 6.6438333 49.7470547, 6.643763 49.7470247, 6.643716 49.7469963, 6.6436088 49.7469956, 6.643551 49.7472119, 6.6434742 49.7474496, 6.6433946 49.7476041, 6.6433419 49.7477371, 6.6432425 49.7479089, 6.6432472 49.7479262, 6.6432597 49.747972, 6.6433339 49.7480684, 6.643347 49.7480787, 6.6434315 49.7481448, 6.6436108 49.7482083))",school,Friedrich-Wilhelm-Gymnasium,,,,,,,,verwaltung@fwg-trier.com,+49 651 966383 18,,http://www.fwg-trier.com/,,,,,Stadt Trier,,,,"[3325515757, 4914857112, 4914857113, 5756148210, 5756148206, 5756148218, 132280262, 5756148216, 5756148207, 2355430328, 4818572363, 5756148209, 4818572364, 4818572365, 5756148208, 4545285735, 600069030, 1722748922, 1387779345, 4914857115, 1722748919, 4914857116, 4914857117, 4914857118, 3325515751, 3325515752, 3325515753, 4914857119, 3325515754, 3325515755, 4914857120, 3325515756, 3325515757]",,,,,,,,,,,2;3,FWG Trier,Q1457868,de:Friedrich-Wilhelm-Gymnasium (Trier),,,,,,
way,501219290,"POLYGON ((6.6847489 49.8091196, 6.6847561 49.8090902, 6.6849055 49.8091053, 6.684912 49.8090783, 6.6850159 49.8090887, 6.6850703 49.8088541, 6.6849982 49.8088497, 6.6850168 49.8087576, 6.6850219 49.8087364, 6.6849922 49.8087336, 6.684853 49.8087202, 6.6847244 49.8087079, 6.6847176 49.8086632, 6.6845538 49.8086899, 6.6843828 49.8087204, 6.6839642 49.8089138, 6.6839601 49.808974, 6.6839492 49.8090547, 6.683924 49.8092418, 6.683889 49.8092398, 6.6838798 49.8093081, 6.6840229 49.8093161, 6.6840192 49.8093437, 6.6841665 49.8093603, 6.6842441 49.8093677, 6.684339 49.8093706, 6.6844272 49.8092432, 6.6846557 49.8093077, 6.684731 49.8092128, 6.6847489 49.8091196))",school,Grundschule St. Peter,,,,,,,,gs-st.peter@gmx.de,+49 651 7103445,+49 651 64963,,,,,,,http://www.grundschule-st-peter.de/,,,"[4425281113, 4425281110, 4425281111, 4425281108, 4425281109, 4425281104, 4425281103, 4693726503, 4425281102, 4693726502, 4693726496, 4425281101, 4920877446, 6561454618, 4447267737, 4699515464, 3800643067, 3800643060, 4422354822, 3800643068, 3800643062, 4422354821, 3800643069, 3800643064, 4699515465, 3800643061, 3800643071, 4415760148, 4415760149, 4425281113]",,,,,,,,,,,,,,,,,,,,
way,507791226,"POLYGON ((6.6446326 49.7618362, 6.6445944 49.7618555, 6.6440909 49.7614679, 6.6441842 49.7614262, 6.6443924 49.761331, 6.6447993 49.7611586, 6.6450681 49.7610447, 6.6454256 49.7613125, 6.6450453 49.7615223, 6.6451187 49.761578, 6.6450064 49.7616379, 6.6449098 49.7616884, 6.6447533 49.7617719, 6.6446326 49.7618362))",school,Porta-Nigra-Schule,,,,,,,,info@porta-nigra-schule.de,+49 651 26392,+49 651 28011,,,,,,,https://porta-nigra-schule.de/,,,"[2047135888, 4972300063, 4972300062, 2046616182, 4487674208, 2355698536, 4487681553, 4487674205, 2047135826, 2047135834, 2047135839, 2047135857, 2047135880, 2047135888]",,,,,,,,,,,,,,,,,,,,
way,510252740,"POLYGON ((6.6875869 49.77891, 6.6892646 49.7790447, 6.6891569 49.7794005, 6.6888166 49.7793731, 6.6880512 49.7793129, 6.6880585 49.7792745, 6.6879211 49.7792637, 6.6875835 49.7792371, 6.6875848 49.7792302, 6.6875429 49.7792269, 6.6875526 49.7791754, 6.6875869 49.77891))",school,Gregor-von-Pfalzel-Grundschule,Trier,DE,49,54293,Pfalzgrafenstraße,,,,,,,,,,,,,,,"[4458450206, 4456468478, 4456468477, 2201332697, 2201332686, 4458450212, 2201335534, 4454557572, 4454557571, 2201332700, 4454557569, 4458450206]",,,,,,,,,,,,,,,,,,,,
way,516881080,"POLYGON ((6.6417757 49.7415141, 6.6424611 49.74134, 6.6422631 49.7411498, 6.6416669 49.740577, 6.6412263 49.7407325, 6.6416089 49.7412688, 6.6417757 49.7415141))",school,Grundschule Heiligkreuz,Trier,DE,21,54295,Rotbachstraße,,,,,,http://www.grundschule-heiligkreuz.de/,,,,,,,post@grundschule-heiligkreuz.de,+49 651 309872,"[1721683193, 5045158008, 7858753360, 5045158009, 5045158010, 1721683185, 1721683193]",,,+49 651 981297 0,,,,,,,,1,,,,,,,1-4,,
way,518626766,"POLYGON ((6.6455525 49.7560539, 6.6457237 49.7560147, 6.6460466 49.7559365, 6.6461183 49.7559198, 6.6462731 49.7558845, 6.6465996 49.7558051, 6.6467807 49.7557627, 6.6467915 49.7557495, 6.6467962 49.7557325, 6.6467782 49.7557082, 6.6466999 49.7556502, 6.6465325 49.7555488, 6.6464553 49.7554506, 6.646447 49.755427, 6.6464201 49.7553956, 6.6463397 49.7553087, 6.6461222 49.7553796, 6.6460713 49.755397, 6.6459928 49.7554164, 6.6459603 49.7554254, 6.64584 49.7554685, 6.6457524 49.755479, 6.645732 49.7554816, 6.6457329 49.7555363, 6.6458183 49.7556732, 6.645786 49.7556821, 6.6455245 49.7557462, 6.6455525 49.7560539))",school,St. Helena Schule & Grundschule am Dom,,,,,,,,,,,,,,,,,,,,"[4239611333, 1429032118, 1429032108, 4239611337, 1433575481, 1433575475, 1433575466, 4241035998, 1433575462, 1433575460, 4241036000, 1433575444, 1433575424, 1433575415, 1433575408, 1433575400, 1433575411, 1433575417, 1429032039, 4496759502, 1429032054, 1429032055, 4239611340, 1429032068, 1429032087, 4239611336, 4239611335, 4239611333]",,,,,,,,,,,,,,,,,,,,
way,539496525,"POLYGON ((6.636035 49.7587589, 6.6358303 49.758815, 6.6357787 49.7588206, 6.635832 49.75894, 6.6352823 49.7590445, 6.6351603 49.7590678, 6.6351746 49.7590875, 6.635149 49.7590933, 6.6351385 49.759107, 6.6351595 49.7591575, 6.6351821 49.7591653, 6.6351866 49.7591876, 6.6351776 49.7592003, 6.6352002 49.7592479, 6.6352227 49.7592527, 6.6352378 49.7592838, 6.6352288 49.7592936, 6.6352543 49.7593509, 6.6352709 49.7593509, 6.6352844 49.7593762, 6.6352769 49.7593917, 6.635301 49.7594394, 6.6353145 49.7594452, 6.6353296 49.7594724, 6.635304 49.7594724, 6.6352859 49.7594831, 6.6353175 49.7595482, 6.6353762 49.7595725, 6.6353777 49.7595851, 6.6354093 49.7595949, 6.6354334 49.7595881, 6.63547 49.7596028, 6.6355076 49.7596885, 6.6355703 49.7598299, 6.6356021 49.759824, 6.635632 49.7598914, 6.6361602 49.7597938, 6.6362423 49.7597777, 6.6363074 49.7598639, 6.6364497 49.7600482, 6.636548 49.7600166, 6.6365409 49.7600074, 6.6365849 49.7599933, 6.636738 49.7601916, 6.6367825 49.7601773, 6.636875 49.760297, 6.6369618 49.760269, 6.6369449 49.7602472, 6.6369863 49.7602338, 6.6369922 49.7602415, 6.6370841 49.7602119, 6.6370051 49.7601096, 6.6370981 49.7600797, 6.6371105 49.7600958, 6.6371312 49.7601226, 6.6374798 49.7600109, 6.6372566 49.7597242, 6.6371157 49.7595436, 6.636803 49.7596448, 6.6367804 49.7596194, 6.6367545 49.7595875, 6.6367443 49.7595749, 6.6367344 49.7595627, 6.6367172 49.7595428, 6.6366817 49.7594991, 6.6366411 49.7595129, 6.6364133 49.7592323, 6.6364699 49.7592133, 6.6365796 49.759176, 6.6364888 49.7590647, 6.6363792 49.7591019, 6.6363218 49.7591197, 6.6360942 49.7588394, 6.6361434 49.7588227, 6.6361089 49.7587802, 6.636067 49.7587944, 6.636035 49.7587589))",school,,,,,,,,,,,,,,,,,,,,,"[1395188218, 1395188246, 5220383692, 1395188270, 1395188292, 1395188294, 1395188301, 1395188305, 1395188313, 1395188327, 1395188331, 1395188336, 1395188338, 1395188349, 1395188351, 1395188358, 1395188362, 1395188372, 1395188373, 1395188379, 1395188381, 1395188387, 1395188390, 1395188397, 1395188396, 1395188400, 1395188409, 1395188415, 1395188419, 1395188421, 1395188420, 1395188424, 1395188438, 1395188458, 1395188457, 1395188464, 1395188453, 5220383696, 1497347803, 1497347809, 1497347807, 1497347805, 1497310482, 1497310512, 1497310510, 1497310531, 1497310527, 1497310525, 1497310522, 1497310523, 1497310517, 1497310501, 1497310495, 1497310496, 1497310503, 1497310485, 1497310451, 5220383695, 5335637778, 1395188429, 5335637775, 10778280874, 1395188413, 1395188406, 1395188401, 1395188403, 5335637777, 4612541912, 4612541917, 4612541916, 4612541915, 5335637776, 1395188254, 1395188251, 1395188233, 1395188238, 1395188218]",,,,,,,,,,,,,,,,,,,,
way,541567042,"POLYGON ((6.6587496 49.7653357, 6.6582159 49.7657608, 6.65806 49.7658834, 6.6579856 49.7659403, 6.6578085 49.7660758, 6.6572981 49.7658514, 6.6574824 49.7657063, 6.6571175 49.7654974, 6.6574022 49.7652703, 6.6570611 49.7650817, 6.6570045 49.7650533, 6.6575731 49.7646281, 6.6579064 49.7648037, 6.6578543 49.7648431, 6.6584997 49.7652037, 6.6586544 49.7652845, 6.6587496 49.7653357))",school,,,,,,,,,,,,,,,,,,,,,"[3930516638, 5236690553, 3930516639, 5236690555, 3930516653, 3930516652, 2311184978, 2311184977, 2311184976, 2311184975, 5236690549, 5236690550, 2311185016, 3930516650, 9588386641, 5236690564, 3930516638]",,,,,,,,,,,,,,,,,Bing;HiRes aerial imagery,,,
way,543581705,"POLYGON ((6.6507053 49.7611125, 6.6508096 49.7612005, 6.6508328 49.7612232, 6.6509486 49.7613246, 6.651146 49.7612219, 6.6513337 49.7611243, 6.6512422 49.7610479, 6.6514054 49.7609701, 6.6513044 49.7609088, 6.6513405 49.7608454, 6.6513111 49.7608178, 6.6511472 49.7608939, 6.6508564 49.7610377, 6.6507053 49.7611125))",school,,,,,,,,,,,,,,,,,,,,,"[2355515469, 2355515465, 4504699051, 4504699052, 4504699053, 2355515400, 2355515487, 2355515378, 5254824943, 4504699071, 5254824942, 2355515504, 4504699034, 2355515469]",,,,,,,,,,,,,,,,,,,,
way,552574385,"POLYGON ((6.7065721 49.8219159, 6.7066155 49.8218947, 6.7066641 49.821871, 6.7066363 49.8218562, 6.7068937 49.8216514, 6.7069806 49.8215368, 6.7065983 49.8212267, 6.7062684 49.821063, 6.7060564 49.8212315, 6.7059305 49.8211578, 6.7056048 49.8213631, 6.7056256 49.8213749, 6.7062551 49.8217327, 6.7065721 49.8219159))",school,,,,,,,,,,,,,,,,,,,,,"[5334847545, 5335163751, 5334847546, 5334847547, 5334847548, 5334847549, 5334847550, 5334847551, 5334847552, 5334847553, 5334847554, 5335163594, 5335163752, 5334847545]",,,,,,,,,,,,,,,,,Bing,,,
way,552883517,"POLYGON ((6.6870582 49.7524562, 6.6874525 49.7521521, 6.68782 49.7518176, 6.6888231 49.7523479, 6.6880037 49.7529397, 6.6870582 49.7524562))",school,Keune-Grundschule,Trier,DE,33,54296,Am Weidengraben,no,,info@keune-gs.de,+49 651 4368679,+49 651 12384,,,,,,,http://www.keune-gs.de/,,,"[5337438532, 5337438531, 5337438530, 5337438529, 5337438528, 5337438532]",,,,,,,,,,,,,,,,,,,flat,
way,571082879,"POLYGON ((6.6060743 49.7396593, 6.6060579 49.7396478, 6.6059579 49.7395694, 6.6059136 49.7395368, 6.6054853 49.7392592, 6.6056837 49.7391887, 6.6059499 49.7390702, 6.606006 49.7391185, 6.6064287 49.7389218, 6.6069238 49.7393081, 6.6066833 49.7394864, 6.6065832 49.7395637, 6.60649 49.7395659, 6.6062887 49.7395805, 6.6060743 49.7396593))",school,Johann-Herrmann-Grundschule,,,,,,,,,,,,,,,,,https://www.gs-euren.de/,,,"[5489469938, 1627018749, 1627018727, 1627018711, 207507547, 7069903740, 8895679691, 1627018608, 5489469937, 5489469936, 1627018704, 1627018723, 10727764227, 5489469934, 5489469938]",,,,,,,,,,,,,,,,,,,,
way,571783490,"POLYGON ((6.6260299 49.7619917, 6.626333 49.7621607, 6.6263129 49.7621771, 6.6264376 49.7622508, 6.6260688 49.7624751, 6.6259038 49.7623677, 6.6260339 49.7622585, 6.6258542 49.762081, 6.6260299 49.7619917))",school,Grundschule Pallien,Trier,DE,30,54294,Im Sabel,,,,,,,,,,,,http://typo.grundschule-pallien.de,,,"[5494502928, 6064158580, 6064158579, 5494502927, 5494502926, 5494502925, 5494502924, 5494502923, 5494502928]",,,,,,,,,,,,,,,,,,,,
way,571783493,"POLYGON ((6.6203717 49.7524761, 6.6204946 49.7524427, 6.6211043 49.7522974, 6.6213387 49.7528158, 6.6208315 49.7529929, 6.620585 49.7530484, 6.6204849 49.7528518, 6.6205785 49.752829, 6.6204534 49.7525866, 6.6204296 49.7525914, 6.6203717 49.7524761))",school,Kurfürst-Balduin Realschule plus,,,,,,,,,,,,,,,,,http://www.kubawest.de/,,,"[1547608622, 1596547053, 5494502930, 5494502929, 1547608707, 1547608742, 1547608666, 1547608659, 6954870314, 6954870316, 1547608622]",,,,,,,,,,,,,,,,,,,,
way,571783496,"POLYGON ((6.6127918 49.7474008, 6.6122421 49.747553, 6.6118186 49.7476685, 6.6113622 49.7469694, 6.6119775 49.7467928, 6.6120839 49.7469515, 6.6123117 49.7468983, 6.6125683 49.7470938, 6.6127918 49.7474008))",school,Grundschule Reichertsberg,Trier,DE,32a,54294,Jahnstraße,,,,,,,,,,,,https://www.grundschule-reichertsberg-trier.de/,,,"[5494502937, 5494501617, 5494502936, 8391846138, 1914299824, 5494502933, 5494502932, 5494502931, 5494502937]",,,,,,,,,,,,,,,,,,,,
way,734924500,"POLYGON ((6.6431291 49.7638109, 6.6427138 49.763334, 6.6430176 49.7632236, 6.6434328 49.7637005, 6.6431291 49.7638109))",school,Bildungsinstitut der Barmherzigen Brüder Trier,,,,,,,,,,,https://www.bk-trier.de/bkt/bildung-karriere/bildungsinstitut/index.php,,,,,,,sekretariat.bib@bk-trier.de,+49 651 208-1408,"[6883097605, 6883097604, 6883097603, 6883097602, 6883097605]",,,+49 651 208-1409,school,,,2,flat,1,,,,,,,,,,,
way,1141655228,"POLYGON ((6.6634709 49.7414273, 6.6636533 49.7421311, 6.6649434 49.7418971, 6.6648495 49.7416804, 6.6651741 49.7416284, 6.66504 49.741228, 6.6649125 49.7410373, 6.6642031 49.7412089, 6.6634709 49.7414273))",school,Grundschule Olewig,Trier,DE,40,54295,Auf der Ayl,,,,,,,,,,,,,,,"[10634212546, 10634212545, 10634212544, 10634212543, 10634212542, 10634212541, 10634212540, 10634212539, 10634212546]",,,,,,,,,,,,,,,,,,,,
way,1141737759,"POLYGON ((6.6933069 49.7400423, 6.6913266 49.7384274, 6.6895338 49.7393204, 6.6906156 49.7403094, 6.6933069 49.7400423))",school,Wilhelm-Hubert-Cüppers Gehörlosenschule,,,201,54296,Am Trimmelter Hof,,,whc@whc-schule-trier.de,+49 651 910 3534,+49 651 910 350,http://www.whc-schule-trier.de/,,,,,,,,,"[10634540642, 10634540641, 10634540640, 10634540639, 10634540642]",,,,,,,,,,,,,,,,,,,,
way,1165657122,"POLYGON ((6.6522436 49.764376, 6.6519506 49.7642442, 6.651663 49.7641106, 6.651354 49.7639593, 6.6514569 49.763877, 6.6515477 49.7637981, 6.6516003 49.7637573, 6.6517603 49.7636661, 6.6519183 49.7635717, 6.6522318 49.7633843, 6.6522502 49.7633738, 6.6522693 49.7633624, 6.6525181 49.7635129, 6.6527207 49.7636378, 6.6527341 49.7636298, 6.6531203 49.7638569, 6.6529044 49.7640236, 6.6528561 49.7640602, 6.6527305 49.7641555, 6.6525691 49.7642781, 6.6525565 49.7642876, 6.6525004 49.7642572, 6.6524915 49.7642539, 6.6524769 49.764254, 6.652336 49.7643024, 6.6523142 49.7643086, 6.6523069 49.7643155, 6.6522436 49.764376))",school,Balthasar-Neumann-Technikum,Trier,,105,54292,Paulinstraße,,,,,,http://www.bnt-trier.de/,,,,,,,,,"[3324162647, 10842095663, 10842095662, 10842095651, 3249273854, 3249273837, 4604866658, 4604867796, 4502157997, 4502157998, 10842095660, 10842095652, 6676274784, 6676274783, 4604867792, 4604867791, 4602741079, 4604866680, 10842095653, 4604867789, 4602741080, 4602741081, 4602741082, 4602741083, 4602741084, 3324162648, 10842095654, 3324162647]",,,,,,,,,,,,,,,,,,,,
way,1169277615,"POLYGON ((6.6390777 49.7674527, 6.6390475 49.7674855, 6.6388159 49.7677368, 6.6387917 49.7677368, 6.6387463 49.7677148, 6.6383516 49.7675051, 6.6383623 49.7674963, 6.638349 49.7674895, 6.6383921 49.7674543, 6.6384067 49.7674619, 6.6385851 49.7673165, 6.6386239 49.7672621, 6.6390777 49.7674527))",school,Freie Montessori-Schule Trier,Trier,DE,3,54292,An der Jugendherberge,yes,,,,,http://www.montessori-trier.schule/,,,,,Freie Montessori-Schule Trier e. V.,,,,"[6321574368, 10873054810, 10872951479, 10872951480, 1622448023, 1622447885, 1622447858, 1622447794, 1622447734, 1622447761, 1622447535, 6321574373, 6321574368]",,,,,,,,,,,,,,,,,,,,private
way,1172676113,"POLYGON ((6.6478408 49.7340588, 6.647483 49.7340569, 6.6474027 49.7340233, 6.6470942 49.7339783, 6.6469173 49.7339769, 6.646916 49.7340465, 6.646846 49.7340811, 6.6465388 49.7340703, 6.6463284 49.7340661, 6.6463213 49.7337861, 6.6465881 49.7337889, 6.6465914 49.7336119, 6.6465705 49.7334779, 6.6466953 49.7334601, 6.6466722 49.7335018, 6.6470483 49.7335474, 6.6470738 49.7335073, 6.6473448 49.7335428, 6.6474175 49.7335594, 6.6474517 49.7335797, 6.6478408 49.7340588))",school,Treverer-Schule,Trier,DE,42,54295,Trevererstraße,yes,,,,,http://www.tre-sch.de,,,,,,,,,"[10895684073, 10895684074, 2652373001, 2652373002, 2652373003, 2652373004, 10895684022, 10895684023, 10895684075, 10895684076, 10895684077, 2652372993, 10895684026, 10895674277, 10895674278, 10895674275, 10895674276, 10895684078, 10895684079, 10895684080, 10895684073]",,,,,,,,,,,,,,,,,,,,
