element_type,osmid,amenity,brand,operator,geometry,ref,roof:shape,addr:city,addr:country,addr:housenumber,addr:postcode,addr:street,craft,name,opening_hours,website,nodes,building,shop,toilets,toilets:wheelchair,wheelchair,building:levels,roof:levels,layer,phone,source,addr:suburb,contact:phone,brand:wikidata,brand:wikipedia,fax,start_date,loc_name,emergency,disused:amenity,disused:name,nohousenumber,contact:email,contact:website,service,leisure,email,roof:orientation,building:use,roof:height,fixme,contact:fax,area,note,ways,type
way,27596575,,,,"POLYGON ((6.6492336 49.7563435, 6.6493381 49.7564598, 6.6493758 49.7564438, 6.6493874 49.7564678, 6.6493552 49.7564811, 6.6495529 49.7566912, 6.6495249 49.7567074, 6.6497926 49.756965, 6.6498165 49.7569604, 6.6499353 49.7570835, 6.6507897 49.7567428, 6.6511719 49.7565945, 6.6512771 49.7565521, 6.6513141 49.7565372, 6.6508998 49.7560949, 6.6508701 49.7560632, 6.6507607 49.7560555, 6.650661 49.7560491, 6.6505814 49.756041, 6.6502764 49.7560141, 6.6502093 49.7560062, 6.6501861 49.7560035, 6.6501302 49.7560273, 6.6500812 49.7560453, 6.6500095 49.7560767, 6.6499221 49.7560982, 6.6498282 49.7561087, 6.6497327 49.7561091, 6.6496664 49.7561128, 6.6496164 49.756121, 6.6495763 49.7561279, 6.6495385 49.7561409, 6.6494705 49.7561665, 6.6493992 49.7561955, 6.6493033 49.7562329, 6.6493109 49.7562416, 6.6493581 49.7562964, 6.6492973 49.7563193, 6.6492336 49.7563435))",,,Trier,DE,3,54290,Ostallee,,Alleencenter,Mo-Sa 07:00-22:00,,"[303036777, 638967824, 1403855999, 5058811149, 5058811150, 5058811151, 5058811156, 5058811157, 5058811152, 303036778, 638973290, 638973291, 6022872550, 4682652969, 6321572909, 303036780, 1403855944, 1403855940, 1403855938, 1403855935, 3352366581, 303036781, 638967806, 1403855945, 1403855951, 638967807, 638967808, 638967809, 1403855957, 1403855962, 638967810, 638967811, 1403855970, 638967814, 638967821, 3352366573, 638967822, 638967823, 303036777]",commercial,mall,yes,yes,yes,,,,,,,,,,,,,,,,,,,,,,,,,,,,,,
way,50281384,,,,"POLYGON ((6.6232017 49.7546587, 6.6232655 49.7557422, 6.6236907 49.7557318, 6.6236364 49.7546482, 6.6232017 49.7546587))",,,Trier,DE,22,54294,Hornstraße,,,,,"[10931471131, 10931471130, 10931471129, 10931471133, 10931471131]",commercial,,,,,1,,,,,,,,,,,,,,,,,,,,,,,,,,,,,
way,50287273,,,,"POLYGON ((6.6513347 49.7567765, 6.6513348 49.7567751, 6.6511719 49.7565945, 6.6507897 49.7567428, 6.6508693 49.7568277, 6.6511319 49.7567232, 6.6511684 49.7567704, 6.6513347 49.7567765))",,flat,,,,,,,,,,"[638973000, 638973293, 638973291, 638973290, 638973292, 638973294, 638973001, 638973000]",commercial,,,,,1,0,,,,,,,,,,,,,,,,,,,,,,,,,,,,
way,59610422,,,,"POLYGON ((6.6526084 49.7578043, 6.6527032 49.7577659, 6.6526836 49.7577482, 6.6527057 49.7577394, 6.6527227 49.7577326, 6.6527968 49.7577023, 6.6528861 49.7576654, 6.6527879 49.7575664, 6.6526986 49.7576033, 6.6524296 49.757332, 6.6523887 49.7573503, 6.6523722 49.757333, 6.6522128 49.7574024, 6.6526084 49.7578043))",,flat,,,,,,,,,,"[739442374, 441779828, 6022801855, 7503979062, 2409876168, 739442375, 7503979065, 7503979064, 7503979066, 739442376, 6022801853, 6022801854, 739442377, 739442374]",commercial,,,,,4,,1,,,,,,,,,,,,,,,,,,,,,,,,,,,
way,73032641,,,,"POLYGON ((6.6242183 49.7568372, 6.6244661 49.7567986, 6.6243137 49.7563902, 6.6242924 49.7563331, 6.6240445 49.7563717, 6.6242183 49.7568372))",,,Trier,,64,54294,Aachener Straße,,Möbelum,Mo-Sa 09:00-19:00,http://www.moebelum.de/,"[866762947, 866762931, 866762929, 866762950, 866762953, 866762947]",commercial,furniture,,,,,,,+49 651 9937799,,,,,,,,,,,,,,,,,,,,,,,,,,
way,96258944,,,,"POLYGON ((6.6114084 49.7284421, 6.6116101 49.7285721, 6.611793 49.7284611, 6.6119905 49.7285879, 6.6122416 49.7284245, 6.6118314 49.7281612, 6.6114084 49.7284421))",,flat,,,,,,,,,,"[5347000670, 1115783393, 1115782291, 1115782768, 1115783284, 1115783593, 5347000670]",commercial,,,,,2,,,,bing,,,,,,,,,,,,,,,,,,,,,,,,,
way,96258948,,,,"POLYGON ((6.601572 49.726305, 6.6017461 49.7261951, 6.6014893 49.7260251, 6.6013251 49.7261288, 6.6013289 49.7261313, 6.6014891 49.7262373, 6.6015154 49.7262547, 6.6015096 49.7262585, 6.601536 49.726276, 6.601532 49.7262785, 6.601572 49.726305))",,flat,Trier,DE,20,54294,Niederkircher Straße,,,,,"[6925549936, 1115783484, 1115782399, 6925549935, 6925549934, 1115782533, 1115783110, 6925549939, 6925549938, 6925549937, 6925549936]",commercial,,,,,1,,,,,,,,,,,,,,,,,,,,,,,,,,,,,
way,96258953,,,,"POLYGON ((6.6121593 49.728686, 6.6125403 49.728931, 6.6127905 49.7287711, 6.6124176 49.7285235, 6.6121593 49.728686))",,flat,,,,,,,,,,"[1115782888, 1115783308, 1115782208, 1115782633, 1115782888]",commercial,,,,,2,,,,bing,,,,,,,,,,,,,,,,,,,,,,,,,
way,96258992,,,,"POLYGON ((6.6004082 49.7247064, 6.6015039 49.7254441, 6.6021498 49.7250409, 6.6028914 49.7245779, 6.6029247 49.7246003, 6.6037577 49.7240802, 6.6037126 49.7240498, 6.6039502 49.7239015, 6.603815 49.7238105, 6.6038693 49.7237765, 6.6035855 49.7235855, 6.603985 49.7233361, 6.6038215 49.723067, 6.6037526 49.7231095, 6.6036145 49.7231946, 6.6031624 49.7234678, 6.6028227 49.723696, 6.6027293 49.7237459, 6.6028542 49.72383, 6.6030181 49.7239403, 6.602461 49.7242881, 6.6023045 49.7241828, 6.6019129 49.7239191, 6.6011629 49.7243873, 6.6010457 49.7243085, 6.6004082 49.7247064))",,flat,Trier,DE,27,54294,Niederkircher Straße,winery,Schloss Wachenheim,,,"[1115783599, 1115782370, 1639495341, 1639461854, 1639461874, 1639461660, 1639461652, 1115782919, 1639461550, 1639461523, 1115783468, 1115782389, 1115782950, 10829445509, 1115783402, 1115782306, 1115782790, 1639461512, 1639461557, 1115783305, 1115782204, 1639461716, 1115782821, 1639461808, 1639461781, 1115783599]",commercial,,,,,2,,,,,Euren,+49 651 99880,,,,,,,,,,,,,,,,,,,,,,,
way,111609812,,,,"POLYGON ((6.6703996 49.768455, 6.6709811 49.7686858, 6.6710081 49.7686611, 6.6711956 49.7687349, 6.6713343 49.7685892, 6.6710778 49.7684822, 6.6711024 49.7684577, 6.6706607 49.7682809, 6.6706365 49.7683064, 6.6703968 49.7682126, 6.6702532 49.7683604, 6.6704232 49.7684292, 6.6703996 49.768455))",,,Trier,DE,33,54292,Metternichstraße,,,,,"[1271154010, 1271154012, 4701618861, 4701618860, 1271154013, 4701618863, 4701618862, 1271154020, 1271154021, 1271154023, 1271154025, 1271154027, 1271154010]",commercial,,,,,,,,,Bing,,,,,,,,,,,,,,,,,,,,,,,,,
way,113971135,,,,"POLYGON ((6.6110005 49.7329875, 6.6112411 49.7332272, 6.6113309 49.7331896, 6.6114358 49.7331456, 6.6117275 49.7334387, 6.612018 49.7333179, 6.6119184 49.7332111, 6.6114216 49.7327186, 6.611131 49.7328394, 6.6111966 49.7329053, 6.6110005 49.7329875))",,flat,,,,,,,,,,"[1291637140, 1291636869, 5953529311, 1291636749, 1291637206, 1291636852, 5913217556, 1291636864, 1291636910, 1291637045, 1291637140]",commercial,,,,,3,,,,,,,,,,,,,,,,,,,,,,,,,,,,,
way,121475033,,,,"POLYGON ((6.6655348 49.7712083, 6.6658374 49.7710298, 6.6659597 49.7711168, 6.6659 49.771152, 6.6659464 49.771185, 6.6658883 49.7712193, 6.6659382 49.7712547, 6.6658811 49.7712884, 6.6659267 49.7713208, 6.6657176 49.7714441, 6.665627 49.7713797, 6.6655761 49.7714098, 6.665459 49.7713265, 6.6655677 49.7712624, 6.6655791 49.7712705, 6.6656028 49.7712566, 6.6655348 49.7712083))",,,Trier,DE,95,54292,Herzogenbuscher Straße,,,,,"[1359775004, 1359775005, 1359775006, 2031893518, 2031893522, 2031893533, 2031893534, 2031893540, 1359775007, 1359775008, 1359775011, 1359775012, 1359775013, 2031893535, 2031893537, 1359775014, 1359775004]",commercial,,,,,,,,,,,,,,,,,,,,,,,,,,,,,,,,,,
way,124322996,,,,"POLYGON ((6.6585228 49.7634347, 6.6588096 49.7635943, 6.6584744 49.7638457, 6.6585216 49.763872, 6.6583431 49.7640059, 6.6582217 49.7639383, 6.6582541 49.763914, 6.6580414 49.7637957, 6.6582772 49.7636189, 6.6585228 49.7634347))",,flat,Trier,DE,125,54292,Franz-Georg-Straße,,,,,"[1384066177, 1384066210, 1384066158, 1384066199, 1384066180, 1384066167, 1384066202, 1384066176, 5320175887, 1384066177]",commercial,,,,,1,,,,,,,,,,,,,,,,,,,,,,,,,,,,,
way,125173912,,,,"POLYGON ((6.6321923 49.7528015, 6.6322983 49.7527756, 6.6322637 49.7527051, 6.6322363 49.7526494, 6.6322841 49.752637, 6.6321633 49.7524147, 6.6320761 49.7524339, 6.6320933 49.7524714, 6.6319515 49.7524908, 6.6319689 49.7525359, 6.6319099 49.7525477, 6.6318611 49.7525574, 6.6314748 49.7526347, 6.6314436 49.7525636, 6.6314252 49.7525654, 6.6312161 49.7525496, 6.6310102 49.7524887, 6.6308398 49.752441, 6.6306946 49.7523986, 6.6306821 49.7523949, 6.6305776 49.7524957, 6.631309 49.7527102, 6.6313576 49.7527961, 6.6315985 49.7527376, 6.6316628 49.752757, 6.6316927 49.7527137, 6.6319249 49.7526598, 6.6319533 49.7526964, 6.6321039 49.752658, 6.6321489 49.7527311, 6.6321923 49.7528015))",,flat,,,,,,,,,,"[1390949662, 3677510026, 6935297665, 1390949651, 1390949650, 1390949626, 1390949629, 1390949632, 1390949635, 1390949642, 1390949644, 1390949645, 1390949652, 1390949649, 1390949647, 1390949646, 1390949633, 6915679156, 6915679142, 6915679141, 1390949638, 1390949657, 1390949661, 1390949658, 1390949659, 1390949656, 1390949653, 1390949655, 1390949654, 6935297664, 1390949662]",commercial,,,,,1,,,,,,,,,,,,,,,,,,,,,,,,,,,,,
way,125300862,,,,"POLYGON ((6.6353578 49.751752, 6.6354579 49.7518554, 6.6353978 49.75188, 6.6353876 49.751889, 6.6353138 49.75192, 6.6352969 49.751922, 6.635232 49.7519501, 6.6352025 49.7519175, 6.6351886 49.7519143, 6.6351765 49.7519096, 6.6351659 49.751903, 6.6351581 49.7518928, 6.6351569 49.7518822, 6.635159 49.7518735, 6.6351268 49.7518401, 6.635209 49.7518085, 6.6352134 49.7518, 6.6352243 49.7517897, 6.6352444 49.7517826, 6.6352634 49.7517815, 6.6352809 49.7517811, 6.6353578 49.751752))",,mansard,Trier,DE,8,54290,Gerty-Spies-Straße,,,,,"[1392090813, 1392090818, 4567351283, 4567351285, 4567351284, 4567351282, 1392090837, 4567351270, 4567351271, 4567351272, 4567351273, 4567351274, 4567351275, 4567351269, 1392090814, 4567351276, 4567351278, 4567351280, 4567351281, 4567351279, 4567351277, 1392090813]",commercial,,,,,3,2,,,,,,,,,,,,,,,,,,,,,,,,,,,,
way,126515379,,,,"POLYGON ((6.6368944 49.7533903, 6.6368841 49.7534676, 6.6368589 49.7535566, 6.6367757 49.7538413, 6.6368205 49.7538756, 6.6367375 49.7539154, 6.6366697 49.7539496, 6.6366417 49.7539331, 6.6365091 49.7539146, 6.6365346 49.7538432, 6.63658 49.7538468, 6.6366674 49.753539, 6.6366971 49.753445, 6.6367198 49.7534476, 6.6367449 49.7534471, 6.6367645 49.7534379, 6.6367804 49.7534224, 6.6367872 49.7533895, 6.6368944 49.7533903))",,flat,Trier,DE,5;7;9,54290,Stresemannstraße,,,,,"[1402352033, 4577647261, 1402352131, 1402352386, 1402352426, 4577647210, 4577647214, 4577647207, 1402352478, 1402352370, 1402352383, 1402352114, 1402352059, 4577647209, 4577647208, 1402352061, 1402352057, 1126030356, 1402352033]",commercial,,,,,4,1,,,,,,,,,,,,,,,,,,,,,,,,,,,,
way,126520343,,,,"POLYGON ((6.6388462 49.7533531, 6.638933 49.7533653, 6.6392648 49.753379, 6.639302 49.7533528, 6.6392986 49.7533279, 6.639155 49.7531319, 6.6390397 49.7531741, 6.6388281 49.7532505, 6.6388729 49.75331, 6.6388462 49.7533531))",,quadruple_saltbox,Trier,DE,1,54290,Fahrstraße,,Sinn,Mo-Sa 09:30-19:00,,"[1402379966, 1402379967, 1402379973, 1402379964, 3331645229, 1402379935, 1402379944, 1402379950, 1402379954, 1402379966]",commercial,clothes,,no,yes,4,1,,+49 651 94890,,,,Q1291650,de:Sinn (Unternehmen),+49 651 9489100,1910,,,,,,,,,,,,,,,,,,,
way,126700511,,,,"POLYGON ((6.6515595 49.7578151, 6.6515224 49.757781, 6.6514648 49.7578028, 6.6513501 49.7576861, 6.651224 49.757558, 6.651125 49.7574574, 6.6513485 49.7573706, 6.6515417 49.7575709, 6.6517142 49.7577532, 6.6515595 49.7578151))",,flat,Trier,DE,8,54292,Bahnhofsplatz,,Heitkamp-Haus,,,"[1403856271, 4489594200, 4489594199, 4489594201, 1403856178, 4846543467, 4846543466, 3803720875, 4846543465, 1403856271]",commercial,,,,,6,,,,,,,,,,1959,,,,,,,,,,,,,,,,,,,
way,126897536,,,,"POLYGON ((6.6463393 49.7531469, 6.6462989 49.7530922, 6.6463078 49.7530899, 6.6462514 49.753015, 6.6464648 49.7529485, 6.6465087 49.7530035, 6.6465461 49.7529916, 6.6465937 49.7530578, 6.6464693 49.7530998, 6.6464764 49.7531099, 6.6464029 49.7531333, 6.6463997 49.7531289, 6.6463393 49.7531469))",,mansard,Trier,DE,46,54290,Ostallee,,,,,"[1405792075, 5061554626, 5061554625, 1405792014, 1405791986, 1405792010, 1405792002, 1405792036, 1405792054, 1405792068, 5061554624, 5061554623, 1405792075]",commercial,,,,,2,2,,,,,,,,,,,,,,,,,,,,,,,,,,,,
way,128037148,,,,"POLYGON ((6.6409261 49.7520286, 6.6411055 49.7519881, 6.6411027 49.7519803, 6.6410876 49.7519829, 6.6410773 49.7519581, 6.6410858 49.7519566, 6.6410348 49.7518361, 6.641039 49.7518355, 6.6410449 49.751823, 6.6410412 49.7518082, 6.6410316 49.7517954, 6.6410193 49.7517894, 6.6410125 49.7517913, 6.6409819 49.7517134, 6.6408863 49.7517304, 6.6408815 49.7517185, 6.6408046 49.7517315, 6.6408339 49.7518031, 6.6408204 49.7518075, 6.6408124 49.7518211, 6.640809 49.7518311, 6.6408126 49.75185, 6.6408244 49.7518674, 6.6408356 49.7518789, 6.6408538 49.7518841, 6.6408662 49.751882, 6.6409261 49.7520286))",,mansard,Trier,DE,65-67,54290,Weberbach,,,,,"[1415799754, 1415799743, 4580884450, 4580884449, 4580884448, 4580884447, 4580884451, 4578288543, 4578288545, 4578288546, 4578288547, 4578288544, 4580884452, 1415019592, 1415799705, 1415799704, 1415799707, 4578288549, 4578288551, 4578288553, 4578288555, 4578288556, 4578288554, 4578288552, 4578288550, 4578288548, 1415799754]",commercial,,,,yes,3,2,,,,,,,,,,,,,,,,,,,,,,,,,,,,
way,128083806,,,,"POLYGON ((6.6284241 49.7516786, 6.6284111 49.7514103, 6.6286603 49.7514087, 6.6286613 49.7515577, 6.6285869 49.7515585, 6.6285949 49.7516594, 6.6285961 49.7516747, 6.6285973 49.7516899, 6.6284241 49.7516786))",,flat,,,,,,,,,,"[1416190511, 1416190413, 4575460251, 1225804031, 4575460250, 1225804022, 4575461193, 1416190513, 1416190511]",commercial,,,,,2,,,,,,,,,,,,,,,,,,,,,,,,,,,,,
way,128083860,,,,"POLYGON ((6.6285545 49.7518657, 6.6284273 49.7518691, 6.6284659 49.7522856, 6.6284801 49.752285, 6.6286514 49.7522775, 6.6286409 49.7521805, 6.6286216 49.7520119, 6.6285376 49.7520051, 6.6285545 49.7518657))",,flat,Trier,DE,15,54290,Johanniterufer,,,,,"[1416190731, 1416190736, 1416190940, 6908485359, 1416190938, 1416190896, 1416190805, 6906555117, 1416190731]",commercial,,,,,4,,,,,,,,,,,,,,,,,,,,,,,,,,,,,
way,128215872,,,,"POLYGON ((6.6399072 49.7576076, 6.6400566 49.7575469, 6.6402192 49.7574721, 6.6402771 49.7575313, 6.6401588 49.7575797, 6.6402335 49.7576574, 6.6401866 49.7576766, 6.6401725 49.7576741, 6.6401515 49.7576525, 6.6400534 49.7576933, 6.640014 49.7576615, 6.6399774 49.7576779, 6.6399072 49.7576076))",,mansard,,,,,,,Bernard-Massard Sektkellerei,,,"[1417402041, 4584294491, 4584220818, 1417402038, 1417402040, 1417402045, 1417402053, 1417402044, 1417402056, 1417402054, 4584220787, 1417402050, 1417402041]",commercial,,,,,2,1,,,,,,,,,,,,,,,,,,,,,,,,,,,,
way,128497574,,,,"POLYGON ((6.6746263 49.7744145, 6.6747819 49.7744533, 6.6748963 49.7742621, 6.6747407 49.7742233, 6.6746263 49.7744145))",,,,,,,,,,,,"[1419988641, 1419988644, 1419988635, 1419988631, 1419988641]",commercial,,,,,,,,,,,,,,,,,,,,,,,,,,,,,,,,,,
way,128650744,,,,"POLYGON ((6.6435366 49.7578756, 6.6433857 49.7578736, 6.6434102 49.7580074, 6.6434126 49.7580187, 6.6433744 49.7580453, 6.6432781 49.7580734, 6.6432493 49.7579748, 6.6432273 49.7578998, 6.6432163 49.7578729, 6.6431757 49.7577738, 6.6436292 49.7577871, 6.643647 49.7578018, 6.6437183 49.7579172, 6.6436142 49.7579383, 6.6435366 49.7578756))",,hipped,Trier,DE,6;7,54290,Glockenstraße,,,,,"[1421203753, 1421203756, 1421203787, 5299738203, 1421203790, 1421203794, 4988341378, 4988341333, 1421203754, 1421203748, 1421203751, 4988341328, 1421203760, 1421203766, 1421203753]",commercial,,,,,3,1,,,,,,,,,,Dasbach Haus,,,,,,,,,,,,,,,,,,
way,129369798,,,,"POLYGON ((6.6381237 49.755324, 6.6380992 49.7553316, 6.6380723 49.7553323, 6.6380501 49.755318, 6.6380174 49.7552931, 6.6380128 49.7552705, 6.6380338 49.7552539, 6.6380207 49.7552445, 6.6379761 49.7552186, 6.6378947 49.7551594, 6.6380151 49.7551033, 6.6380414 49.7551266, 6.6381175 49.7551833, 6.6382167 49.755253, 6.6384643 49.7554268, 6.6385126 49.7554607, 6.6385282 49.7554724, 6.6384168 49.7555383, 6.6382782 49.7554353, 6.6381762 49.7553608, 6.6381237 49.755324))",,gambrel,,,,,,,alta4,,,"[2987949185, 2987949184, 2987949183, 2987949182, 2987949181, 2987949180, 2967337430, 2967351103, 1427371156, 1427371111, 1404739863, 3269465423, 2967351104, 3300995370, 3269465424, 1427371339, 246830361, 1427371410, 1427371337, 1427371281, 2987949185]",commercial,,,,,5,1,,,,,,,,,,,,,,,,,,,,,,,,,,,,
way,129523275,,,,"POLYGON ((6.6313653 49.7510748, 6.6314246 49.7510669, 6.6314085 49.7510076, 6.631398 49.7510075, 6.6313982 49.7509992, 6.6313958 49.7509919, 6.6313899 49.7509829, 6.6313806 49.7509784, 6.6313701 49.7509758, 6.6313551 49.7509765, 6.6313362 49.7509787, 6.6313302 49.7509687, 6.6310596 49.7510062, 6.6311135 49.751118, 6.6311165 49.7511243, 6.6312363 49.7511086, 6.6312493 49.7511414, 6.6313787 49.7511239, 6.6313653 49.7510748))",,hipped,Trier,,12,54290,Kaiserstraße,,ISSTAS+THEES Ingenieurgesellschaft,,http://www.isstas.de,"[1428884661, 1428884660, 4575345852, 4575345850, 4575345851, 4575345849, 4575345848, 1428884641, 4575345847, 4575345846, 1428884643, 1428884640, 1428884647, 1428884667, 4575345845, 1428884665, 1428884675, 1428884671, 1428884661]",commercial,,,,,2,2,,+49-651-99489-0,,,,,,,,,,,,,,,,,,,,,,,,,,
way,129523323,,,,"POLYGON ((6.6312534 49.7513887, 6.6311983 49.7513147, 6.6311991 49.7513039, 6.6311632 49.7512225, 6.6312321 49.7512069, 6.6312492 49.7512358, 6.6312674 49.7512309, 6.6313282 49.7513675, 6.6313222 49.7513696, 6.6312534 49.7513887))",,hipped,Trier,,14,54290,Lorenz-Kellner-Straße,,,,,"[1428884720, 4570235650, 1428884707, 1696384518, 1428884690, 1428884698, 1428884695, 1696384528, 1428884716, 1428884720]",commercial,,,,,1,2,,,,,,,,,,,,,,,,,,,,,,,,,,,,
way,130051996,,,,"POLYGON ((6.6490285 49.7569898, 6.6492397 49.7572128, 6.6490535 49.7572807, 6.648853 49.7570531, 6.6488688 49.7570468, 6.6490285 49.7569898))",,mansard,Trier,DE,6,54290,Balduinstraße,,,,,"[1433585537, 1433585577, 1433585581, 1433585556, 1433585552, 1433585537]",commercial,,,,,3,2,,,,,,,,,,,,,,,,,,,,,,,,,,,,
way,144979897,,Deutsches Rotes Kreuz,DRK Kreisverband Trier-Saarburg e.V.,"POLYGON ((6.6885301 49.8092294, 6.6886304 49.8091944, 6.6886042 49.8091631, 6.6887408 49.8091155, 6.6888346 49.8092274, 6.6889567 49.8091848, 6.6888007 49.8089969, 6.6887567 49.8089457, 6.6885149 49.8090296, 6.6884471 49.8090533, 6.6883971 49.8090707, 6.6885301 49.8092294))",TR08,,Trier,,33,54293,Franziskusstraße,,Rettungswache Ehrang,,,"[1584537509, 1584537505, 1584537494, 1584537493, 1584537510, 1584537507, 4426558202, 1584537490, 4699245287, 4699245592, 1584537492, 1584537509]",commercial,,,,,,,,,,,,Q694104,de:Deutsches Rotes Kreuz,,,,ambulance_station,,,,,,,,,,,,,,,,,
way,145705072,,,,"POLYGON ((6.6247563 49.7573983, 6.6249913 49.7573455, 6.6247697 49.7569315, 6.6245347 49.7569842, 6.6247563 49.7573983))",,,,,,,,,,,,"[1590765429, 1590765425, 1590765358, 1590765378, 1590765429]",commercial,,,,,,,,,,,,,,,,,,,,,,,,,,,,,,,,,,
way,150375624,,,,"POLYGON ((6.6793884 49.7906293, 6.6794358 49.7906177, 6.6794293 49.7906066, 6.6795309 49.7905819, 6.6796928 49.7908585, 6.6794683 49.7909132, 6.6793745 49.7907565, 6.6793247 49.7907687, 6.6792844 49.7906963, 6.679266 49.7907008, 6.6792447 49.7906644, 6.679257 49.7906614, 6.6793884 49.7906293))",,,Trier,,100,54293,Ehranger Straße,,RoJa Personalservice GmbH,,,"[1632958025, 1632958020, 1632958018, 1632958005, 1632958109, 1632958112, 1632958074, 1632958079, 1632958063, 1632958066, 1632958058, 1632958056, 1632958025]",commercial,,,,,,,,,,,,,,,,,,,,,,,,,,,,,,,,,,
way,150679787,,,,"POLYGON ((6.6817668 49.7754122, 6.6818756 49.7754496, 6.6819077 49.7754607, 6.6821929 49.7755587, 6.6825256 49.7751553, 6.6820996 49.7750088, 6.6817668 49.7754122))",,,Trier,,3,54292,Ohmstraße,,,,,"[1635678406, 7880728643, 7880728642, 1635678455, 1635678358, 1635678338, 1635678406]",commercial,,,,,2,,,,,,,,,,,,,,,,,,,,,,,,,,,,,
way,155202076,,,,"POLYGON ((6.6314976 49.7396733, 6.6316226 49.7396169, 6.631583 49.7395729, 6.6315624 49.7395499, 6.631433 49.7395989, 6.6314976 49.7396733))",,,Trier,DE,44,54290,Matthiasstraße,,,,,"[1676182312, 1676182311, 10692841018, 1676182308, 4755263181, 1676182312]",commercial,,,,no,,,,,,,,,,,,,,bank,Volksbank Trier eG - Filiale St. Matthias,,,,,,,,,,,,,,,
way,157408013,,,,"POLYGON ((6.6348373 49.7428532, 6.6348967 49.742843, 6.634893 49.7428339, 6.635133 49.7427926, 6.6351887 49.742928, 6.634966 49.7429662, 6.634964 49.7429615, 6.6348551 49.7429802, 6.6348572 49.7429853, 6.6346495 49.743021, 6.6345935 49.7428849, 6.6348334 49.7428437, 6.6348373 49.7428532))",,,Trier,,1A,54290,Hawstraße,,,,,"[1696296511, 1696296509, 1696296504, 1696296486, 1696296536, 1696296539, 1696296538, 1696296543, 1696296548, 1696296553, 1696296517, 1696296507, 1696296511]",commercial,,,,,3,,,,,,,,,,,,,,,,,,,,,,,,,,,,,
way,157408035,,,,"POLYGON ((6.6349839 49.7425894, 6.6345001 49.742683, 6.6345456 49.7427813, 6.6350294 49.7426876, 6.6349839 49.7425894))",,,Trier,DE,2a,54290,Hawstraße,,,,,"[1696296425, 1696296433, 1696296480, 1696296472, 1696296425]",commercial,,,,,,,,,,,,,,,,,,,,,,,,,,,,,,,,,,
way,157408084,,,,"POLYGON ((6.6349068 49.7424231, 6.6351052 49.7423847, 6.6352278 49.7426492, 6.6350294 49.7426876, 6.6349839 49.7425894, 6.6349068 49.7424231))",,,Trier,,2a,54290,Hawstraße,,,,,"[1696296331, 1696296308, 1696296412, 1696296472, 1696296425, 1696296331]",commercial,,,,,4,,,,,,,,,,,,,,,,,,,,,,,,,,,,,
way,159359369,,,,"POLYGON ((6.6273639 49.7281027, 6.6275803 49.7280553, 6.6276364 49.7281627, 6.62742 49.7282102, 6.6273639 49.7281027))",,,Trier,DE,1,54294,Auf dem Kirchspiel,,,,,"[1714749377, 1714749361, 1714749386, 1714749397, 1714749377]",commercial,,,,,,,,,,,,,,,,,,,,,,,,,,,,,,,,,,
way,160951815,,,,"POLYGON ((6.6297871 49.7240431, 6.6296836 49.7241628, 6.6294375 49.7240734, 6.629334 49.7241931, 6.6297033 49.7243273, 6.6297139 49.724315, 6.6298218 49.7243542, 6.629867 49.724302, 6.6297538 49.7242609, 6.629905 49.7240859, 6.6297871 49.7240431))",,,,,,,,,,,,"[1729193236, 1729193264, 1729193246, 1729193267, 1729193303, 1729193293, 1729193306, 1729193291, 1729193286, 1729193250, 1729193236]",commercial,,,,,1,0,,,,,,,,,,,,,,yes,,,,,,,,,,,,,,
way,160951830,,,,"POLYGON ((6.6301349 49.7242641, 6.6300425 49.72437, 6.6301316 49.7244027, 6.630225 49.7242958, 6.6301349 49.7242641))",,,,,,,,,,,,"[1729193285, 1729193309, 1729193326, 1729193290, 1729193285]",commercial,,,,,,,,,,,,,,,,,,,,,,,,,,,,,,,,,,
way,160951850,,,,"POLYGON ((6.629992 49.7244197, 6.6298218 49.7243542, 6.6297139 49.724315, 6.6297033 49.7243273, 6.6296608 49.724377, 6.6299381 49.7244812, 6.629992 49.7244197))",,,Trier,,10,54296,Auf Hirtenberg,plumber,Becker Staudt Heizung Sanität,,https://becker-staudt.de,"[1729193327, 1729193306, 1729193293, 1729193303, 1729193314, 1729193332, 1729193327]",commercial,,,,,1,0,,+49 651 93218,,Feyen,,,,,,,,,,,,,,,,,,,,,,,,
way,160951858,,,,"POLYGON ((6.6298987 49.7245263, 6.6299381 49.7244812, 6.629992 49.7244197, 6.6300372 49.724368, 6.6300425 49.72437, 6.6301316 49.7244027, 6.6302869 49.7244599, 6.6301484 49.7246182, 6.6298987 49.7245263))",,,,,,,,,,,,"[1729193334, 1729193332, 1729193327, 1729193308, 1729193309, 1729193326, 1729193329, 1729193349, 1729193334]",commercial,,,,,,,,,,,,,,,,,,,,,,,,,,,,,,,,,,
way,175704361,,,,"POLYGON ((6.654676 49.7710472, 6.6550826 49.7706805, 6.6553125 49.7707874, 6.6551545 49.77093, 6.6549602 49.7711052, 6.6549321 49.7711306, 6.6549059 49.7711541, 6.654676 49.7710472))",,,Trier,DE,16,54292,An der Hospitalsmühle,,,,,"[1862690781, 1862690742, 1862690749, 1862690766, 1862690786, 1862690789, 1862690801, 1862690781]",commercial,,,,,,,,,,,,,,,,,,,,,,,,,,,,,,,,,,
way,192637017,,,,"POLYGON ((6.6675235 49.7737824, 6.6675098 49.7738313, 6.667812 49.7738667, 6.667809 49.7738774, 6.6680345 49.7739039, 6.6680494 49.7738511, 6.6681201 49.7738594, 6.6682438 49.7734202, 6.6681739 49.773412, 6.6681865 49.7733672, 6.6678813 49.7733314, 6.6678775 49.773345, 6.6676056 49.773313, 6.6675836 49.7733912, 6.6674685 49.7733777, 6.667419 49.7735534, 6.6673718 49.773721, 6.6675354 49.7737402, 6.6675235 49.7737824))",,,Trier,,173,54292,Zurmaiener Straße,,,,,"[9163334263, 3902155444, 2031835516, 2031835521, 2031835529, 2031835508, 2031835511, 2031835418, 2031835416, 2031835407, 2031835394, 2031835403, 2031835388, 3902155446, 3902155451, 3379278436, 3902155450, 3902155438, 9163334263]",commercial,,,,,2,1,,,,Nells-Ländchen,,,,,,,,,,,,,,,,,,,,,,,,
way,209145427,,,,"POLYGON ((6.6694143 49.7679481, 6.6697694 49.7680893, 6.6697626 49.7680953, 6.6698475 49.7681295, 6.6698534 49.7681226, 6.6701406 49.768237, 6.6702567 49.7681114, 6.6701061 49.768051, 6.6701001 49.7680148, 6.6698509 49.7679125, 6.6698279 49.7679395, 6.6695338 49.7678226, 6.6694143 49.7679481))",,,Trier,DE,33a,54292,Metternichstraße,,,,,"[2193798281, 4701618864, 4701618867, 4701618866, 4701618865, 2193798279, 2193798276, 4701618857, 4701618859, 4701618858, 4701618856, 2193798277, 2193798281]",commercial,,,,,,,,,,,,,,,,,,,,,,,,,,,,,,,,,,
way,217124802,,,,"POLYGON ((6.6903562 49.7867755, 6.6903968 49.7866006, 6.6898929 49.7865518, 6.6898522 49.7867266, 6.6903562 49.7867755))",,,Trier,DE,41,54293,Eltzstraße,,,,,"[2264300550, 2264300551, 2264300548, 2264300549, 2264300550]",commercial,,,,,,,,,,,,,,,,,,,,,,,,,,,,,,,,,,
way,222144674,,,,"POLYGON ((6.6586658 49.768215, 6.6587914 49.7680993, 6.6589962 49.7681971, 6.658869 49.7683071, 6.6586658 49.768215))",,,Trier,DE,29,54292,Herzogenbuscher Straße,,,,,"[2311190333, 2311190334, 2311190335, 2311190336, 2311190333]",commercial,,,,,,,,,,,,,,,,,,,,,,,,,,,,,,,,,,
way,222144675,,,,"POLYGON ((6.6583356 49.7681522, 6.6585389 49.7679735, 6.658686 49.7680418, 6.6584795 49.7682218, 6.6583356 49.7681522))",,,Trier,DE,27,54292,Herzogenbuscher Straße,,,,,"[2311190337, 2311190338, 2311190339, 2311190341, 2311190337]",commercial,,,,,,,,,,,,,,,,,,,,,,,,,,,,,,,,,,
way,226836848,,,,"POLYGON ((6.6623117 49.7647721, 6.6626511 49.7649378, 6.6627281 49.7648697, 6.66296 49.7649855, 6.6626611 49.7652352, 6.6624269 49.7651237, 6.6624726 49.7650852, 6.6623234 49.765012, 6.6621352 49.7649196, 6.6623117 49.7647721))",,flat,,,,,,,,,,"[2355713224, 2355713013, 5238026773, 5238026772, 2355713062, 2355713225, 2355713226, 5238026786, 2355713223, 2355713224]",commercial,,,,,2,,,,,,,,,,,,,,,,,,,,,,,,,,,,,
way,226836856,,A.T.U,Auto-Teile-Unger Handels GmbH & Co. KG,"POLYGON ((6.6573014 49.7632624, 6.6574182 49.763178, 6.6575184 49.7631055, 6.6576788 49.7629895, 6.6578346 49.7628767, 6.657854 49.7628879, 6.6580344 49.7629919, 6.6576607 49.7632623, 6.6575012 49.7633776, 6.6573014 49.7632624))",,flat,Trier,DE,15,54292,Wasserweg,,A.T.U Trier - Nord,"Mo-Fr 07:30-18:00, Sa 08:00-16:00; PH off",,"[2355713044, 1405804010, 1405804004, 5406732811, 2355713280, 5406732819, 2355713043, 5406732802, 2355713204, 2355713044]",commercial,car_repair,,,,2,,,,,,+49 651 1453709,Q784721,de:Auto-Teile-Unger,,,,,,,,trier-nord@atu.de,http://www.atu.de/filiale-trier---nord-612.html,dealer;tyres;repair;parts,,,,,,,,,,,
way,237696187,,,,"POLYGON ((6.6560227 49.7708796, 6.6560596 49.7707842, 6.6561597 49.7707076, 6.6565597 49.770774, 6.6565273 49.7708477, 6.6564781 49.7709535, 6.6560227 49.7708796))",,,,,153 C,,Zurmaiener Straße,,Merkur Spielothek,,,"[2455803842, 2455803841, 2455803839, 2455803840, 1385111710, 2455803843, 2455803842]",commercial,,,,,,,,,,,,,,,,,,,,,,,,adult_gaming_centre,,,,,,,,,,
way,295119987,,,,"POLYGON ((6.637469 49.7558985, 6.6373947 49.7559277, 6.6373657 49.7558965, 6.6371922 49.7557054, 6.6370281 49.7554856, 6.63716 49.7554369, 6.6372177 49.755494, 6.6371533 49.75552, 6.6372432 49.7556517, 6.6372687 49.7556587, 6.6372767 49.7556725, 6.63727 49.7556881, 6.6373894 49.7558354, 6.6374054 49.7558319, 6.6374327 49.75586, 6.6374434 49.7558714, 6.637469 49.7558985))",,gabled,,,,,,,,,,"[6152903803, 6152903801, 3307891864, 2987949199, 3681344343, 2987949188, 3325436824, 2987949190, 2987949191, 2987949192, 2987949193, 2987949194, 2987949195, 2987949196, 3325436821, 3307891865, 6152903803]",commercial,,,,,2,,,,,,,,,,,,,,,,,,,,,,,,,,,,,
way,296001647,,,,"POLYGON ((6.6741301 49.7742597, 6.6742283 49.7740955, 6.6747407 49.7742233, 6.6746263 49.7744145, 6.6746224 49.774421, 6.6742683 49.7743326, 6.6742883 49.7742991, 6.6741301 49.7742597))",,,Trier,,10-11,54292,Loebstraße,,,,,"[2997596289, 2997596290, 1419988631, 1419988641, 7890876393, 7890876394, 2997596291, 2997596289]",commercial,,,,,,,,,,,,,,,,,,,,,,,,,,,,,,,,,,
way,296215260,,,,"POLYGON ((6.6381869 49.7556565, 6.6383956 49.7555492, 6.6384168 49.7555383, 6.6382782 49.7554353, 6.6380582 49.7555046, 6.6381869 49.7556565))",,flat,,,,,,,,,,"[1427371484, 3000047796, 1427371410, 1427371337, 1427371394, 1427371484]",commercial,,,,,2,,,,,,,,,,,,,,,,,,,,,,,,,,,,,
way,297071432,,,,"POLYGON ((6.6693439 49.7564112, 6.6692727 49.7563568, 6.6692901 49.756345, 6.6691339 49.7562261, 6.6692655 49.7561526, 6.6693488 49.756216, 6.6694794 49.7561437, 6.6696143 49.7562426, 6.6695295 49.7562892, 6.6695439 49.7563012, 6.6693439 49.7564112))",,flat,Trier,,15,,Max-Planck-Straße,,,,,"[3009106199, 3009106197, 3009106196, 3009106190, 3009106184, 3009106187, 3009106186, 3009106192, 5091346036, 5091346035, 3009106199]",commercial,,,,,3,,,,,,,,,,,,,,,,,,,,,,,,,,,,,
way,300694602,,,,"POLYGON ((6.704214 49.8245672, 6.7043257 49.8248315, 6.7040146 49.8248874, 6.7039136 49.8246432, 6.7038942 49.8246456, 6.7038834 49.8246135, 6.7039604 49.8245995, 6.7039648 49.8246118, 6.704214 49.8245672))",,,Trier,,5,54293,Koblenzer Straße,,City Polster,,,"[3048036420, 3048036421, 3048036422, 3048036423, 7235486087, 7235486085, 7235486086, 7235411884, 3048036420]",commercial,furniture,,,,,,,,,,,,,,,,,,,,,,,,,,,,,,,,,
way,306588160,,,,"POLYGON ((6.6527313 49.7557596, 6.6524342 49.7555798, 6.6525296 49.7555094, 6.6527604 49.7553365, 6.6528461 49.7553887, 6.6526216 49.7555698, 6.6527435 49.7556444, 6.6528893 49.7555169, 6.6529596 49.7555584, 6.6529046 49.7556014, 6.6527313 49.7557596))",,,Trier,DE,39,54295,Güterstraße,,,,,"[3115526352, 3115526353, 3115526354, 3115529070, 3115526358, 3115526359, 3115526360, 3115526361, 3115526362, 3115505709, 3115526352]",commercial,,,,,,,,,,,,,,,,,,,,,,,,,,,,,,,,,,
way,306588289,,,,"POLYGON ((6.6529654 49.7555539, 6.6530257 49.7555067, 6.6530389 49.7554964, 6.6531197 49.7554332, 6.6530891 49.7554157, 6.6529819 49.7554851, 6.6529684 49.7554773, 6.6529014 49.7555171, 6.6529654 49.7555539))",,,,,,,,,,,,"[3115523823, 3115505708, 3115505915, 3115523824, 3115523825, 3115523826, 3115523827, 3115523828, 3115523823]",commercial,,,,,,,,,,,,,,,,,,,,,,,,,,,,,,,,,,
way,306588335,,,,"POLYGON ((6.6529476 49.7554505, 6.6530736 49.7553703, 6.6528765 49.7552507, 6.6527604 49.7553365, 6.6528461 49.7553887, 6.6529476 49.7554505))",,,,,,,,,,,,"[3115529067, 3115529068, 3115529069, 3115529070, 3115526358, 3115529067]",commercial,,,,,,,,,,,,,,,,,,,,,,,,,,,,,,,,,,
way,306588375,,,,"POLYGON ((6.6531459 49.7554142, 6.653354 49.7552692, 6.6533948 49.7552408, 6.6530992 49.7550683, 6.6528765 49.7552507, 6.6530736 49.7553703, 6.6531459 49.7554142))",,,,,,,,,,,,"[3115531929, 3115505916, 3115531930, 3115531931, 3115529069, 3115529068, 3115531929]",commercial,,,,,,,,,,,,,,,,,,,,,,,,,,,,,,,,,,
way,307929133,,Audi,Löhr-Gruppe,"POLYGON ((6.6754962 49.7712886, 6.6759033 49.7714388, 6.6759823 49.7713495, 6.675915 49.7713246, 6.6760857 49.7711316, 6.6762326 49.7711858, 6.6764498 49.7709402, 6.6763764 49.7709131, 6.6764145 49.7708701, 6.6759493 49.7706985, 6.6757875 49.7708814, 6.6758216 49.7708939, 6.6757833 49.7709371, 6.6756776 49.7708981, 6.6755941 49.7709926, 6.6757177 49.7710382, 6.6754962 49.7712886))",,,Trier,,17,54292,Rudolf-Diesel-Straße,,Audi-Zentrum Trier,Mo-Fr 08:00-18:00; Sa 09:00-13:00,https://www.audi-zentrum-trier.audi/de.html,"[3131786603, 3131786604, 3131786605, 3131786606, 3131786607, 3131786608, 3131786609, 3131786610, 3131786611, 3131786612, 6942723882, 6942723881, 3131786613, 3131786614, 3131786615, 3131786616, 3131786603]",commercial,car,,,,3,,,+49 651 17010,,,,,,+49 651 1701419,,,,,,,,,,,info.azt@loehrgruppe.de,,,,,,,,,
way,318398638,,,,"POLYGON ((6.6481636 49.7587792, 6.6482412 49.7587522, 6.648281 49.7587383, 6.648337 49.7587188, 6.6482371 49.7586155, 6.6480663 49.7586822, 6.6481636 49.7587792))",,gabled,Trier,DE,14,54292,Theodor-Heuss-Allee,,,,,"[2355502151, 2355502285, 4487546603, 3248021151, 3248021152, 2355502209, 2355502151]",commercial,,,,,3,1,,,,,,,,,,,,,,,,,,,,across,,,,,,,,
way,318398639,,,,"POLYGON ((6.648337 49.7587188, 6.6483642 49.7587325, 6.6484199 49.7587099, 6.6485042 49.758674, 6.6484784 49.7586462, 6.6483923 49.7585527, 6.6482371 49.7586155, 6.648337 49.7587188))",,gabled,Trier,DE,15,54292,Theodor-Heuss-Allee,,,,,"[3248021151, 4487546594, 4487546601, 4487546593, 4487536121, 2355502118, 3248021152, 3248021151]",commercial,,,,,4,1,,,,,,,,,,,,,,,,,,,,across,,,,,,,,
way,325094910,,,,"POLYGON ((6.6286586 49.7513445, 6.6288578 49.7513401, 6.6288613 49.7514015, 6.62887 49.751554, 6.6286613 49.7515577, 6.6286603 49.7514087, 6.6286586 49.7513445))",,flat,Trier,DE,1,54290,Kaiserstraße,,,,,"[3317653513, 3317653514, 3317653512, 1225804029, 1225804031, 4575460251, 3317653513]",commercial,,,,,8,1,,,,,,,,,,,,,,,,,,,,,,,,,,,,
way,325982506,,,,"POLYGON ((6.6464286 49.7610891, 6.6462717 49.7609767, 6.6464531 49.7608336, 6.6464781 49.7608129, 6.6465654 49.7608577, 6.6466513 49.7607936, 6.6465585 49.7607449, 6.6467363 49.760608, 6.6467662 49.7605814, 6.6471836 49.760791, 6.646969 49.7609193, 6.6469329 49.760901, 6.646945 49.7608915, 6.6468229 49.7608282, 6.6467076 49.7609166, 6.6465628 49.7610102, 6.6464286 49.7610891))",,flat,,,,,,,,,,"[3325909125, 3325909128, 3450431710, 3325909129, 3325909130, 3325909131, 3325909132, 4577204532, 4498622373, 3325909134, 3325909135, 3325909136, 3325909137, 3325909138, 3325909139, 3325909126, 3325909125]",commercial,,,,,3,,,,,,,,,,,,,,,,,,,,,,,,,,,,,
way,376794633,,,,"POLYGON ((6.6667269 49.7709851, 6.6667197 49.7711355, 6.6667921 49.7711349, 6.6667997 49.770885, 6.6666403 49.7709159, 6.6666419 49.770928, 6.6664891 49.7709604, 6.6665225 49.771023, 6.6665971 49.7710054, 6.6666789 49.770991, 6.6667269 49.7709851))",,,,,,,,,,,,"[2031893489, 3801821158, 252610541, 2031731261, 2031893475, 5249092153, 5249271011, 5249092152, 5249092151, 5249092155, 2031893489]",commercial,,,,,,,,,,,,,,,,,,,,,,,,,,,,,,,,,,
way,393196697,,,,"POLYGON ((6.6856048 49.8066687, 6.6854434 49.8067271, 6.6854046 49.8066719, 6.6855725 49.8066227, 6.6856048 49.8066687))",,,,,,,,,,,,"[3964129923, 3964129933, 3964129928, 3964129932, 3964129923]",commercial,,,,,,,,,,,,,,,,,,,,,,,,,,,,,,,,,,
way,393196698,,,Auto Roth GmbH,"POLYGON ((6.6857252 49.8064415, 6.6857856 49.8065275, 6.6858371 49.8066007, 6.6856048 49.8066687, 6.6855725 49.8066227, 6.685493 49.8065095, 6.6857252 49.8064415))",,,Trier,,1,,Servaisstraße,,Auto Roth,"Mo-Th 07:30-17:30, Fr 07:30-17:00, Sa 09:00-13:00; PH closed",https://handel.suzuki.de/roth,"[3964129930, 4699647539, 3964129921, 3964129923, 3964129932, 3964129929, 3964129930]",commercial,car,,,,,,,+49 651 96809-0,,,,,,+49 651 96809-40,,,,,,,,,,,,,,,,,,,,
way,450390206,,,,"POLYGON ((6.6858449 49.8065313, 6.6861144 49.80645, 6.6860195 49.8063191, 6.685988 49.8063286, 6.6859565 49.8062852, 6.6857186 49.806357, 6.6857703 49.8064283, 6.6858322 49.8065139, 6.6858449 49.8065313))",,,,,,,,,,,,"[4473098465, 4473098466, 4473098467, 7707189014, 4904239760, 4473098468, 4699647541, 4699647540, 4473098465]",commercial,,,,,,,,,HiRes aerial imagery;Bing,,,,,,,,,,,,,,,,,,,,,,,,,
way,462369639,,,,"POLYGON ((6.6373579 49.7534184, 6.6373166 49.7532977, 6.6373208 49.7532177, 6.6376451 49.7532126, 6.6376413 49.7530812, 6.637341 49.7530843, 6.6367809 49.7530682, 6.6367755 49.753183, 6.63686 49.7531852, 6.6368586 49.7532184, 6.6368452 49.7532195, 6.6368357 49.7532227, 6.6368341 49.7532264, 6.6368365 49.7532309, 6.6368436 49.7532345, 6.6368578 49.7532354, 6.6368568 49.7532586, 6.6367986 49.7532588, 6.6367872 49.7533895, 6.6368944 49.7533903, 6.6368841 49.7534676, 6.6370517 49.7534719, 6.6370675 49.7534703, 6.637084 49.7534658, 6.6371988 49.753427, 6.6372271 49.7534533, 6.6372347 49.753452, 6.6372506 49.7534507, 6.6372649 49.7534506, 6.6372848 49.7534509, 6.6373034 49.7534526, 6.6373233 49.7534549, 6.6373401 49.7534584, 6.6373714 49.753454, 6.6373579 49.7534184))",,,Trier,DE,20,54290,Viehmarktplatz,,,,,"[1402352051, 1126030350, 1126030371, 1126030388, 1126030368, 1126030359, 1126030375, 4756458630, 4756458631, 4756458632, 9850748463, 9850748461, 4756458633, 9850748462, 9850748464, 4756458634, 4756458636, 4756458635, 1126030356, 1402352033, 4577647261, 4577647262, 4577647263, 4577647264, 4577647265, 4756458637, 4577647253, 4577647252, 4577647251, 4577647250, 4577647249, 4577647248, 4577647245, 1402352087, 1402352051]",commercial,,,,,4,0,,,,Altstadt,,,,,,,,,,,,,,,,,,,,,,,,
way,476366470,,,,"POLYGON ((6.6857252 49.8064415, 6.6857703 49.8064283, 6.6858322 49.8065139, 6.6857856 49.8065275, 6.6857252 49.8064415))",,,,,,,,,,,,"[3964129930, 4699647541, 4699647540, 4699647539, 3964129930]",commercial,,,,,,,,,,,,,,,,,,,,,,,,,,,,,,,,,,
way,477278827,,,,"POLYGON ((6.6239741 49.7530442, 6.6243517 49.7530353, 6.6243517 49.7528846, 6.6239681 49.7528909, 6.6239741 49.7530442))",,,Trier,,20,54294,Aachener Straße,,Matrazen Concord,Mo-Fr 09:30-19:00; Sa 09:30-18:00; PH off,,"[4706571353, 4706571354, 4706571355, 4706571356, 4706571353]",commercial,bed,,,,1,,,,,,,,,,,,,,,,,,,,,,,,,,,,,
way,479341056,,,,"POLYGON ((6.6863999 49.7956878, 6.6869764 49.7955396, 6.6870811 49.7955107, 6.6871906 49.7956862, 6.6863899 49.7958944, 6.6862804 49.7957189, 6.6863999 49.7956878))",,,,,,,,,,,,"[5891141493, 5890816462, 4724597988, 4724598189, 4724597986, 4724597987, 5891141493]",commercial,,,,,,,,,,,,,,,,,,,,,,,,,,,,,,,,,,
way,479341058,,,,"POLYGON ((6.6869717 49.7953399, 6.6870248 49.7954264, 6.6866565 49.7955205, 6.6865624 49.7955446, 6.686554 49.795531, 6.6865641 49.7955284, 6.6864775 49.7953872, 6.6864674 49.7953898, 6.6864589 49.795376, 6.6864682 49.7953736, 6.6863794 49.7952289, 6.6863425 49.7952383, 6.6862501 49.7950877, 6.6863127 49.7950717, 6.6867402 49.7949624, 6.6867899 49.7950434, 6.6868882 49.7952038, 6.6869717 49.7953399))",,,,,,,,,,,,"[5891141491, 4724598194, 5891141492, 4724598195, 5891141490, 5891141489, 5891141488, 5891141487, 5891141486, 5891141485, 5891140784, 5891140783, 5891140782, 4724598210, 4724598211, 5891140780, 5891140781, 5891141491]",commercial,,,,,,,,,,,,,,,,,,,,,,,,,,,,,,,,,,
way,518044060,,,,"POLYGON ((6.6471999 49.7534361, 6.6471474 49.7533251, 6.6475352 49.753278, 6.6475795 49.7533907, 6.6474786 49.7534062, 6.6471999 49.7534361))",,gabled,Trier,DE,6,54295,Gartenfeldstraße,,,,,"[5054252749, 5054252748, 1405792154, 5054252750, 5054252751, 5054252749]",commercial,,,,,3,2,,,Bing,,,,,,,,,,,,,,,,,,,,,,,,,
way,518567434,,,,"POLYGON ((6.6481578 49.7551684, 6.6482714 49.7552865, 6.6483009 49.7553185, 6.6483251 49.7553447, 6.6484562 49.7552946, 6.6484926 49.7552808, 6.6484659 49.7552518, 6.6483289 49.7551027, 6.6481578 49.7551684))",,flat,Trier,DE,19;21,54290,Ostallee,,,,,"[5058223161, 5058223166, 5058223167, 5058223168, 5058223169, 5058223170, 5058223171, 5058223162, 5058223161]",commercial,,,,,5,0,,,Bing,,,,,,,,,,,,,,,,,,,,,,,,,
way,518567435,,,,"POLYGON ((6.6484887 49.75554, 6.6483953 49.7554427, 6.6483087 49.7553524, 6.6483251 49.7553447, 6.6484562 49.7552946, 6.6485089 49.7553527, 6.6485692 49.7554191, 6.6486289 49.7554838, 6.6484887 49.75554))",,gambrel,Trier,DE,15;17,54290,Ostallee,,,,,"[5058223172, 5058223173, 5058223174, 5058223168, 5058223169, 5058223175, 5058223176, 5058223177, 5058223172]",commercial,,,,,3,2,,,Bing,,,,,,,,,,,,,,,,,,,,,,,,,
way,521557576,,,,"POLYGON ((6.6870202 49.7917637, 6.6868001 49.7914174, 6.6871684 49.7913199, 6.6873885 49.7916662, 6.6870202 49.7917637))",,,Trier,DE,24,54293,Hafenstraße,,,,,"[5081677904, 5081677905, 5081677906, 5081677907, 5081677904]",commercial,,,,,,,,,,,,,,,,,,,,,,,,,,,,,,,,,,
way,521557582,,,,"POLYGON ((6.6861736 49.7866257, 6.6861036 49.7865409, 6.686298 49.786474, 6.686368 49.7865588, 6.6861736 49.7866257))",,,,,,,,,,,,"[5081677918, 5081677919, 5081677920, 5081679121, 5081677918]",commercial,,,,,,,,,,,,,,,,,,,,,,,,,,,,,,,,,,
way,541719192,,,,"POLYGON ((6.66296 49.7649855, 6.6632157 49.7647702, 6.6630158 49.7646684, 6.6630061 49.7646757, 6.6628554 49.7646007, 6.6628447 49.7646084, 6.6627299 49.7645492, 6.6627179 49.7645583, 6.6626046 49.764501, 6.6624691 49.7646161, 6.6628198 49.7647908, 6.6627281 49.7648697, 6.66296 49.7649855))",,flat,Trier,DE,6,54292,Metternichstraße,,,,,"[5238026772, 5238026774, 5238026775, 5238026776, 5238026777, 5238026778, 5238026779, 5238026780, 5238026781, 5238026782, 5238026783, 5238026773, 5238026772]",commercial,,,,,3,,,,Bing;HiRes aerial imagery,,,,,,,,,,,,,,,,,,,,,,,,,
way,541727340,,,,"POLYGON ((6.6637198 49.7653431, 6.6635383 49.7652604, 6.6637458 49.7650542, 6.6639334 49.7651289, 6.6637198 49.7653431))",,gabled,,,,,,,,,,"[3803577402, 5238121073, 5238121074, 2355728843, 3803577402]",commercial,,,,,2,,,,Bing,,,,,,,,,,,,,,,,,,,,,,,,,
way,541727341,,,,"POLYGON ((6.6635383 49.7652604, 6.6634503 49.7652201, 6.6635346 49.7651387, 6.6636585 49.7650189, 6.6637458 49.7650542, 6.6635383 49.7652604))",,flat,,,,,,,,,,"[5238121073, 5238121075, 5238121076, 5238121077, 5238121074, 5238121073]",commercial,,,,,1,,,,Bing,,,,,,,,,,,,,,,,,,,,,,,,,
way,541727343,,,,"POLYGON ((6.6631317 49.7650742, 6.6633882 49.7648728, 6.6634586 49.7649083, 6.6632197 49.7651144, 6.6631317 49.7650742))",,flat,,,,,,,,,,"[5238121080, 5238121081, 5238121082, 5238121083, 5238121080]",commercial,,,,,1,,,,Bing,,,,,,,,,,,,,,,,,,,,,,,,,
way,541727344,,,,"POLYGON ((6.6635116 49.7649446, 6.6636242 49.7649913, 6.6636848 49.7649293, 6.6635691 49.7648836, 6.6635116 49.7649446))",,flat,,,,,,,,,,"[5238121084, 5238121085, 5238121086, 5238121087, 5238121084]",commercial,,,,,1,,,,Bing,,,,,,,,,,,,,,,,,,,,,,,,,
way,541727346,,,,"POLYGON ((6.6639552 49.7654487, 6.6641739 49.7655469, 6.6642054 49.7655164, 6.6639845 49.7654185, 6.6639552 49.7654487))",,flat,,,,,,,,,,"[2355728880, 5238121088, 5238121089, 5238121090, 2355728880]",commercial,,,,,,,,,Bing,,,,,,,,,,,,,,,,,,,,,,,,,
way,542235133,,,,"POLYGON ((6.6561867 49.7668193, 6.6564808 49.7670205, 6.6565034 49.7669982, 6.656549 49.7669531, 6.6566315 49.7668714, 6.6565901 49.7668554, 6.656269 49.7667266, 6.6561867 49.7668193))",,,Trier,,7a,54292,Herzogenbuscher Straße,,,,,"[2311120568, 5242493135, 5242493136, 5242493137, 5242493138, 5242493139, 2311120567, 2311120568]",commercial,,,,,4,,,,Bing;HiRes aerial imagery,,,,,,,,,,,,,,,,,,,,,,,,,
way,553647051,,,,"POLYGON ((6.6877224 49.7915952, 6.6880099 49.7915162, 6.6877727 49.7911563, 6.6874853 49.7912353, 6.6877224 49.7915952))",,,,,,,,,,,,"[5343921542, 5343921541, 5343921540, 5343921539, 5343921542]",commercial,,,,,,,,,,,,,,,,,,,,,,,,,,,,,,,,,,
way,554012135,,,,"POLYGON ((6.6110237 49.7286879, 6.611231 49.7288324, 6.6116374 49.7285924, 6.6116101 49.7285721, 6.6114084 49.7284421, 6.6110237 49.7286879))",,flat,,,,,,,,,,"[5347000669, 5347000668, 5347000671, 1115783393, 5347000670, 5347000669]",commercial,,,,,2,,,,,,,,,,,,,,,,,,,,,,industrial,,,,,,,
way,554012136,,,,"POLYGON ((6.6105162 49.7283606, 6.6105634 49.7283935, 6.6109239 49.7281733, 6.6102329 49.727712, 6.6098176 49.7279657, 6.6104564 49.7283916, 6.6105162 49.7283606))",,flat,,,,,,,,,,"[5347000673, 5912560183, 5347000674, 5347000675, 5347000676, 5347000672, 5347000673]",commercial,,,,,2,,,,,,,,,,,,,,,,,,,,,,industrial,,,,,,,
way,556975564,,,,"POLYGON ((6.6862997 49.7258559, 6.6863039 49.7257598, 6.6864864 49.7257631, 6.6864822 49.7258593, 6.6862997 49.7258559))",,gabled,,,16a,,Auf der Redoute,,,,,"[5372204005, 5372204004, 5372204003, 5372204002, 5372204005]",commercial,,,,,2,1,,,,,,,,,,,,,,,,,,,,,,,,,,,,
way,626276839,,,,"POLYGON ((6.6117348 49.7326871, 6.6116618 49.7327152, 6.6121162 49.733125, 6.6121519 49.7331089, 6.6124317 49.7329827, 6.6119879 49.7325642, 6.6117348 49.7326871))",,flat,,,,,,,,,,"[5912560169, 5913217550, 5912560170, 5913217553, 5912560171, 5912560172, 5912560169]",commercial,,,,,6,,,,,,,,,,,,,,,,,,,,,,,,,,,,,
way,626276840,,,,"POLYGON ((6.6113861 49.7323491, 6.6115833 49.7325403, 6.611663 49.7326175, 6.6117348 49.7326871, 6.6119879 49.7325642, 6.612015 49.7325688, 6.6116864 49.7322243, 6.6113861 49.7323491))",,flat,,,,,,,,,,"[5912560173, 5913217560, 5913217558, 5912560169, 5912560172, 5913217549, 5912560176, 5912560173]",commercial,,,,,3,,,,,,,,,,,,,,,,,,,,,,,,,,,,,
way,626320141,,,,"POLYGON ((6.6063684 49.7301538, 6.6066278 49.7300103, 6.6070784 49.7303588, 6.6068059 49.7305032, 6.6063684 49.7301538))",,flat,,,,,,,,,,"[5912985603, 5912985604, 5912985605, 5912985606, 5912985603]",commercial,,,,,2,,,,,,,,,,,,,,,,,,,,,,,,,,,,,
way,626347781,,,,"POLYGON ((6.6124317 49.7329827, 6.6126628 49.7332263, 6.6123758 49.7333511, 6.6121519 49.7331089, 6.6124317 49.7329827))",,flat,,,,,,,,,,"[5912560171, 5913217551, 5913217552, 5913217553, 5912560171]",commercial,,,,,3,,,,,,,,,,,,,,,,,,,,,,,,,,,,,
way,626347782,,,,"POLYGON ((6.6123758 49.7333511, 6.6124053 49.7333858, 6.6121639 49.7334881, 6.612018 49.7333179, 6.6119184 49.7332111, 6.6121162 49.733125, 6.6121519 49.7331089, 6.6123758 49.7333511))",,flat,,,,,,,,,,"[5913217552, 5913217554, 5913217555, 1291636852, 5913217556, 5912560170, 5913217553, 5913217552]",commercial,,,,,,,,,,,,,,,,,,,,,,,,,,,,,,,,,,
way,626347783,,,,"POLYGON ((6.6117275 49.7334387, 6.6118823 49.7336025, 6.6121639 49.7334881, 6.612018 49.7333179, 6.6117275 49.7334387))",,flat,,,,,,,,,,"[1291637206, 5913217557, 5913217555, 1291636852, 1291637206]",commercial,,,,,3,,,,,,,,,,,,,,,,,,,,,,,,,,,,,
way,626347784,,,,"POLYGON ((6.6114216 49.7327186, 6.611663 49.7326175, 6.6117348 49.7326871, 6.6116618 49.7327152, 6.6121162 49.733125, 6.6119184 49.7332111, 6.6114216 49.7327186))",,flat,,,,,,,,,,"[1291636864, 5913217558, 5912560169, 5913217550, 5912560170, 5913217556, 1291636864]",commercial,,,,,3,,,,,,,,,,,,,,,,,,,,,,,,,,,,,
way,626347785,,,,"POLYGON ((6.6114216 49.7327186, 6.6113459 49.7326438, 6.6115833 49.7325403, 6.611663 49.7326175, 6.6114216 49.7327186))",,flat,,,,,,,,,,"[1291636864, 5913217559, 5913217560, 5913217558, 1291636864]",commercial,,,,,,,,,,,,,,,,,,,,,,,,,,,,,,,,,,
way,626347786,,,,"POLYGON ((6.6127905 49.7287711, 6.6129617 49.7288867, 6.6127218 49.7290444, 6.6125403 49.728931, 6.6127905 49.7287711))",,flat,,,,,,,,,,"[1115782208, 5913217561, 5913217562, 1115783308, 1115782208]",commercial,,,,,2,,,,,,,,,,,,,,,,,,,,,,,,,,,,,
way,630502840,,,,"POLYGON ((6.6113309 49.7331896, 6.6113537 49.7332152, 6.6113081 49.733236, 6.6117184 49.7336607, 6.6118823 49.7336025, 6.6114358 49.7331456, 6.6113309 49.7331896))",,flat,,,,,,,,,,"[5953529311, 5953529312, 5953529313, 5953529314, 5913217557, 1291636749, 5953529311]",commercial,,,,,3,,,,,,,,,,,,,,,,,,,,,,,,,,,,,
way,630502841,,,,"POLYGON ((6.6067494 49.7295903, 6.6069012 49.7297065, 6.6067307 49.7298061, 6.6065743 49.7296884, 6.6067494 49.7295903))",,gabled,,,,,,,,,,"[5953529315, 5953529316, 5953529317, 5953529318, 5953529315]",commercial,,,,,1,1,,,,,,,,,,,,,,,,,,,,,,,,,,,,
way,630502843,,,,"POLYGON ((6.6105088 49.7298196, 6.6104028 49.7296831, 6.6106817 49.7295722, 6.6108051 49.7297164, 6.6105088 49.7298196))",,gabled,,,,,,,,,,"[1115783431, 5953529319, 5953529320, 1115783509, 1115783431]",commercial,,,,,2,,,,,,,,,,,,,,,,,,,,,,,0.5,,,,,,
way,630502847,,,,"POLYGON ((6.6019205 49.7311865, 6.6021003 49.7313304, 6.6026287 49.7310392, 6.6024355 49.7308953, 6.6019205 49.7311865))",,gabled,,,,,,,,,,"[5953529337, 5953529338, 5953529339, 5953529340, 5953529337]",commercial,,,,,2,,,,,,,,,,,,,,,,,,,,,,,,,,,,,
way,630502848,,,,"POLYGON ((6.5997824 49.7274028, 6.6000089 49.7275218, 6.6001328 49.727428, 6.5999134 49.7273044, 6.5997824 49.7274028))",,flat,,,,,,,,,,"[5953529341, 5953529342, 5953529343, 5953529344, 5953529341]",commercial,,,,,1,,,,,,,,,,,,,,,,,,,,,,,,,,,,,
way,630502849,,,,"POLYGON ((6.6058218 49.7251356, 6.6065818 49.7246639, 6.6055476 49.7239674, 6.6055994 49.7239353, 6.6056441 49.7238789, 6.6055714 49.72383, 6.6055071 49.7238699, 6.6051976 49.7236615, 6.6045436 49.7240673, 6.6046854 49.7241628, 6.6045251 49.7242623, 6.6058218 49.7251356))",,flat,,,,,,,,,,"[5953529345, 5953529346, 5953529347, 5953529348, 5953529349, 5953529350, 5953529351, 5953529352, 5953529353, 5953529354, 5953529355, 5953529345]",commercial,,,,,6,,,,,,,,,,,,,,,,,,,,,,,,,,,,,
way,630502850,,,,"POLYGON ((6.5979446 49.7199843, 6.5982277 49.7201003, 6.5985856 49.7197353, 6.5983025 49.7196193, 6.5979446 49.7199843))",,skillion,,,,,,,,,,"[5953529356, 5953529357, 5953529358, 5953529359, 5953529356]",commercial,,,,,2,,,,,,,,,,,,,,,,,,,,,,,,,,,,,
way,630502851,,,,"POLYGON ((6.5951692 49.7197079, 6.5952211 49.7197286, 6.5951036 49.7198516, 6.5952908 49.7199263, 6.5959075 49.7192817, 6.5956685 49.719186, 6.5951692 49.7197079))",,gabled,,,,,,,,,,"[5953529360, 10606784592, 10606784591, 5953529361, 5953529362, 5953529363, 5953529360]",commercial,,,,,2,,,,,,,,,,,,,,,,,,,,,,,,,,,,,
way,637901185,,,,"POLYGON ((6.6514955 49.7565499, 6.6515435 49.7565299, 6.6514867 49.756473, 6.6514365 49.7564939, 6.6512473 49.7563042, 6.6511265 49.7561831, 6.6512423 49.7561349, 6.6515522 49.7564457, 6.6516013 49.7564949, 6.651609 49.7565027, 6.6516579 49.7565517, 6.6515444 49.756599, 6.6514955 49.7565499))",,flat,Trier,DE,2,54292,Bahnhofsplatz,,,,,"[6012955692, 6012955691, 6012955690, 6012955689, 6012955081, 6012955688, 9211898046, 10124711002, 10124711001, 6948041374, 6012955084, 6012955083, 6012955692]",commercial,,,,,1,0,,,,,,,,,,,,,,,,,,,,,,,,,,,,
way,689337995,,,,"POLYGON ((6.6988393 49.8187937, 6.6988989 49.8187577, 6.6989759 49.8188108, 6.6991923 49.81868, 6.6993019 49.8187556, 6.6991772 49.8188309, 6.6992394 49.8188738, 6.6990947 49.8189612, 6.6989291 49.8188471, 6.6989226 49.8188511, 6.6988393 49.8187937))",,,,,,,,,,,,"[6466685594, 6466685593, 6466685592, 6466685591, 4412522631, 4412522632, 6466685590, 6466685589, 6466685588, 6466685587, 6466685594]",commercial,,,,,,,,,,,,,,,,,,,,,,,,,,,,,,,,,,
way,689337996,,,,"POLYGON ((6.6987173 49.8188667, 6.698749 49.8188873, 6.6987342 49.8188967, 6.6988927 49.8190058, 6.6986916 49.8191302, 6.6985517 49.8190328, 6.6986744 49.8189566, 6.698627 49.8189243, 6.6987173 49.8188667))",,,,,,,,,,,,"[6466685602, 6466685601, 6466685600, 6466685599, 6466685598, 6466685597, 6466685596, 6466685595, 6466685602]",commercial,,,,,,,,,,,,,,,,,,,,,,,,,,,,,,,,,,
way,689337997,,,,"POLYGON ((6.6983965 49.8184014, 6.6984504 49.8184404, 6.6983359 49.8185121, 6.6983775 49.8185376, 6.6984421 49.8184943, 6.6985137 49.8185434, 6.6981565 49.8187634, 6.6981351 49.8187513, 6.6980378 49.8188106, 6.6978767 49.8187236, 6.6983965 49.8184014))",,,,,,,,,,,,"[6466685614, 6466685613, 6466685612, 6466685611, 6466685610, 6466685609, 7254942209, 7254942211, 6466685608, 6466685603, 6466685614]",commercial,,,,,,,,,,,,,,,,,,,,,,,,,,,,,,,,,,
way,739655801,,,,"POLYGON ((6.6014891 49.7262373, 6.6011304 49.7264638, 6.6009702 49.7263578, 6.6013289 49.7261313, 6.6014891 49.7262373))",,flat,,,,,,,,,,"[1115782533, 1115783466, 1115783311, 6925549934, 1115782533]",commercial,,,,,2,,,,,,,,,,,,,,,,,,,,,,,,,,,,,
way,740664540,,,,"POLYGON ((6.6236934 49.7499143, 6.6237023 49.7500698, 6.6238635 49.750066, 6.6238547 49.7499105, 6.6238387 49.7499109, 6.6236934 49.7499143))",,,Trier,DE,32,54294,Luxemburger Straße,,,,,"[1589738142, 6934434005, 6934434006, 6934434007, 1589738146, 1589738142]",commercial,,,,,,,,,Bing,,,,,,,,,,,,,,,,,,,,,,,,,
way,844716629,,,,"POLYGON ((6.6757154 49.7723628, 6.6758661 49.7721913, 6.6759326 49.7722156, 6.676003 49.7721355, 6.6761581 49.7721923, 6.6761234 49.7722318, 6.676413 49.7723379, 6.6762265 49.7725502, 6.676085 49.7724984, 6.6760234 49.7725686, 6.6757315 49.7724617, 6.6757933 49.7723913, 6.6757154 49.7723628))",,,,,,,,,,,,"[7880604913, 7880604912, 7880604911, 7880604910, 7880604909, 7880604908, 7880604907, 7880604906, 7880604905, 7880604904, 7880604903, 7880604902, 7880604913]",commercial,,,,,,,,,,,,,,,,,,,,,,,,,,,,,Adresse und Firma?,,,,,
way,844716630,,Porsche,Löhr Sportfahrzeuge Vertriebs GmbH,"POLYGON ((6.6749145 49.7720987, 6.6749011 49.7721109, 6.6748783 49.7720987, 6.6748609 49.7720857, 6.6748434 49.7720667, 6.6748293 49.7720494, 6.6748179 49.772032, 6.6748099 49.7720151, 6.6748049 49.7720017, 6.6748015 49.7719907, 6.6748012 49.7719822, 6.6748012 49.7719705, 6.6748012 49.7719554, 6.6748025 49.7719433, 6.6748045 49.7719346, 6.6748086 49.771922, 6.6748133 49.7719082, 6.6748253 49.7718926, 6.6748374 49.7718761, 6.6748508 49.7718631, 6.6748615 49.7718519, 6.6748743 49.7718432, 6.6748904 49.7718315, 6.6749112 49.7718194, 6.674934 49.7718077, 6.6749594 49.7717995, 6.6749936 49.7717895, 6.6750144 49.7717848, 6.6750365 49.7717817, 6.6750593 49.7717796, 6.6750942 49.7717778, 6.6751257 49.7717778, 6.6751485 49.7717787, 6.6751693 49.7717817, 6.6751888 49.7717856, 6.6751834 49.7717904, 6.6752035 49.7717934, 6.6752277 49.7717999, 6.6752431 49.771806, 6.6752565 49.7718125, 6.6752759 49.7718207, 6.6752974 49.7718324, 6.6753121 49.7718419, 6.6753289 49.7718566, 6.6753423 49.7718696, 6.6753564 49.7718861, 6.6753631 49.7718991, 6.6753712 49.7719112, 6.6753785 49.7719246, 6.6751526 49.772184, 6.6749145 49.7720987))",,,Trier,,15,54292,Rudolf-Diesel-Straße,,Porsche Zentrum Trier,Mo-Fr 08:00-18:00; Sa 09:00-13:00,,"[7880604963, 7880604962, 7880604961, 7880604960, 7880604959, 7880604958, 7880604957, 7880604956, 7880604955, 7880604954, 7880604953, 7880604952, 7880604951, 7880604950, 7880604949, 7880604948, 7880604947, 7880604946, 7880604945, 7880604944, 7880604943, 7880604942, 7880604941, 7880604940, 7880604939, 7880604938, 7880604937, 7880604936, 7880604935, 7880604934, 7880604933, 7880604932, 7880604931, 7880604930, 7880604929, 7880604928, 7880604927, 7880604926, 7880604925, 7880604924, 7880604923, 7880604922, 7880604921, 7880604920, 7880604919, 7880604918, 7880604917, 7880604916, 7880604915, 7880604914, 7880604963]",commercial,car,,,,,,,,,,+49 651 99488-0,,,,,,,,,,info@porsche-trier.de,https://www.porsche-trier.de/,,,,,,,,+49 651 99488-90,,,,
way,849182515,,,,"POLYGON ((6.6153612 49.7422368, 6.6154187 49.7423075, 6.6155874 49.7422536, 6.6156463 49.7422641, 6.6156728 49.7422116, 6.6156179 49.7421998, 6.6156057 49.7421801, 6.6155813 49.742188, 6.6155736 49.7421779, 6.6155658 49.7421678, 6.6153612 49.7422368))",,,Trier,,18,54294,Im Pi-Park,,Günter Schenk Elektromaschinen- und Pumpenservice GmbH,,,"[1603961395, 7922768658, 7922768659, 7922768660, 7922768661, 7922768662, 7922768663, 7922768664, 8718787907, 1603961377, 1603961395]",commercial,pumps,,,,,,,,,,,,,,,,,,,,,,,,,,,,,,yes,,,
way,963188743,,,,"POLYGON ((6.6833866 49.8091753, 6.6830764 49.8089279, 6.6830365 49.8089026, 6.6830187 49.8088939, 6.683009 49.8088918, 6.6829976 49.8088921, 6.682982 49.8088945, 6.6829621 49.8089014, 6.682946 49.8089124, 6.6829257 49.8089612, 6.6827765 49.8092412, 6.6829346 49.809382, 6.6833866 49.8091753))",,,Trier,DE,,54293,An der Ehranger Mühle,,Getränkemarkt Pojanow,,,"[8909651783, 8909651774, 8910115807, 8910115806, 8910115805, 8909651782, 8910115804, 8909651781, 8909651780, 8909651779, 8909651776, 8909651775, 8909651783]",commercial,beverages,,,,,,,,,,,,,,,,,,,,,,,,,,,,Hausnummer?,,,Gebäudegeometrie nach Augenschein. Bitte ggf. korrigieren.,,
way,991775659,veterinary,,AniCura Tierklinik Trier GbR,"POLYGON ((6.6319193 49.7247537, 6.6318939 49.7248307, 6.6315894 49.7247889, 6.6316148 49.7247118, 6.6316285 49.7247137, 6.6316358 49.7246397, 6.6316413 49.7245842, 6.6317744 49.7245897, 6.6317603 49.7247318, 6.6319193 49.7247537))",,,,,,,,,Tierklinik Trier,"Mo-Fr 09:00-12:00,14:00-18:00; We 09:00-12:00; PH closed",http://tierklinik-trier.de,"[4916816806, 4916816807, 4916816808, 4916816805, 4916816802, 9163325549, 4916816804, 4916816803, 4916816801, 4916816806]",commercial,,,,,,,,+49 651 938660,,,,,,+49 651 938666,,,,,,,,,,,info@tierklinik-trier.de,,,,,,,,,
way,1018557059,,,,"POLYGON ((6.6373579 49.7534184, 6.6373714 49.753454, 6.6374246 49.7534532, 6.6376361 49.7534526, 6.6376807 49.7534515, 6.637674 49.753417, 6.6373579 49.7534184))",,flat,,,,,,,,,,"[1402352051, 1402352087, 4577647233, 9394676836, 9394676835, 9394676834, 1402352051]",commercial,,,,,1,,,,,,,,,,,,,,,,,,,,,,,,,,,,,
way,1106419567,,,,"POLYGON ((6.6313191 49.7265007, 6.6314918 49.7264955, 6.6314815 49.7263596, 6.6313078 49.726331, 6.631318 49.7264852, 6.6313191 49.7265007))",,,,,,,,,,,,"[1729098156, 10124703179, 1729097907, 1729098131, 10124703178, 1729098156]",commercial,,,,,,,,,,,,,,,,,,,,,,,,,,,,,,,,,,
way,1106419568,,,,"POLYGON ((6.6314815 49.7263596, 6.6314918 49.7264955, 6.6314982 49.7265837, 6.6315915 49.7265768, 6.6315881 49.7263731, 6.6314815 49.7263596))",,,,,,,,,,,,"[1729097907, 10124703179, 1729098349, 1729098334, 1729098016, 1729097907]",commercial,,,,,,,,,,,,,,,,,,,,,,,,,,,,,,,,,,
way,1164403761,,,,"POLYGON ((6.6027293 49.7237459, 6.6023229 49.7234643, 6.6030379 49.7230159, 6.6029388 49.7229541, 6.6033351 49.7227024, 6.6038483 49.7230479, 6.6037526 49.7231095, 6.6027293 49.7237459))",,flat,Trier,DE,27,54294,Niederkircher Straße,winery,Schloss Wachenheim,,,"[1639461512, 10829179504, 10829445505, 10829445506, 10829445507, 10829445508, 10829445509, 1639461512]",commercial,,,,,6,,,,,Euren,+49 651 99880,,,,,,,,,,,,,,,,,,,,,,,
relation,4639363,,,,"POLYGON ((6.6493381 49.7564598, 6.6493758 49.7564438, 6.6493874 49.7564678, 6.6493552 49.7564811, 6.6495529 49.7566912, 6.6495249 49.7567074, 6.6497926 49.756965, 6.6498165 49.7569604, 6.6499353 49.7570835, 6.6507897 49.7567428, 6.6511719 49.7565945, 6.6512771 49.7565521, 6.6513141 49.7565372, 6.6508998 49.7560949, 6.6508701 49.7560632, 6.6507607 49.7560555, 6.650661 49.7560491, 6.6505814 49.756041, 6.6502764 49.7560141, 6.6502093 49.7560062, 6.6501861 49.7560035, 6.6501302 49.7560273, 6.6500812 49.7560453, 6.6500095 49.7560767, 6.6499221 49.7560982, 6.6498282 49.7561087, 6.6497327 49.7561091, 6.6496664 49.7561128, 6.6496164 49.756121, 6.6495763 49.7561279, 6.6495385 49.7561409, 6.6494705 49.7561665, 6.6493992 49.7561955, 6.6493033 49.7562329, 6.6493109 49.7562416, 6.6493581 49.7562964, 6.6492973 49.7563193, 6.6492336 49.7563435, 6.6493381 49.7564598), (6.6495252 49.7563331, 6.6498013 49.7562267, 6.6499102 49.7563446, 6.6496341 49.756451, 6.6495252 49.7563331))",,flat,,,,,,,,,,"[[[303036777, 638967824, 1403855999, 5058811149, 5058811150, 5058811151, 5058811156, 5058811157, 5058811152, 303036778, 638973290, 638973291, 6022872550, 4682652969, 6321572909, 303036780, 1403855944, 1403855940, 1403855938, 1403855935, 3352366581, 303036781, 638967806, 1403855945, 1403855951, 638967807, 638967808, 638967809, 1403855957, 1403855962, 638967810, 638967811, 1403855970, 638967814, 638967821, 3352366573, 638967822, 638967823, 303036777], [3378380378, 3378380376, 3378380375, 3378380377, 3378380378]]]",commercial,,,,,4,,,,,,,,,,,,,,,,,,,,,,,,,,,,"[27596575, 330834176]",multipolygon
relation,11599968,,,,"POLYGON ((6.6771458 49.7739437, 6.676875 49.7738952, 6.6767866 49.7739294, 6.676413 49.7748, 6.6767522 49.7748607, 6.6771458 49.7739437), (6.6767282 49.7746537, 6.6766921 49.7747339, 6.6765629 49.7747096, 6.676599 49.7746294, 6.6767282 49.7746537), (6.6766976 49.7744804, 6.676759 49.7744921, 6.6767316 49.7745521, 6.6766702 49.7745403, 6.6766976 49.7744804))",,,Trier,,15,54292,Loebstraße,,,,,"[[[7890876402, 7890876401, 7890876400, 7890876399, 7890876402], [7890876398, 7890876397, 7890876396, 7890876395, 7890876398], [1635678258, 1635678283, 7890876403, 1635678066, 1635678064, 1635678258]]]",commercial,,,,,,,,,,,,,,,,,,,,,,,,,,,,,,,,,"[845791364, 845791363, 150679788]",multipolygon
